{"type":"Topology","arcs":[[[39580,800],[56,-87],[7,-162],[44,-63],[-2,-74],[30,-68],[-53,-112],[-7,-153],[-69,20],[-25,-101],[-46,15],[6,65],[-54,101],[9,32],[-88,181],[-90,94],[17,207],[16,29],[74,-5],[33,40],[87,4],[55,37]],[[39375,1139],[11,-62],[54,-46],[-49,-107],[-70,-42],[-48,-71],[-29,46],[5,168],[60,5],[50,45],[16,64]],[[38863,2111],[42,-26],[-12,-51],[89,-65],[23,-75],[-119,16],[-63,-22],[-61,75],[-10,47],[40,84],[71,17]],[[39120,2118],[52,-58],[-14,-105],[-103,93],[65,70]],[[38471,2663],[23,-12],[-26,-106],[43,-67],[62,-30],[-24,-48],[-98,51],[-44,71],[12,117],[52,24]],[[39089,2459],[25,-56],[-63,-89],[68,-93],[-100,-54],[-37,110],[-9,86],[116,96]],[[37949,4144],[44,-47],[18,-126],[-29,-25],[-123,1],[-19,36],[3,113],[68,1],[38,47]],[[37934,9255],[18,-9],[28,13],[31,-20],[64,-4],[17,-58],[-45,-99],[3,-55],[-51,-9],[-51,-139],[-38,-31],[-38,64],[46,165],[16,182]],[[37860,9141],[46,-21],[-23,-81],[-39,25],[16,77]],[[38120,10264],[41,-52],[40,-125],[-29,-47],[65,-105],[-32,-184],[29,-127],[-52,-137],[-68,-33],[-106,-11],[16,-47],[62,-61],[-1,-75],[-71,-18],[-35,21],[-22,-15],[-36,20],[-26,-37],[-54,8],[-30,59],[-4,142],[16,120],[-22,37],[23,68],[-6,67],[60,119],[-22,50],[18,44],[-31,106],[4,65],[105,105],[50,9],[4,-13],[5,-5],[6,2],[9,9],[5,-10],[-5,-11],[3,-5],[4,-1],[45,10],[42,58]],[[37805,10387],[36,-19],[-1,-173],[-47,-96],[-59,50],[45,157],[-16,36],[42,45]],[[38320,11354],[22,-74],[-13,-181],[66,-126],[-61,-30],[-56,50],[-36,-31],[120,-130],[-39,-130],[5,-146],[-49,-104],[-57,-25],[-78,68],[-15,-116],[-42,-20],[-32,-116],[22,-33],[-24,-8],[-24,-3],[3,15],[-2,10],[-6,0],[-13,-9],[-4,3],[-5,14],[-47,30],[12,41],[-16,121],[8,129],[54,207],[-8,190],[29,135],[60,35],[-17,72],[87,48],[-18,58],[72,13],[102,43]],[[37534,6900],[58,-58],[8,-96],[37,-29],[-8,-74],[22,-107],[-68,-68],[-13,-74],[39,-24],[-58,-100],[-51,-12],[-57,41],[-67,19],[-15,58],[18,54],[-57,99],[-3,147],[56,55],[60,110],[99,59]],[[37723,7922],[39,-34],[26,-89],[-33,-69],[41,-41],[-82,-40],[-59,1],[-19,89],[55,8],[-18,89],[15,65],[35,21]],[[37071,8058],[64,-3],[19,-90],[-22,-31],[-74,29],[13,95]],[[38230,8797],[54,-58],[72,-162],[-48,-4],[-97,134],[-45,41],[64,49]],[[37813,9128],[17,-97],[69,1],[-34,-153],[62,-89],[-55,-10],[-37,-124],[111,-51],[0,-60],[-51,-278],[-81,-35],[83,-52],[-5,-92],[-39,-156],[-94,-20],[-31,30],[-7,64],[-57,80],[11,44],[-32,60],[-6,78],[-55,6],[-5,158],[-55,53],[20,79],[60,80],[33,-93],[38,-27],[3,225],[19,90],[-3,70],[59,188],[62,31]],[[38263,8917],[-1,-106],[-48,47],[-3,58],[52,1]],[[38315,8991],[11,-152],[-42,25],[0,53],[-69,26],[-1,46],[101,2]],[[38385,9088],[21,-28],[7,-155],[-38,-4],[-45,60],[55,127]],[[39604,9231],[28,-99],[-84,14],[-12,93],[68,-8]],[[14851,11962],[-19,-29],[7,-38],[16,-9],[9,-29],[-89,-106],[-63,-11],[-51,-67],[-39,27],[-86,-29],[-51,-49],[-83,-40],[-74,-6],[-5,-43],[-41,-3]],[[14282,11530],[20,113],[-18,70],[-65,23],[27,51],[-83,2],[-32,22],[-49,-31],[-20,53],[-88,-30],[-16,91],[-73,-63],[-82,5],[35,-73],[7,-101],[-110,10],[-54,-36],[-39,50],[-36,-61],[-30,28],[-36,101],[57,67],[46,126],[-72,51],[8,42],[-97,68],[23,105]],[[13505,12213],[-5,44],[-91,32],[12,46],[103,28],[95,-5]],[[13619,12358],[2,-14],[-12,-61],[16,-124],[103,-25],[47,7],[20,-74],[57,18],[166,-3],[54,30],[46,-123],[7,-91],[109,-3],[-50,132],[-4,56],[-89,26],[19,51],[53,30],[35,53],[-29,43],[20,60],[114,-2],[72,13],[-31,93],[15,55],[-89,82],[-73,32],[-30,-57],[40,-58],[21,-72],[0,-23],[-48,-19],[-38,86],[0,43],[-80,8],[-43,4],[3,91],[-56,-27],[-75,-1],[-38,27],[-48,10],[-13,-10],[-31,-71],[-3,-110],[-54,-21],[-39,51],[-26,1],[-45,-15]],[[13594,12456],[-102,15],[-20,53],[39,36],[-11,19],[-68,23],[-30,46],[6,73],[139,146],[-103,10],[-66,-16],[-31,58],[-68,31],[-60,114],[16,129],[42,102],[-28,74],[83,9],[41,177],[6,122],[-155,10],[-11,21]],[[13213,13708],[37,86],[-13,51],[38,43],[98,-57],[25,-46],[57,3],[82,-29],[52,27],[71,-1],[50,-48],[47,47],[28,109],[39,63]],[[13824,13956],[61,36],[148,-47],[42,75],[48,0],[21,76],[134,-2],[48,-20],[66,24],[85,-58],[124,73],[107,-105],[29,-69],[55,-34],[10,-6],[39,61],[89,-11],[18,69],[24,1],[35,-42],[66,8],[86,-69],[-16,-63],[7,-86],[40,-42],[148,-73],[4,-19]],[[15342,13633],[-1,-8],[-38,-22],[-30,-90],[27,-29],[-94,-131],[94,-138],[41,-17],[-25,-99],[-47,1],[-29,-78],[-48,-67],[-92,4],[14,-66],[238,-213],[101,-52],[44,-46],[112,-39],[165,-21],[-24,-120],[23,-69],[61,-89],[-28,-53],[-6,-97],[35,-49]],[[15835,12045],[-59,-27],[-62,-61],[-24,23],[-60,-58],[-86,-47],[-48,-68],[25,-89],[-50,-29],[-158,10]],[[15313,11699],[-19,127],[-100,56],[-5,-57],[-81,15],[-57,-54],[-10,70],[56,37],[-26,94],[-64,-85],[-50,54],[-106,6]],[[15835,12045],[12,-69],[54,12],[57,51],[58,-12],[23,-42],[-15,-79],[104,-20],[-17,-51],[122,30],[65,-96],[51,83],[128,30],[228,-17],[77,-16],[31,-49],[76,19],[104,-84],[-40,-28],[54,-60],[105,1],[24,-57],[120,59],[95,33],[16,37],[-35,98],[10,49]],[[17342,11867],[57,34],[166,15],[51,-57],[19,-70],[55,-14],[18,148],[76,-36],[3,-71],[59,-16],[29,101],[33,23],[54,-118],[48,20],[11,-30],[-13,-106],[-37,-28],[29,-99],[119,0],[39,-33],[-2,-70],[113,-118],[-7,-65]],[[18262,11277],[-19,2],[-34,-109],[-51,-14],[2,-55],[-48,-23],[33,-50],[-43,-64],[-115,-54],[-79,1],[-31,-37],[-90,-27],[95,-62],[-60,-56],[-113,68],[-4,77],[-104,-24],[-55,-30],[-46,103],[-125,22],[-58,-4],[-65,-32],[72,-27],[-22,-82],[21,-88],[-56,0],[-57,-36],[4,-63],[-118,-7]],[[17096,10606],[-73,23],[-51,-75],[-35,-123],[-28,-14],[-74,28],[-55,-17],[-24,40],[-114,64],[-52,-22],[-224,20],[-84,-50],[-67,18],[-14,-86],[-66,22],[-47,-73],[8,-91],[-52,-135],[-18,-119],[-53,-64],[10,-52],[-43,-29],[-103,-29],[3,-75],[-92,-7],[-4,0]],[[15744,9760],[-3,0],[-42,-2],[-120,68],[-40,65],[-68,19],[13,28],[-13,54]],[[15471,9992],[33,100],[-1,58],[95,0],[21,75],[45,60],[50,-55],[61,-11],[8,133],[54,-9],[-12,104],[84,45],[7,112],[46,53],[47,8],[-14,128],[11,64],[-102,9],[-100,36],[-11,31],[-114,63],[25,60],[-14,102],[8,71],[47,119],[-27,25],[-105,4],[-97,-16],[-63,13],[-31,-43]],[[15422,11331],[-8,0],[-5,13],[21,87],[-59,54],[-117,3],[46,100],[-38,39],[51,72]],[[21701,16553],[27,5],[106,20],[-41,-90],[2,-51],[-91,43],[-3,73]],[[21769,16607],[-127,-7],[40,-45]],[[21682,16555],[21,-84],[61,-82],[-20,-57],[-96,-33],[-233,-124],[-198,-114],[-140,-34],[-208,-107],[-13,16]],[[20856,15936],[4,61],[-26,119],[70,-4],[64,72],[93,75],[22,152],[-34,68],[-71,83],[-21,99],[-57,80],[8,88],[-39,119],[20,106],[-23,116],[-83,125],[-36,137],[15,158],[-64,62],[-16,71],[-62,85],[-52,18],[-40,60]],[[20528,17886],[5,82],[34,50],[1,5],[-33,29],[105,163],[17,72],[64,53],[79,7],[85,87],[100,42],[-56,82]],[[20929,18558],[66,71],[208,80],[58,36]],[[21261,18745],[76,-129],[-43,-85],[27,-50],[-2,-23],[-42,15],[-39,-52],[-59,-19],[-57,-47],[-32,-58],[128,-7],[48,44],[50,-13],[20,-122],[-42,-85],[96,3],[96,27],[54,-65],[55,23],[29,15],[78,-26],[81,-59],[26,5],[-4,-132],[118,-65],[69,25],[1,42],[161,-7],[58,-56],[8,-21],[-21,-39],[-49,-56],[-7,-23],[15,-38],[-1,-26],[-62,-102],[25,-29]],[[22120,17510],[11,-30],[-92,-69],[-120,-114],[-150,-160],[-52,-148],[-31,-36],[13,-63],[95,-69],[61,-11],[-27,-152],[-59,-51]],[[19465,14956],[3,53],[-39,161],[-114,33],[-105,-4],[-119,-28],[-214,-96],[-8,59]],[[18869,15134],[30,50],[-11,57],[-60,-32],[-42,155],[36,42],[-148,71],[-112,-37],[-126,22],[-77,-59],[-73,178],[-62,-1],[-22,40],[-192,39],[-14,-37],[85,-103],[-76,-89],[51,-31],[30,-70],[-57,-74],[-120,35],[-65,-74],[-12,-120],[-85,124],[-64,36],[-148,58],[-10,86],[35,25],[-40,201],[28,92],[-30,180],[-35,22],[-53,-27],[-53,15],[-147,-113],[-40,6],[-181,-108],[-6,69],[-33,12]],[[16970,15774],[51,46],[4,144],[-25,43]],[[17000,16007],[12,126],[26,34],[-9,101],[55,71],[104,28],[144,6],[37,45],[72,35],[61,2],[97,53],[74,-2],[54,47],[62,4],[80,61],[55,-65],[79,13],[45,-81],[80,-28],[75,100],[87,88],[34,114]],[[18324,16759],[14,16],[36,5],[29,-36],[29,-95],[-3,-154],[125,-67],[141,4],[254,-49],[249,-163],[143,-196],[110,-163],[64,-184],[27,-53],[15,-93],[36,-105],[6,-168],[-84,-174],[-20,-85],[-30,-43]],[[18324,16759],[-56,64],[-64,18],[83,170]],[[18287,17011],[65,37],[71,-3],[74,99],[21,-45],[62,-26],[41,14],[60,-91],[28,-142],[65,-34],[18,-66],[70,52],[53,-45],[6,-42],[164,-45],[63,42],[-76,61],[16,74],[34,8],[-4,88],[-81,39],[-63,-3],[-22,-45],[-53,39],[-130,43],[44,54],[3,19],[-33,70],[43,35],[9,-39],[70,-62],[59,66],[18,75],[99,61],[107,-47],[84,-68],[214,-52],[55,22]],[[19541,17154],[77,7],[40,1],[33,-39],[-34,-83],[-4,-74],[152,-249],[-38,-57],[-34,-138],[28,-200],[271,104],[54,-76],[69,46],[30,102],[30,37],[45,-19],[-14,-90],[43,-31],[-20,-153],[48,-8],[1,-59],[56,-69],[72,-25],[71,-56],[86,1],[31,-46]],[[20634,15980],[-37,20],[-232,-27],[-163,-81],[-68,-73],[-58,-123],[-25,-121],[-74,-142],[7,-74],[-89,-73],[-146,-181],[29,-75],[-17,-41],[-107,-46],[-145,-25],[-44,38]],[[13824,13956],[18,62],[-36,82],[10,113],[-50,7],[-9,62],[-62,-13],[-48,66],[-17,127],[-88,93],[87,15],[1,215],[84,39],[-9,64],[-44,57],[26,163],[-55,4],[-6,7]],[[13626,15119],[-4,4],[85,129],[42,25],[118,43],[105,12],[162,-23],[34,-17],[78,15],[128,-36]],[[14374,15271],[96,-14],[54,-1],[51,-48],[68,-15],[50,21],[128,-35],[87,17],[50,33],[62,-32],[114,-29],[58,65],[37,-89],[58,-28],[38,35],[60,0],[24,86],[97,61],[39,163],[74,-9],[37,39],[101,47],[70,0],[148,-41],[87,67],[51,-9],[77,-85],[42,-23],[62,-9],[33,4],[50,38],[21,27],[28,53],[-11,96],[37,11],[25,-80],[44,-21],[19,18]],[[16540,15584],[19,-76],[-19,-117],[-30,-59],[-106,-95],[-31,-54],[-33,-230],[-28,-123],[10,-219],[-10,-210],[-36,-88],[-12,-187],[28,-99],[13,6]],[[16305,14033],[-15,-135],[4,-111],[-66,-28],[-2,-94],[-51,-47],[-76,-22],[-50,42],[-50,-34],[-56,46],[-19,184],[-42,-48],[-100,-5],[-26,-117],[-90,42],[8,65],[54,43],[-152,32],[-14,-67],[-60,-54],[-33,-87],[-59,18],[-35,-3],[-33,-20]],[[17342,11867],[23,93],[-6,65],[-33,58],[28,149],[-19,34],[-23,147],[7,54],[-23,80],[-133,223],[-15,66],[-42,26],[-25,72],[-58,100],[-82,44],[-22,105],[13,61],[-52,124],[-32,129],[-44,45],[-34,131],[7,140]],[[16777,13813],[21,51],[64,28],[104,-24],[88,34],[76,-26],[20,38],[65,-49],[38,4],[44,-44],[133,-13],[81,-53],[16,33],[279,-19],[57,49],[37,-9],[-35,-134],[117,-36],[82,86],[106,17],[31,-48],[62,47],[36,8]],[[18299,13753],[47,-207],[7,-123],[35,-113],[52,-86],[42,-138],[41,-37],[-29,-125],[-15,-252],[-49,-148],[-18,-137],[5,-114],[24,-134],[81,-205],[72,-164],[12,-66],[-31,-184],[15,-89],[34,-93],[-116,177],[-54,61],[-24,-150],[-54,69],[-51,-40],[-30,-69],[104,-134]],[[18399,11252],[-2,-10],[-45,40],[-83,-8],[-7,3]],[[18869,15134],[8,-59],[-137,-93],[-102,-121],[-55,-123],[-19,-114],[-38,-112],[-138,-194],[-44,-159],[9,-57],[-62,-208],[8,-141]],[[16777,13813],[-28,146],[16,57],[-163,6],[-60,28],[-155,20],[-63,-17],[-19,-20]],[[16540,15584],[13,22],[-21,115],[173,89],[174,-13],[91,-23]],[[23827,18903],[-40,27],[-60,117],[-5,51],[-86,24],[7,64],[-131,55],[-16,55],[23,66],[-48,50],[33,39],[192,-13],[52,52],[-5,15],[-42,57],[72,24],[-5,71],[-134,-5],[34,102],[6,84],[-15,80],[76,61],[155,82],[97,-49],[34,83],[83,14],[-7,48],[-63,81]],[[24034,20238],[10,4],[-56,133],[42,25],[31,15]],[[24061,20415],[83,-200],[3,-61],[40,-55],[58,-3],[50,-33],[104,12],[63,-34],[27,-53],[98,2],[135,57],[45,-23],[59,29],[74,2],[19,68],[77,88],[24,8],[9,79],[29,65],[-10,10]],[[25048,20373],[-3,2],[70,-5],[10,45],[49,49],[68,16],[31,-20],[7,-27],[64,96],[-16,68],[80,8],[6,58],[64,-22],[-20,-40],[6,-18]],[[25464,20583],[98,-63],[-114,-164],[-151,-166],[-55,-135],[-80,-68],[-94,-119],[0,-26],[-98,-97],[-33,-82],[-111,-94],[-127,-123],[-115,-143],[4,-43],[-93,-65],[-309,-160],[-131,-54],[-193,-120],[-35,42]],[[21261,18745],[79,87],[54,-22],[51,13],[110,-18],[21,-52],[99,-51],[39,11],[-14,80],[121,21],[-5,159],[-42,88],[32,35],[16,83],[46,8],[40,59],[-73,26],[60,84],[-36,62],[105,126]],[[21964,19544],[81,50],[64,-19],[20,-159],[97,-62],[3,-9],[-17,-77],[-1,-105],[66,-47],[51,104],[51,9],[107,58],[26,38],[-12,110],[35,32],[142,-78],[18,-61],[113,-1],[25,33],[69,-9],[44,33],[0,6]],[[22946,19390],[6,-86],[38,15],[81,-30],[28,-53],[62,40],[16,-59],[69,-39],[2,-61],[7,-22],[-4,-14],[-109,-36],[-15,22],[-139,6],[20,-55],[59,-41],[-79,-35],[0,-53],[-67,-25],[-89,-144],[14,-53],[148,-62],[60,-146],[87,1],[47,40],[4,128],[119,63],[6,64],[69,58],[76,-20],[13,-96],[-27,-31],[-23,-93],[22,-15],[46,63],[80,-13]],[[23573,18608],[-27,-60],[-54,-50],[-14,-79],[-81,-82],[-21,-60],[-75,-83],[-97,-85],[8,-20],[-117,-85],[-77,-23],[-153,-73],[-28,-48],[-395,-189],[-289,-175],[-33,14]],[[23827,18903],[35,-42],[-146,-107],[-54,-103],[-89,-43]],[[22946,19390],[-10,10],[1,49],[-67,32],[55,50],[56,92],[-57,4],[-67,89],[6,84],[61,25],[41,85],[85,112],[81,-47],[52,36],[72,-14],[21,54],[124,30],[59,75],[20,11],[-8,10],[-32,13],[1,4],[-18,17],[-42,69],[22,44],[-28,-30],[-22,-31],[-16,28],[-8,55],[34,67],[9,4]],[[23371,20417],[22,0],[83,-22],[52,-81],[30,20],[-1,14],[20,54],[-23,116],[116,-69],[107,107],[-15,46],[40,47],[4,8],[52,-131],[107,-165],[30,-96],[27,-19],[12,-8]],[[20856,15936],[-41,22],[-181,22]],[[19541,17154],[-5,101],[23,58],[60,-6],[-6,98],[39,6],[84,-43],[274,89],[15,121],[28,37],[118,-13],[89,118],[94,-59],[86,44],[48,63],[32,49],[8,69]],[[44291,34771],[-177,44],[-22,-44],[-64,52],[-61,12]],[[43967,34835],[-89,36],[-20,41],[36,48],[-42,60],[34,49],[-32,90],[-43,-7],[-117,87],[-122,14],[-93,140],[-128,107],[-23,49],[84,66],[12,90],[-58,86],[-4,52],[61,100],[-9,44],[-27,19],[-18,19]],[[43369,36025],[0,1],[19,18]],[[43388,36044],[85,10],[44,-83],[37,11],[14,68],[40,46],[81,-2],[106,75],[132,4],[133,-73],[36,-79],[80,-12],[112,31],[42,-68],[109,-48],[75,63],[73,26],[51,-22],[67,-90],[85,-4],[26,-41],[63,2],[143,-85],[-4,-42],[-64,-62],[13,-73],[-42,-82],[84,-3],[50,-57],[-32,-80],[1,-113],[-21,-55],[-87,75],[-80,-35],[-149,-144],[-89,-49],[-9,-72],[-45,16],[-80,-32],[-57,-114],[-76,-27],[-44,-53]],[[44291,34771],[-2,-51],[59,-106],[-40,-112],[83,-79],[5,-48],[53,-94],[140,-137],[2,-44],[84,-72],[34,-69],[-39,-57],[-58,31],[-71,-17],[-50,51],[-103,52],[-70,4],[-80,41],[40,80],[-57,54],[-9,43],[-73,81],[-95,16],[-185,14],[-31,-47],[-108,-77],[-47,19],[-103,0],[-132,-35],[-57,22],[-50,-37],[-68,9],[-306,-148],[-30,-69],[-58,-74],[-34,-70],[-123,-80],[-96,3],[-84,-97],[-9,-93],[-37,-34],[-66,24]],[[42420,33568],[14,69],[-20,68],[-58,10],[-22,60],[33,61],[-17,61],[38,42],[7,89],[-43,35],[-11,63]],[[42341,34126],[73,34],[272,61],[42,-51],[16,1],[13,46],[87,42],[80,98],[-57,100],[-69,18],[-78,-4],[-4,143],[2,39]],[[42718,34653],[186,21],[97,78],[73,16]],[[43074,34768],[26,6],[153,-85],[99,-21],[60,40],[69,109],[110,12],[117,-25],[72,34],[47,-5],[68,-43],[72,45]],[[41779,37161],[46,7],[166,-48],[68,5],[49,66],[16,106],[78,-19],[-14,142],[74,7],[20,73],[50,-22],[148,89],[78,90],[29,-33],[68,29],[62,63],[118,-15],[152,126],[38,8],[108,-106],[55,-92],[-4,-58],[79,-110],[90,-13],[31,39],[96,41],[27,-45],[-71,-143],[-133,-18],[-66,-36],[-27,-54],[-47,-31],[-30,-57],[54,-108],[-62,-85],[33,-52],[95,39],[101,115],[82,56],[138,9],[138,70],[-74,-143],[15,-47],[52,-1],[27,-73],[-2,-62],[110,-143],[11,-55],[-46,-72],[-83,-17],[-95,-45],[38,-68],[-145,-136],[-51,2]],[[43469,36336],[-333,152],[-218,-6],[-103,-16],[-109,-51],[-130,-7],[-56,-22],[-159,51],[-38,48],[-110,92],[-224,61],[-31,-1]],[[41958,36637],[-55,127],[-46,42],[-12,71],[18,55],[-6,18],[-38,44],[-55,-17],[-32,90],[50,47],[-3,47]],[[38691,34723],[21,-11],[23,-15],[34,-21],[14,-23],[-47,-54],[46,-126],[62,-53],[3,-67],[-127,-70],[8,-65],[-107,-66],[-6,-79],[89,7],[47,-59],[-100,-30],[-49,-63],[92,-21],[62,-40],[41,-66],[1,-65],[78,-72]],[[38876,33664],[-66,6],[-125,-12],[-128,-29],[-254,-37],[-157,79],[-2,35],[-68,38],[-159,42],[-86,-11],[-84,20],[-13,-23],[-17,-10]],[[37717,33762],[-6,11],[-59,48],[-11,44],[27,102],[168,59],[51,33],[102,-29],[129,50],[-18,127],[-63,8],[-59,64],[19,136],[-25,16],[13,146],[-36,79],[-111,3],[-110,-35],[9,84],[105,89],[43,-29],[28,41],[106,-2],[27,4],[55,-45],[95,-73],[52,-23],[69,67],[24,65],[54,14],[91,100],[16,46],[91,5]],[[38593,34967],[-7,-21],[31,-24],[-38,-59],[45,-50],[27,-80],[40,-10]],[[42155,35200],[-204,-66],[-104,48],[-509,-166],[-159,-48],[-35,-5]],[[41144,34963],[-4,4],[3,21],[5,22],[83,138],[12,71],[50,152],[-109,52],[67,63],[-46,44],[76,87],[-63,50],[9,62],[-37,51],[71,23],[-22,89],[-47,86],[-35,112],[-164,17],[-18,72],[-2,18],[8,84],[5,12]],[[40986,36293],[0,4],[125,25],[59,-49],[75,24],[40,35],[70,-97],[84,15],[78,-58],[-2,-82],[-45,-50],[74,-103],[-18,-76],[5,-106],[76,-43],[53,-85],[133,46],[42,74],[43,8],[2,77],[61,12],[28,33],[21,32]],[[41990,35929],[3,1],[38,-3],[39,-59],[110,6],[50,-46],[-6,-144],[15,-61],[-17,-160],[-92,-148],[25,-115]],[[38593,34967],[21,31],[23,62],[-62,83],[-13,-3],[-21,-39],[-122,-18],[-36,31],[-92,-17],[-71,12],[-55,81],[-1,75],[-110,61],[-111,-10],[-82,44]],[[37861,35360],[10,20],[-68,98],[-50,24],[26,92],[159,109],[67,-19],[106,54],[27,51],[80,44],[55,-51],[52,54],[-18,61],[113,12],[45,33],[107,-15],[40,29]],[[38612,35956],[37,43],[58,7],[17,-41],[66,22],[36,-16],[84,-92],[27,-14],[33,-13],[24,3],[11,12],[148,-42],[60,27],[30,60],[78,23],[22,-17],[109,-81],[115,-39],[11,-52],[71,-132],[-60,-75],[89,-94]],[[39678,35445],[-64,-6],[-41,-36],[-34,-73],[-14,-81],[-57,-24],[-134,-12],[-83,-101],[-93,-32],[-75,-61],[-11,-44],[-56,-45],[-83,-12],[-56,-117]],[[38877,34801],[-96,-5],[-90,-73]],[[43074,34768],[-4,10],[-11,4],[-86,-19],[-104,38],[-24,70],[-10,104],[-121,19],[-12,25],[-86,-30],[-32,-47],[-15,-13],[-21,-5]],[[42548,34924],[-1,7],[16,63],[65,85],[78,51],[102,117],[24,28],[35,70]],[[42867,35345],[24,19],[3,99],[0,30],[-21,33],[70,96],[37,83],[0,23],[85,-6],[58,-33],[75,61],[61,54],[12,1],[27,-3],[-27,103],[81,75],[9,37],[8,8]],[[41931,33917],[-5,-3],[14,-13]],[[41940,33901],[22,-72],[-38,-41],[29,-38],[-36,-147],[4,-14],[9,-41],[94,-69],[97,31],[98,50],[12,-106]],[[42231,33454],[-51,-4],[-76,-127],[-27,-8],[-65,-89],[-119,-32],[-68,-36],[-100,50]],[[41725,33208],[-33,82],[39,86],[-54,41],[-34,89],[70,35],[-53,173],[0,89]],[[41660,33803],[81,-21],[95,84],[60,40],[28,13],[7,-2]],[[42867,35345],[-234,15],[-339,-33],[-97,-74],[-42,-53]],[[41990,35929],[0,0],[-18,-2],[-18,-11],[-16,19],[-10,62],[-47,15],[-3,185],[45,25],[68,96],[-43,34],[-26,93],[-13,116],[49,76]],[[43469,36336],[-67,-55],[65,-43],[-39,-58],[-103,-76],[63,-60]],[[39678,35445],[54,-80],[65,-6],[36,-32],[88,-28],[-12,-116],[56,-16],[81,11],[66,-49],[3,-42],[99,-6],[74,-40],[18,-16]],[[40306,35025],[-6,-9],[-5,-39],[19,-70],[-141,-109],[-32,-49]],[[40141,34749],[24,-59],[46,-30],[10,-50],[-5,-7]],[[40216,34603],[-58,-27],[-17,-15]],[[40141,34561],[-15,31],[-74,-6],[-77,-66],[-55,-11],[-115,34],[-151,-5],[-102,-131],[10,-70],[-75,-57],[-201,3],[-65,25],[-23,72],[-54,72],[29,39],[80,45],[-141,167],[-25,66],[-111,4],[-38,28],[-61,0]],[[42718,34653],[-29,-1],[-99,92],[5,68],[-34,20],[-10,65],[1,9],[-4,18]],[[40141,34561],[-78,-53],[-114,-103],[-39,-68],[-94,-48],[-153,-156],[-52,-71],[-91,-78],[44,-123],[-70,-39],[-21,-3],[-111,-82],[-12,-15]],[[39350,33722],[-35,-39],[-141,-31],[-179,-23],[-31,26],[-88,9]],[[37218,35028],[-57,-169],[-73,-97],[-151,-89],[-62,-62],[-128,-77]],[[36747,34534],[-106,-37],[-29,26],[-79,-8],[-37,26],[-125,-35],[-58,6],[-54,62],[-66,-36],[-89,99],[-42,67],[11,128],[84,64],[27,114],[-17,60],[-43,33],[-50,-15],[-31,59],[177,11],[62,-72],[95,-20],[82,15],[56,-122],[28,-25],[102,11],[60,69],[111,-18],[155,130],[68,33],[104,-5],[26,-77],[49,-49]],[[42420,33568],[-39,5],[-44,-53],[-35,-87],[-71,21]],[[41940,33901],[67,48],[58,8],[16,91],[-15,32],[44,61],[6,4]],[[42116,34145],[24,10],[44,27],[85,-69],[27,4],[45,9]],[[40986,36293],[-1,0],[-27,32],[-15,217],[-134,89],[-69,83],[-113,11],[-47,61],[-146,95],[-67,97],[-121,78],[-82,19],[-83,0]],[[40081,37075],[66,129],[128,110],[81,0],[34,66],[91,61],[98,-17],[97,21],[25,77],[57,43],[27,79],[75,-34],[138,-125],[49,-72],[0,-75],[75,30],[111,-34],[76,-4],[46,22],[65,-35],[90,-14],[24,-38],[98,-21],[113,3],[-1,-69],[35,-17]],[[38612,35956],[18,109],[-63,42],[59,87],[73,44],[45,103],[-8,55],[50,57],[122,32],[52,39],[33,-40],[44,53],[45,-38],[127,-9],[193,56],[67,-35],[106,65],[117,-62],[62,71]],[[39754,36585],[87,-77],[-26,-146],[167,-94],[9,-76],[57,-66],[51,-11],[45,12],[43,17],[103,-49],[1,-69],[91,-37],[55,-42],[-44,-55],[26,-49],[-34,-36],[-2,-54],[36,-116],[-7,-34],[34,-87],[91,-33],[71,-56],[29,-49],[9,-87],[26,-39],[59,-33],[4,-32],[-28,-25],[-206,-55],[-90,-48],[-81,-61],[-24,27]],[[37725,33748],[1,-38],[-93,-42],[-124,8],[-91,-11],[-71,-57],[-55,11]],[[37292,33619],[-17,5],[-152,-39],[-92,-36],[-127,3]],[[36904,33552],[15,109],[-61,128],[-60,28],[-31,96],[4,99],[37,25],[57,142],[58,23],[-91,70],[-29,60],[17,66],[-73,136]],[[37218,35028],[98,28],[53,46],[46,-37],[75,60],[105,-26],[69,94],[98,38],[99,129]],[[37717,33762],[8,-14]],[[41144,34963],[8,-5],[-27,-43],[-82,-21],[-82,-58],[-68,7],[-90,-61],[-75,-13],[-141,-76],[-72,-11],[-50,51],[-82,-41],[-123,25],[-82,68],[-37,-36]],[[39754,36585],[13,64],[51,40],[-25,38],[15,72],[54,20],[75,87],[118,82],[26,87]],[[36391,32890],[-50,6],[-56,-63],[-75,15],[-31,44],[-2,28],[-65,33],[-5,31],[-1,6],[-1,0]],[[36105,32990],[-5,18],[-58,19],[-86,-77],[-41,80],[-103,-83],[-78,-14],[-38,-48],[-38,1],[-19,19],[3,69],[18,21],[0,40],[-10,-2],[-13,-8]],[[35637,33025],[0,0],[-2,7],[-134,21],[-92,101],[6,-133],[-66,-89],[-87,65],[-81,-25],[-90,-8],[-38,82],[-68,-33],[8,-58],[2,-18],[-39,2]],[[34956,32939],[-35,27],[-1,58],[111,107],[-8,41],[8,31],[21,73],[66,95]],[[35118,33371],[56,11],[99,-14],[65,67],[74,-19],[141,2],[92,-42],[63,-10],[59,24],[49,74],[135,-81],[149,23],[52,27],[122,-15]],[[36274,33418],[60,-213],[-1,-155],[63,-89],[4,-64],[-2,-2]],[[36398,32895],[-7,-5]],[[35637,33025],[3,-10],[-67,-58],[24,-79],[-43,-54],[-6,-105],[67,-62],[-68,-154],[-22,-77],[22,-56]],[[35547,32370],[-181,-49],[-39,18],[-65,-59],[-72,1],[-102,-59]],[[35088,32222],[-5,6],[-30,-14],[-55,10],[-155,65],[-100,2],[-57,83],[-26,71]],[[34660,32445],[-10,14],[98,46],[26,-8],[-20,41],[108,74],[44,63],[65,16],[-67,168],[52,80]],[[34660,32445],[-58,-7],[-32,-41],[-92,-21],[-133,-68],[-146,24],[-21,26]],[[34178,32358],[42,6],[3,4],[3,41],[81,84],[77,56],[-42,113],[-5,-7]],[[34337,32655],[-4,46],[-2,52]],[[34331,32753],[42,63],[12,8],[59,1],[52,-37],[18,84],[42,45],[36,-51],[44,77],[68,-28],[12,-32],[94,-32],[7,66],[67,38],[72,-16]],[[37445,30325],[-61,67],[28,73],[33,-5],[32,119],[83,-15],[8,1]],[[37568,30565],[2,-1],[160,35],[120,-9],[47,44],[42,-87],[89,-55],[93,44],[182,27],[-3,-57],[67,-64],[17,-43],[153,0],[42,-19],[13,-9],[71,-14]],[[38663,30357],[0,-4],[-14,-48],[7,-6],[8,-36],[-61,-94]],[[38603,30169],[-13,-11],[-19,-82],[-64,-17],[-60,10],[-37,-155],[24,-56],[-30,-46],[30,-100],[4,-7]],[[38438,29705],[-84,-65],[-26,-80],[20,-35],[-25,-78],[-40,-28],[-9,-15]],[[38274,29404],[-4,-2],[-143,-12],[-12,-5]],[[38115,29385],[-11,18],[-91,-3],[-42,37],[-16,35],[-44,128]],[[37911,29600],[-9,1],[6,19],[-13,88],[-77,-31],[-43,28],[-11,17],[-16,130],[-6,37],[5,33],[13,93],[26,66],[-37,11],[-45,66],[-65,15]],[[37639,30173],[-45,16],[-53,-22],[-49,26]],[[37492,30193],[1,66],[-48,66]],[[34331,32753],[-14,40],[35,49],[-14,45],[-111,-12],[-37,100],[56,23],[156,-42],[125,-5],[-11,78],[-63,87],[-1,57],[57,128],[84,89],[44,-25]],[[34637,33365],[77,-17],[404,23]],[[36398,32895],[66,18],[149,108],[70,-33],[36,26],[54,-17],[32,55],[18,33],[25,27],[174,67],[125,-127],[63,141],[35,-14]],[[37245,33179],[3,-3],[-4,-15],[8,-13],[-20,-95],[47,-33],[-18,-116]],[[37261,32904],[-85,-71],[-53,-14],[-54,-57],[-88,0],[-33,-31],[-62,-92],[-27,-10],[-63,-103],[-94,-1],[-44,-35]],[[36658,32490],[-98,-58],[-202,-32],[-14,13]],[[36344,32413],[-6,14],[59,46],[0,87],[54,48],[-2,90],[-58,54],[-25,91],[25,47]],[[42155,35200],[-39,-41],[-51,-129],[-59,-61],[-119,-60],[-103,-33]],[[41784,34876],[-6,-17],[-20,-23],[-32,-7],[-69,21],[19,68],[-131,-46],[-23,-30],[-189,-20],[-55,-70],[-103,-58],[-134,-153],[-33,2],[-43,-80],[-71,-21],[-52,-122],[-92,-41],[13,-32],[-25,-39]],[[40738,34208],[-20,19],[-37,47],[-35,-32],[-72,75],[-135,-29],[-204,53],[-34,33],[85,24],[4,56],[-46,63],[-28,86]],[[34178,32358],[-19,-5],[-15,11],[-22,0],[-96,-3],[-5,-49],[-80,-36],[-47,-68],[18,-142],[-85,-58],[1,-8]],[[33828,32000],[-119,-117],[-32,4],[-25,-24],[5,-53],[-87,-60],[5,-61],[-94,-79],[66,-67],[16,-47],[88,-58],[11,-42],[-9,-17]],[[33653,31379],[-5,-7],[-179,-44],[-25,-23]],[[33444,31305],[19,122],[-16,68],[-57,96],[10,72],[-23,86],[9,100],[82,122],[-102,137],[-111,219],[-35,20]],[[33220,32347],[3,8],[11,1],[-49,4],[-11,20],[47,28],[-13,89],[65,55],[-13,49],[17,-8]],[[33277,32593],[7,-5],[166,-20],[53,58],[119,15],[101,-81],[156,93],[53,-13],[58,67],[45,-84],[27,-10],[19,-12],[8,16],[62,55],[-28,28],[43,53],[23,0],[40,-75],[67,-5],[33,-32],[8,14]],[[41931,33917],[4,7],[-23,96],[-108,48],[-51,-9],[-24,-8],[-120,-92],[-156,7],[-125,24],[-17,130],[-128,-120],[-59,-81],[-128,32],[24,106],[-4,79],[-40,51],[-89,-2],[-21,-39],[-55,3],[-44,-118],[-34,-51]],[[40733,33980],[-39,56]],[[40694,34036],[27,146],[17,26]],[[41784,34876],[23,-21],[47,-137],[-78,-66],[-12,-62],[-49,-24],[-16,-64],[27,-38],[49,-49],[68,-23],[156,-11],[70,-76],[-15,-73],[62,-87]],[[37568,30565],[-28,43],[87,10],[62,-23],[17,33],[18,23],[18,4],[11,32],[130,58],[50,-8],[29,17],[9,10],[-50,23],[-3,60],[34,27],[-12,79],[-37,4],[-133,137],[-56,19],[-47,-17],[-14,89],[-47,15],[40,37],[79,57],[24,55],[5,6]],[[37754,31355],[28,22],[32,25],[24,-16],[49,17],[4,21],[54,71],[-16,38],[54,39],[14,64],[154,51],[16,54],[116,6],[36,-26],[36,-18],[29,-9]],[[38384,31694],[-4,-7],[46,7],[79,-61],[-9,-41]],[[38496,31592],[-18,-49],[59,-41],[31,-56],[-29,-50],[43,-64],[49,-21],[101,1],[38,-25],[5,5],[10,18]],[[38785,31310],[6,-3],[7,-13],[27,-16],[39,-50],[11,-48],[103,-45],[33,-103],[-41,-60],[34,-58]],[[39004,30914],[-108,-77],[-78,-135],[-27,-144],[-60,-80],[-44,3],[-30,-51],[8,-66],[-2,-7]],[[35088,32222],[0,-3],[140,-87],[61,7],[35,-25],[8,-23],[-14,-55],[-57,-68],[-28,-79],[-1,-11]],[[35232,31878],[-13,-1],[-11,-5],[-71,5],[-15,78],[-115,29],[-133,-17],[-29,-55]],[[34845,31912],[-58,54],[-84,17],[-88,-22],[-78,34],[-82,-95],[14,95],[-88,95],[-75,-43],[-50,42]],[[34256,32089],[-48,-7],[-63,-60],[-58,-17],[-114,-17],[-113,7],[-30,-1],[-2,6]],[[39464,33476],[27,-22],[27,-12],[54,48],[57,6],[21,58],[66,65],[42,-5],[0,-2]],[[39758,33612],[10,-21],[-16,-28],[80,-99],[-47,-46],[29,-70],[76,-63],[-1,-79],[48,-33],[13,-10],[16,-44],[-38,-53],[68,-71],[-28,-104],[50,-78],[-20,-75],[31,-83],[45,0]],[[40074,32655],[19,0],[-111,-46],[-58,-111],[-27,-7],[-26,-88],[-56,-75],[-13,-142],[-39,-51],[-15,-113],[41,-80]],[[39789,31942],[-21,-25],[-13,-9]],[[39755,31908],[-19,-8],[-50,-22],[-51,-70],[-48,29],[-51,-62],[-60,34],[28,105],[-20,81],[-17,12],[-2,1]],[[39465,32008],[0,0],[-5,2],[44,22],[-23,105],[78,195],[8,88],[58,94],[-4,60],[27,68],[-11,86],[-87,39],[-44,-47],[-18,123],[-79,144],[-21,89],[-127,-9],[-83,-50],[2,59],[-44,8],[-227,-68],[-68,22],[-74,2],[-33,-13],[6,6]],[[38740,33033],[3,4],[-28,90],[36,3],[16,71],[-20,32]],[[38747,33233],[62,55],[86,36],[44,-14],[120,27],[87,-61],[130,-31],[24,15],[-26,106],[96,66],[65,-20],[29,64]],[[37911,29600],[-18,-23],[-97,-253],[-103,-37],[-19,-132],[-94,-13],[-30,-104],[8,-9]],[[37558,29029],[-11,-5],[-12,-3],[-86,-64],[-45,29],[-28,70],[0,46],[6,51]],[[37382,29153],[5,0],[69,99],[34,96],[22,117],[3,158],[16,58],[-34,187],[74,135],[0,64],[68,106]],[[40733,33980],[-76,-118],[-101,-75],[-61,-78],[-61,-41],[3,-17],[121,-23],[25,-107],[-13,-59],[53,-44],[-12,-54],[68,-31],[55,-52]],[[40734,33281],[-3,-6],[-29,-59],[-18,0],[-27,33],[-73,-62],[-46,-6],[-21,-51],[-69,-38],[-11,-129],[-122,-99],[-11,-28]],[[40304,32836],[-20,7],[-33,161],[-45,-52],[-103,-120],[-11,-120],[-9,-35],[-14,-12],[5,-10]],[[39758,33612],[19,-3],[120,93],[39,-31],[86,15],[5,34],[75,18],[2,46],[58,7],[21,68],[66,37],[41,-38],[92,42],[78,-11],[32,47],[55,21],[53,-18],[25,63],[69,34]],[[36344,32413],[-39,-40],[-117,2],[-28,-49],[9,-56],[40,-30],[159,5],[10,-39]],[[36378,32206],[-63,-43],[-10,-53],[-7,-81],[0,-41],[-78,-81],[-56,34],[-13,100],[12,61],[-96,9],[-29,-88],[-51,-28],[-77,-165],[-37,-30],[-49,21],[-108,-29]],[[35716,31792],[-104,-149],[-79,-39],[-55,26],[-13,62],[35,107],[-77,16],[-49,-31],[-84,-9],[-27,38],[-75,-44]],[[35188,31769],[40,74],[4,35]],[[35547,32370],[33,-32],[156,2],[88,-47],[-1,102],[59,126],[-5,67],[108,24],[12,84],[60,92],[-19,62],[7,73],[34,20],[12,23],[-2,20],[5,5],[11,-1]],[[36658,32490],[68,-82],[54,5],[150,-48],[51,-51],[17,-110],[6,-7]],[[37004,32197],[-13,-3],[-29,-21],[-27,-32],[-61,5],[-62,-26],[-96,13],[-100,-69],[-10,1],[-78,95],[10,68],[-87,35],[-73,-57]],[[37754,31355],[-5,19],[-31,3],[-49,-36],[-9,-14],[-24,-7],[-40,36],[-6,62],[-92,25],[-50,93],[-48,8],[-36,93],[-61,5],[-50,-32],[-158,-31],[-101,-69],[-18,7]],[[36976,31517],[9,12],[-18,74],[17,37],[-18,113],[42,96],[69,52],[-100,23],[9,82],[139,107],[70,79]],[[37195,32192],[136,110],[33,-8]],[[37364,32294],[3,-4],[26,-38],[61,60],[35,4],[97,-59],[66,-62],[-40,-125],[32,-61],[100,57],[19,49],[66,-16],[9,64],[51,7],[20,-51],[0,-110],[61,-76],[69,-23],[35,-63],[178,14],[73,-111],[67,-52],[-8,-4]],[[38496,31592],[61,27],[59,-7],[43,94],[-9,92],[-88,109],[-43,147],[-54,68],[-27,64],[-105,33],[-4,22],[-104,42],[-40,121],[-191,23],[2,84],[43,65],[53,-31],[92,68],[-45,60],[0,49],[103,49],[116,5],[88,39],[-65,69],[-76,-19],[38,96],[93,-7],[126,61],[21,-41],[151,-58],[-13,21],[-79,47],[20,32],[53,5],[15,12],[9,0],[1,0]],[[39465,32008],[-5,-13],[1,-8],[-3,3],[-28,-30],[-96,-46],[29,-94],[-90,-48],[-40,-74],[-76,-39],[-36,-62],[-9,-29],[-9,2],[-10,-15]],[[39093,31555],[-2,-2],[-72,-78],[-87,-24],[-83,-104],[-39,-10],[-24,-26],[-1,-1]],[[37382,29153],[0,1],[-5,0],[-66,-3],[-113,3],[-10,-2]],[[37188,29152],[-129,-4],[85,196],[2,25],[-20,90],[-32,24],[6,66],[-14,23],[-23,6]],[[37063,29578],[23,39],[25,207],[76,136],[-42,155],[-41,18],[7,79],[76,47],[67,-63],[97,-39],[141,36]],[[33277,32593],[31,61],[70,22],[5,39],[-5,10],[9,27]],[[33387,32752],[18,-4],[8,7],[30,57],[1,26],[-27,40],[15,150],[23,58],[-9,118]],[[33446,33204],[-13,89],[53,-21],[234,10],[225,71],[-11,56],[66,87],[108,-18],[73,45],[13,43],[93,6],[200,-146],[135,-38],[15,-23]],[[39464,33476],[4,74],[-40,10],[-9,107],[-69,55]],[[37261,32904],[69,21],[38,1]],[[37368,32926],[62,-96],[-11,-53],[-2,-44],[56,-54],[125,39],[-35,-161],[-137,-52],[-17,-120],[-45,-91]],[[37195,32192],[-93,-23],[-93,23],[-4,5],[-1,0]],[[37368,32926],[44,8],[35,-37],[95,19],[81,-15],[131,34],[28,-18],[66,43],[45,-39],[27,74],[44,4],[78,45],[111,21],[25,29],[77,-3],[29,-25],[101,-6],[77,-29],[76,54],[69,27],[44,97],[96,24]],[[41660,33803],[-121,-99],[-46,-52],[-157,-57],[-88,56],[-42,-19],[-23,-13],[-54,-86],[-47,-44],[-29,-81],[-17,-8]],[[41036,33400],[-28,-11],[-48,-35],[-6,-8]],[[40954,33346],[-41,-27],[-38,-33],[-99,-22],[-8,18],[-27,12],[-7,-13]],[[37245,33179],[-2,4],[-3,126],[10,36],[-8,106],[15,91],[35,77]],[[36274,33418],[25,0],[159,87],[55,82],[51,9],[110,-60],[30,-41],[113,-18],[72,33],[15,42]],[[30051,32250],[-9,-47],[-65,2],[-6,-96],[-99,-43],[-1,-25],[-111,-20],[-119,27],[-62,-31],[-160,22],[-54,-40],[-87,-30],[-113,44],[-34,-14]],[[29131,31999],[-33,43],[42,58],[9,57]],[[29149,32157],[13,66],[-56,15],[57,67],[14,60],[-98,203],[34,61],[-3,169],[-32,97],[21,67],[-7,26],[-21,4]],[[29071,32992],[60,48],[30,-225],[110,-77],[131,16],[28,-67],[72,-4],[44,-39],[24,67],[49,51],[121,36],[77,-16],[110,-64],[74,2]],[[30001,32720],[-53,-87],[71,-59],[-2,-47],[47,-142],[-7,-123],[-6,-12]],[[25516,30495],[2,17],[-83,60],[-122,-11],[-51,34],[-121,-32],[-74,52]],[[25067,30615],[27,54]],[[25094,30669],[101,80],[149,43],[74,107],[45,27]],[[25463,30926],[10,-26],[21,-11],[-2,-14],[-52,-23],[-6,-18],[6,-8],[16,-2],[65,23],[71,-25],[36,-57],[40,24],[42,-29]],[[25710,30760],[-12,-28],[39,-130],[-11,-46],[12,-12],[-7,-24],[-1,-13]],[[25730,30507],[-17,-6],[-83,20],[-65,-32],[-49,6]],[[25516,30495],[-6,-19],[16,-98],[-52,-50],[-10,-88],[-91,-36],[-7,-26],[141,-120],[-16,-157],[-37,-33],[-81,-5],[-65,-36],[-11,-99],[-37,-32],[-40,-84],[-89,-22],[-67,71],[-69,18],[-47,-96],[-64,-34]],[[24884,29549],[-4,54],[-40,73],[-54,-48],[-90,33],[-139,-126],[-31,87],[-66,131],[-84,42]],[[24376,29795],[138,223],[126,132],[214,254],[7,23],[171,104],[22,59],[13,25]],[[28534,30595],[17,-2],[126,-22],[66,12],[65,-26],[109,18],[59,-10],[111,8],[134,-35],[10,-35],[38,0],[1,-6],[14,-2],[0,0]],[[29284,30495],[-2,-4],[-11,-16],[-32,-46],[3,-31],[2,-136],[14,-36],[-4,-33],[-74,-49],[-45,-65],[7,-139],[-42,-90],[-15,-78]],[[29085,29772],[-53,-29],[-69,42],[-46,-2],[-58,-73],[20,-80]],[[28879,29630],[-54,48],[-104,-6],[-5,51],[-46,35],[-46,-43],[-120,-48],[-94,56],[3,22]],[[28413,29745],[-3,92],[-42,17],[-53,66],[8,47],[-46,77],[13,126],[-74,74],[8,107],[20,22]],[[28244,30373],[39,-2],[74,-62],[71,26],[55,90],[-8,66],[32,62],[25,12],[6,13],[-7,3],[3,14]],[[27947,30927],[-125,-99],[-51,-13],[-46,37],[-56,4],[-35,44],[-13,18],[-8,-10],[-29,7],[-22,41]],[[27562,30956],[4,34],[-50,9],[-119,80],[-108,25],[-23,31],[20,101],[-73,27],[-52,48],[-90,-14],[-16,-18]],[[27055,31279],[4,22],[9,1],[1,29],[46,49],[105,-20],[-1,115],[45,34],[13,-1],[42,-39],[60,18],[37,-54],[68,-49],[26,158],[-20,33],[54,48],[51,-12],[42,82],[59,-18],[47,-89],[18,-83],[82,-17],[22,-29],[30,-5],[20,11],[0,2]],[[27915,31465],[3,-3],[1,-11],[-9,-32],[-13,-13],[3,-98],[57,-36],[49,-68],[76,37],[34,-12],[42,-76],[66,-43],[18,-5],[7,8]],[[28249,31113],[1,-22],[-51,-28],[-60,5],[-76,-35],[-29,-40],[-85,-37],[-2,-29]],[[28534,30595],[-8,0],[20,82],[-81,128],[126,17]],[[28591,30822],[44,29],[45,79],[110,81],[-54,102],[5,20],[-6,5]],[[28735,31138],[157,83],[40,-31],[187,-9],[15,40],[13,7],[9,22],[7,5]],[[29163,31255],[0,-22],[-25,-76],[39,-37],[187,31]],[[29364,31151],[-2,-14],[-14,-20],[1,-69],[86,-34],[28,48],[68,28],[108,-42],[72,-51],[51,12],[99,-59]],[[29861,30950],[-14,-58],[-88,-1],[-14,-168]],[[29745,30723],[-124,55],[-34,-38],[-72,30],[-50,-223],[-50,26],[-73,-25],[-53,-43],[-5,-10]],[[25094,30669],[-89,54],[-77,-2],[-57,39],[23,137],[-42,48],[-41,4],[3,30],[-1,9],[-8,2],[-4,9],[-1,1]],[[24800,31000],[14,5],[60,116],[40,1],[21,66],[-48,75],[19,247],[70,112]],[[24976,31622],[32,-58],[72,25],[27,-48],[77,-13],[65,39],[-4,59],[61,4]],[[25306,31630],[43,-53],[89,-7],[90,10],[51,-30],[113,10]],[[25692,31560],[-29,-64],[-24,-137],[-75,-63],[-22,-77],[34,-74],[-113,-219]],[[24800,31000],[-7,-4],[-202,23],[-36,-22],[-109,27],[-14,-54],[36,-57],[-38,-67],[-71,-4],[-49,35],[-90,13]],[[24220,30890],[-140,128],[-60,27]],[[24020,31045],[3,18],[29,0],[35,43],[-19,9],[43,13],[-16,47],[7,4],[22,-11],[34,20],[6,19],[25,30],[77,98]],[[24266,31335],[36,9],[129,92],[75,25],[-11,97],[59,46],[92,-3],[77,-96],[112,-2],[44,15],[20,121],[77,-17]],[[28044,32139],[7,-156],[-109,-139]],[[27942,31844],[-19,58],[-49,10],[-85,-33],[-26,13],[-132,-3],[-115,90],[-83,-18],[-71,27],[-28,34],[-67,20],[-31,58],[-174,47],[-35,33],[-6,37]],[[27021,32217],[-2,14],[63,76],[-48,35],[6,60],[-42,41],[24,85],[-17,50]],[[27005,32578],[38,9],[-21,76],[4,6],[-46,69],[15,23],[41,52],[68,-20]],[[27104,32793],[106,-89],[-6,0],[7,-60],[-35,-49],[31,-58],[70,-9],[51,51],[150,-9],[-13,-59],[45,-29],[2,-84],[19,-6],[17,30],[85,-14],[59,57],[30,-19],[111,7],[-1,-52],[127,-71],[0,-100],[44,-26],[41,-65]],[[25745,30512],[19,-75],[67,-69],[89,58],[87,31],[10,-51],[50,-9],[53,50],[17,43],[14,4],[43,21],[26,3],[-13,-17],[28,-13]],[[26235,30488],[9,-31],[19,19],[19,15],[15,-40],[126,-11],[108,-97]],[[26531,30343],[-23,-31],[2,-82],[-59,-53],[-93,-133],[-14,-47],[89,-78],[-9,-73],[-36,-58],[23,-119],[75,-10],[45,-19],[-9,-16]],[[26522,29624],[-156,-14],[-90,-92],[-94,-7],[-19,-7],[29,-56],[-137,-81]],[[26055,29367],[-10,46],[-65,28],[-64,-22],[-34,-60],[-67,3],[-42,-10],[0,37],[-54,106],[-55,21],[-12,91],[-120,-47],[-26,-40],[-71,-27],[-32,-105],[-132,31],[-85,-131],[-37,-77]],[[25149,29211],[-60,86],[-92,48],[-20,37],[-71,10],[-9,59],[-57,33],[44,65]],[[25730,30507],[15,5]],[[25727,32493],[34,-67]],[[25761,32426],[-195,-9],[-14,2]],[[25552,32419],[-12,3],[-109,90],[-44,62],[-65,0],[-36,33],[-92,23],[-68,-4],[-79,66],[-109,-11],[-1,-104],[-65,41],[-67,-39],[-95,46],[-44,58],[-14,5]],[[24652,32688],[-23,7],[-146,20],[-71,86],[-107,-6],[-68,20],[7,94],[36,30],[139,12],[42,19],[2,12]],[[24463,32982],[1,19],[21,30],[33,51],[-6,51],[110,-4],[186,-65],[38,27],[44,-1],[137,20],[-10,18]],[[25017,33128],[18,-1],[-6,-61],[52,45],[52,-38]],[[25133,33073],[32,-116],[105,-80],[20,-80],[47,25],[57,17],[83,-63],[24,-70],[59,-69],[66,-40],[-2,-50],[103,-54]],[[28413,29745],[-40,-58],[-92,-62],[-51,-85],[-3,-99],[-56,-94]],[[28171,29347],[-57,17],[-95,105],[-53,-3],[-39,60],[28,54],[-30,129],[-119,9],[-77,-13],[-62,47],[-11,50],[23,56],[-43,101],[-65,26],[-37,-17],[-5,10],[26,24],[-4,29]],[[27551,30031],[-1,25],[-121,116],[-58,-12],[-66,19],[-49,83],[-59,0],[-1,9],[16,103]],[[27212,30374],[77,28]],[[27289,30402],[75,1],[23,-33],[75,27],[205,4],[21,79],[154,-78],[-5,89],[114,53],[6,38],[79,57],[73,-11]],[[28109,30628],[-41,-83],[7,-60],[64,-10],[2,-54],[38,-39],[65,-9]],[[25710,30760],[4,0],[14,46],[46,77],[50,-19],[85,70],[58,-58],[137,-3],[19,53],[42,-8],[13,-10],[20,7]],[[26198,30915],[12,-25],[-35,-108],[15,-145],[61,-137],[-16,-12]],[[24220,30890],[-2,-52],[-97,-31],[-29,-73],[14,-79],[-25,-64],[23,-60],[-1,-69],[-36,-48],[18,-79],[-72,-80],[-4,-66],[-66,-67],[19,-43],[63,-16],[20,-64],[-82,-187],[20,-64],[-8,-33],[7,-33],[-14,-12],[-41,-32],[-98,3],[-58,-6],[-128,13]],[[23643,29648],[11,30],[1,29],[14,51],[-57,60],[25,46],[-21,26],[-137,134],[-37,15]],[[23442,30039],[13,45],[-1,15],[-7,22],[-8,11],[-52,105],[9,87],[-29,14],[8,78],[-37,8],[32,162],[21,-3],[6,29],[-6,20],[-17,31],[10,67],[55,12],[37,72],[74,2],[21,20],[99,88]],[[23670,30924],[132,22],[75,60],[31,11],[41,47],[71,-19]],[[29364,31151],[-33,82],[-2,9],[31,51],[60,35],[-21,67],[11,118],[-23,32],[-1,26],[144,-37],[358,0],[151,12],[28,94],[38,29],[66,-20],[77,25],[37,35],[-38,140],[-4,8],[11,10],[20,11]],[[30274,31878],[7,-11],[81,-36],[14,-2],[30,-130],[56,-21],[37,-72],[138,-65],[-23,-74],[4,-77],[-17,-69],[66,-86],[-3,-20],[2,-16]],[[30666,31199],[-5,1],[-7,8],[-24,-5],[-23,5],[-24,25],[-18,-11],[-75,73],[-45,-3],[-42,-53],[-45,-2],[-10,-63],[-46,-1],[-38,-51],[-43,18],[-28,-93],[29,-85],[31,-24],[29,-18],[46,-26],[-2,-73],[-95,-55]],[[30231,30766],[-6,43],[-117,17],[-36,89],[-120,3],[-91,32]],[[27915,31465],[-3,23],[56,8],[62,81],[30,10],[20,18],[21,-4],[5,12]],[[28106,31613],[3,-2],[10,-3],[-6,-11],[98,-104],[42,-76],[90,-17],[42,33],[144,38],[66,30],[71,-64],[35,14],[8,11]],[[28709,31462],[2,-4],[23,-12],[29,-22],[0,-164],[-22,-26],[-11,-93],[5,-3]],[[28591,30822],[-37,28],[-85,2],[-27,57],[28,40],[-40,50],[25,53],[-65,56],[-31,100],[-59,13],[-55,-84],[4,-24]],[[30001,32720],[114,56],[37,-32],[50,7],[40,94],[87,-53],[23,52],[56,16],[51,-99],[91,-43],[71,3],[88,73],[17,163]],[[30726,32957],[37,-38],[77,50],[79,-17],[-84,-64],[89,-75]],[[30924,32813],[24,-25],[24,-20],[21,-137],[-14,-15],[-74,-69],[-123,-61],[-108,-119],[-57,-6],[-60,-62],[-45,23],[-15,-117],[-73,11],[-109,-77],[-37,-186]],[[30278,31953],[-20,42],[85,225],[-66,29],[-226,1]],[[27947,30927],[-12,-23],[70,9],[53,-131],[71,-42],[-20,-112]],[[27289,30402],[12,68],[89,48],[5,54],[0,50],[13,67],[-50,72],[-11,44]],[[27347,30805],[-35,29],[2,48],[2,6]],[[27316,30888],[2,8],[40,42],[90,-17],[59,-34],[42,70],[13,-1]],[[29131,31999],[-140,-31],[78,-162],[-41,-108],[-6,-59],[65,-94],[-35,-62],[50,-118],[-9,-87],[68,-9],[2,-10],[0,-4]],[[28709,31462],[7,12],[37,51],[22,5],[40,63],[-10,21],[-18,55],[-7,124],[-19,59],[-49,5],[-92,-29],[-58,15],[-16,64],[-58,42],[-26,-12],[-47,40],[-8,101],[28,15],[6,19]],[[28441,32112],[40,-9],[44,21],[12,55],[55,85],[77,-42],[69,28],[54,-29],[113,-11],[96,-34],[23,18],[76,-33],[26,0],[23,-4]],[[27104,32793],[-19,31],[-3,31],[63,-28],[14,44],[-24,3],[59,97],[-30,22],[17,79]],[[27181,33072],[66,8],[12,-68],[149,102],[2,32],[111,29],[63,-16],[132,-78],[57,8],[61,-36],[33,38],[85,6],[228,-86],[66,-44],[67,-6],[44,-68],[86,-47],[104,-30],[26,-25]],[[28573,32791],[7,-7],[-51,-99],[-62,-2],[-122,-60],[-90,-84],[-9,-98],[-115,-25],[-18,-18],[-14,-56],[85,-21],[60,22],[-2,-69],[-69,1],[-31,-38],[-11,-33],[-11,-10],[3,-2],[0,-1]],[[28123,32191],[-9,-23],[-16,-3],[-20,-25],[-34,-1]],[[27021,32217],[-52,-106],[-83,-36],[10,-137]],[[26896,31938],[-167,-12],[-130,11],[-53,33],[-32,-24],[-81,35],[-74,-2],[20,69],[-44,41],[-57,-18],[-97,14],[-31,-32],[-125,-33]],[[26025,32020],[-14,17],[-9,12],[-28,-1],[-57,41],[-29,-22],[-32,14],[-39,56],[28,36],[-12,90],[-36,32],[2,68],[-38,63]],[[25727,32493],[44,110],[184,-7],[34,38],[106,-44],[71,9],[148,-17],[-11,52],[-11,10],[-30,9],[-2,22],[94,-26]],[[26354,32649],[-1,-5],[9,5],[130,-12],[8,-28]],[[26500,32609],[0,-15],[27,-13],[27,-63],[43,0],[44,104],[63,81],[161,-53],[55,-46],[85,-26]],[[26198,30915],[20,49],[-8,106],[166,-13],[101,14],[68,97],[102,-33],[18,2],[23,-23],[124,-7],[19,-66],[58,-7],[34,-68],[100,26],[61,-64],[80,-14],[6,-29],[82,9],[26,-28],[22,29],[7,-7],[9,0],[0,0]],[[27347,30805],[-29,-20],[-99,12],[-20,-35],[-90,45],[1,31],[-111,5],[-19,-218],[-72,-61]],[[26908,30564],[26,-61],[-24,12],[-53,-61],[-57,-6],[-14,-67],[-96,28],[-159,-66]],[[26908,30564],[70,23],[59,-33],[81,0],[-12,-151],[6,9],[34,-47],[66,9]],[[27551,30031],[-68,-23],[-52,-49],[-34,-7],[-71,49]],[[27326,30001],[-41,65],[-37,12],[-67,-22],[-114,47],[-51,-108],[2,-48],[-64,-107],[15,-120],[-45,-24],[-104,41],[-13,-63],[-52,-55],[-62,31],[-58,-19],[-22,0],[0,0]],[[26613,29631],[0,0],[-14,-5],[-77,-2]],[[25017,33128],[-1,0],[-4,8],[-4,47],[-118,22],[-43,115],[-86,-37],[-27,43],[43,86],[0,61],[-37,41],[-80,-27],[-69,4],[-15,61],[-71,-23],[-37,22],[-26,95],[22,70],[-39,90],[-45,27],[26,73],[-88,-31],[-6,91],[44,54],[9,14],[-13,36],[-44,58],[-72,23],[-10,27],[2,15],[2,3]],[[24230,34196],[43,42],[-27,44],[-83,-32],[6,66]],[[24169,34316],[49,12],[-31,117],[98,35],[23,-14],[163,2],[29,65],[58,67],[66,-8],[-3,-52],[162,-56],[44,-92],[117,-39],[128,-5],[279,-57],[104,-190],[-21,-87],[-1,-112],[-50,-92],[169,-71]],[[25552,33739],[-40,-83],[-31,-4],[-51,-99],[78,-81],[16,-42],[-38,-60],[5,-64],[-104,-105],[-89,13],[-74,-52],[-91,-89]],[[25692,31560],[46,26],[108,-16],[29,27],[20,12],[70,11],[89,-34],[70,-135],[95,-11]],[[26219,31440],[87,-46],[38,-50],[55,-85],[286,-35],[15,-17],[9,25],[23,11],[18,-1]],[[26750,31242],[0,0],[0,-3],[2,-25],[153,-42],[67,26],[73,71],[10,10]],[[25552,33739],[108,27],[56,-53],[80,-36],[85,-16],[8,-69],[51,-36],[61,-6],[22,-71],[82,39],[121,-4],[-19,-91],[32,-76],[75,-19]],[[26314,33328],[18,-170],[0,-21]],[[26332,33137],[0,-7],[-8,-80],[-60,-66],[0,-77],[-59,-9],[47,-99],[62,-37],[50,-61],[-8,-43],[-2,-9]],[[30278,31953],[-22,-20],[18,-55]],[[24376,29795],[-54,-102],[-40,-43],[-9,-6],[-89,-24]],[[24184,29620],[-113,-5],[-120,-41],[-53,18],[-127,-4],[-158,23]],[[23613,29611],[30,37]],[[28123,32191],[3,-3],[45,1],[88,-126],[55,61],[103,-9],[18,-2],[6,-1]],[[28106,31613],[0,0],[-13,3],[-4,71],[14,19],[-6,6],[-2,12],[-56,88],[-67,13],[-20,4],[-10,15]],[[26750,31242],[-9,47],[2,85],[59,159],[61,45],[27,104],[-37,46],[8,125],[35,85]],[[25306,31630],[38,92],[-113,78],[-28,61],[-104,18],[-16,3]],[[25083,31882],[5,100],[-34,21],[-38,119],[88,-8],[154,9],[67,83],[78,-14],[64,13],[17,64],[62,34],[33,58],[-27,58]],[[26025,32020],[8,-11],[13,-67],[51,-56],[14,-64],[65,-34],[23,-75],[-10,-57],[38,-131],[-8,-85]],[[26332,33137],[107,6],[54,-36],[-5,-92],[56,-92],[71,41],[38,-81],[-58,-49],[-9,-39],[44,-40],[-41,-61],[-62,-3],[-27,-82]],[[26314,33328],[135,-28],[113,83],[71,-15],[66,27],[72,66],[99,32],[113,-24],[63,-38],[21,-41],[-17,-202],[36,-57],[82,-26],[13,-33]],[[24652,32687],[0,1]],[[25083,31882],[-11,-1],[-54,70],[-88,46],[-92,-18],[-139,87],[-100,77],[-71,83],[-65,5]],[[24463,32231],[-47,76],[-25,75],[34,49],[76,9],[61,61],[68,-1],[38,93],[-22,35],[0,37],[3,4],[3,18]],[[28573,32791],[56,-13],[35,52],[99,-34],[93,38],[55,46],[5,45],[127,26],[28,41]],[[13323,40002],[12,-82],[-25,-48]],[[13310,39872],[-14,-1],[-12,-16],[-108,36],[-65,105],[73,50],[33,15],[33,-42],[23,20],[-7,-27],[57,-10]],[[20483,23515],[66,-70],[-6,-49],[-45,-37],[21,-193],[-13,-131],[-122,-52]],[[20384,22983],[-42,-33],[-106,31],[-13,-36],[-24,-27],[-68,-122],[-35,-37],[-75,-22],[-36,-44],[-118,69],[-41,3],[-77,63],[-84,-30]],[[19665,22798],[40,52],[-43,61],[15,64],[61,50],[-7,56],[-78,36],[11,42],[-97,1],[-101,55],[-18,50],[26,69],[74,43],[104,-12],[59,81],[-27,46],[58,49],[-47,45],[-15,117],[4,12],[-12,20],[34,2],[0,6],[23,-1],[60,-23],[104,5],[6,6],[2,2]],[[19901,23732],[-2,-22],[-8,-13],[29,-37],[73,40],[23,-13],[31,-54],[-4,-202],[149,-10],[45,-61],[117,-1],[26,133],[85,-10],[18,33]],[[22758,24933],[5,-59],[37,-31],[10,-44],[-90,-165],[10,-69],[3,-12]],[[22733,24553],[-23,-11],[-27,54],[-41,51],[-59,-24],[-14,-58],[-87,30],[-60,-49],[-67,-14],[23,-183],[-9,-70],[-68,19],[-93,-9],[-44,-37],[-52,24],[-41,-24],[-62,16],[-75,-31],[-35,-65],[-117,41],[-27,-37],[-30,8],[-32,61],[-22,93],[47,60],[-54,54],[-57,-83],[-21,-10]],[[21586,24359],[-72,-21],[-31,78],[-62,40],[-133,45],[-60,42],[-29,-1],[-11,23],[6,118],[-25,34],[-36,-27],[-47,26],[-113,8],[-62,25],[-21,-52],[-71,27]],[[20819,24724],[7,13],[-53,71],[95,108],[-41,66],[58,26],[109,8],[64,-21],[99,58],[45,37]],[[21202,25090],[13,13],[4,24],[116,41],[15,36]],[[21350,25204],[98,-46],[37,-38],[58,21],[59,-138],[25,-11],[113,-10],[64,-64],[89,-2],[56,23],[22,24]],[[21971,24963],[7,6],[55,-28],[93,19],[91,-42],[45,28],[55,-34],[60,30],[141,-8],[110,-57],[130,56]],[[23170,27432],[40,10],[1,18],[-55,18],[-6,152],[18,116],[62,-32],[81,10],[-3,47],[64,2],[-26,159],[-132,-11],[-8,46],[-57,66],[8,218],[-85,-14],[-54,24],[-52,30],[-43,79],[-76,24],[-84,-39],[-65,-3],[-24,45],[-53,0],[-121,38],[-17,92],[-60,34],[-35,-4],[-20,16],[-3,25]],[[22365,28598],[0,0],[0,0],[20,9],[71,-4],[68,56],[24,12]],[[22548,28671],[20,3],[108,-100],[97,-53],[128,17],[38,-13],[102,24],[28,33],[68,19],[41,114],[93,56],[25,90],[48,40]],[[23344,28901],[34,-7],[58,5],[65,-27],[34,-69],[49,-6],[47,-22],[4,-98],[41,-55],[16,-68],[50,-52],[176,-68],[52,-110],[4,-84],[-27,-37],[58,-55],[35,-83],[72,-24],[176,-37],[4,99],[106,17]],[[24398,28120],[-5,-10],[-2,-10],[31,-38],[1,-89],[-22,-74],[-60,-87],[15,-35],[-19,-87],[61,-36],[57,35],[41,-73]],[[24496,27616],[-30,-148],[8,-74],[-34,-48]],[[24440,27346],[-31,31],[-79,-11],[-32,-30],[-83,33],[-98,85],[-63,20],[-63,-13],[-42,-50],[-79,32],[-71,-17],[-34,-59],[-75,-12]],[[23690,27355],[-56,103],[-120,34],[-90,-12],[-41,-115],[-96,38],[-42,-29],[-75,58]],[[21101,19809],[-138,-74],[-60,-8],[-142,11],[30,82]],[[20791,19820],[77,26],[18,-13],[29,-8],[-27,38],[16,92],[39,54],[-29,67],[-69,42],[-77,-63],[-65,35],[-22,54],[-87,60],[10,40],[-118,52],[-13,104],[68,10],[-33,123],[3,87],[-52,3],[-71,60],[-67,-3],[-46,-53],[-66,61],[18,33],[-68,63],[-64,-30],[-46,22],[-31,69]],[[20018,20845],[27,11],[45,18],[14,52],[114,28],[49,-16],[30,-3]],[[20297,20935],[108,-50],[124,-117],[47,-2],[9,55],[41,41],[53,-14],[17,-61],[92,18],[-73,76],[13,85],[51,33],[50,-10],[44,30],[47,-39],[51,2],[21,81],[-23,81],[50,99],[50,67],[62,-2],[24,-41],[61,25],[121,-54]],[[21337,21238],[107,13],[8,-81],[34,-62],[79,9],[-6,-106],[-39,0],[2,-29],[58,-27],[-44,-111],[15,-95]],[[21551,20749],[73,-217],[-22,-30],[43,-65],[27,-185],[-106,-31],[-10,-102],[-29,-95],[-84,-29],[-10,-39]],[[21433,19956],[-79,-23],[-121,-64],[-12,-86],[-84,42],[-12,-6]],[[21125,19819],[-24,-10]],[[20819,24724],[-12,-19],[-27,-64],[-38,-7],[-19,-59],[12,-170],[-67,-95],[-16,-19],[-9,-3],[-41,-2]],[[20602,24286],[-84,33],[-25,52],[7,20],[18,5],[8,17],[-95,-1],[18,70],[-13,55],[6,23],[36,14],[-31,16],[-137,27],[-222,2],[9,-43],[-31,21],[-16,-8]],[[20050,24589],[-49,21],[-33,51],[54,66],[-2,178]],[[20020,24905],[62,2],[25,9],[32,62],[68,34],[63,-5],[-19,103],[29,22],[92,-9],[-16,78],[100,58],[22,99],[16,24],[-19,44],[51,-5]],[[20526,25421],[90,-30],[139,-9],[18,-40],[101,-38],[118,3],[34,-48],[108,-70],[3,-51],[41,-19],[24,-29]],[[19945,20822],[0,-74],[28,-50],[92,9],[9,-171],[22,-58],[-34,-97],[46,-43],[-40,-82],[10,-82],[-39,-89],[16,-119],[-56,-89],[12,-168],[44,-18],[-26,-66]],[[20029,19625],[-23,16],[-21,-32],[-124,26],[-70,-36],[4,-43],[-49,-42],[-67,-115],[-43,-23],[-18,-25],[104,-47],[90,-12],[25,-45],[-13,-105],[62,-55],[-45,-79],[-44,-24],[-51,20],[-26,-5]],[[19720,18999],[-1,16],[-30,-1],[-83,-54],[-60,-4],[-21,109],[-78,-53],[-97,9],[-2,79],[78,41],[6,18],[-67,80],[-49,172],[-50,80],[-45,31],[-23,58],[-54,63],[-107,69],[-33,49],[-93,18],[-106,-55]],[[18805,19724],[-22,19],[-12,-4],[-27,-27],[-8,7]],[[18736,19719],[-8,10],[-54,149],[-40,46],[-5,8]],[[18629,19932],[-19,30],[-24,27],[4,12],[46,4],[42,52],[73,30],[-17,75],[-41,50],[-69,90],[5,78],[99,190],[-10,67],[58,47],[28,19],[12,104],[47,12],[14,6],[27,26],[38,99],[67,32],[27,43],[64,40],[15,-50],[33,-94],[33,-8],[60,33],[30,-66],[101,-1],[83,76],[36,26]],[[19491,20981],[16,-26],[13,9],[62,-9],[9,-26],[87,-7],[19,-20],[12,-89],[39,-33],[115,7],[-6,56],[62,7],[26,-28]],[[21350,25204],[-25,60],[-46,26],[29,82],[-89,61],[-72,142],[-56,31],[-69,83],[-29,81],[-115,51],[51,66],[99,-18],[69,66],[63,-48],[21,81],[71,38],[-40,70],[-34,15],[-42,69],[6,43],[-98,44],[-6,110],[-53,-14],[-36,50],[-36,-5],[-39,75],[9,40],[-8,23]],[[20875,26526],[21,-11],[19,-38],[21,29],[5,21],[-30,84],[58,66],[-36,113],[13,28],[0,38],[26,6],[-1,0]],[[20971,26862],[16,5],[101,22],[81,91],[41,15],[-5,87],[-29,53],[31,61],[132,4],[58,59],[84,-20]],[[21481,27239],[84,-105],[3,-116],[35,-35],[20,-12]],[[21623,26971],[-30,-58],[-87,-93],[28,-23],[-5,-165],[34,-120],[104,-20],[-13,-106],[-40,6],[-48,-65],[-53,-166],[60,-83],[-41,-54],[-25,-73],[105,-26],[92,31],[-5,-55],[50,-26],[49,62],[42,2],[99,-70],[-35,-34],[100,-81]],[[22004,25754],[-54,-126],[-75,-5],[-29,-2],[-36,-52],[-6,-236],[-29,-48],[7,-87],[57,-47],[45,-155],[87,-33]],[[20791,19820],[-23,1],[9,62],[-54,55],[-79,15],[-54,-114],[31,-35],[-26,-83],[-80,36],[-74,-21],[-41,-42],[21,-74],[-6,-95],[-67,15],[-59,-126],[-143,117],[-10,59],[-45,-7],[-62,42]],[[19945,20822],[23,67],[27,-7],[15,-39],[8,2]],[[20483,23515],[69,40],[40,59],[77,35],[30,26],[-4,98]],[[20695,23773],[52,-28],[61,-18],[37,32],[63,-12],[54,-74],[79,-44],[62,38],[21,-152],[49,-88],[-10,-62]],[[21163,23365],[15,-55],[70,-31],[65,-96],[-26,-55],[32,-104],[5,-81],[54,-85],[41,-109],[-4,-76],[43,-130],[52,-5],[50,-45],[-61,-124],[1,-64],[-51,-71],[-93,-14],[-39,-78]],[[21317,22142],[-117,91],[-75,-96],[-18,8]],[[21107,22145],[-9,8],[-38,93],[-4,87],[-48,10]],[[21008,22343],[-17,70],[-44,36],[19,47],[2,48],[-39,-8],[-1,38],[50,37],[-49,50],[6,46],[-47,56],[-3,103],[-64,0],[-115,55],[-293,2],[-29,60]],[[19901,23732],[7,4],[47,31],[42,133],[70,3],[-3,16],[18,98],[-26,81],[-59,-5],[4,118],[37,53],[10,111],[-25,49],[7,109],[20,56]],[[20602,24286],[-11,-147],[87,-65],[6,-77],[-35,-60],[-5,-62],[41,-35],[10,-67]],[[21163,23365],[88,54],[40,58],[259,87],[37,51],[0,27]],[[21587,23642],[11,-12],[44,16],[67,-44],[9,-22],[110,-66]],[[21828,23514],[-11,-46],[15,-236],[34,-63],[4,-61],[-45,-50],[-23,-67],[38,-52],[49,-22],[12,-95],[48,8],[15,-53],[-30,-38],[-24,-112],[44,-43],[-27,-77],[13,-102],[-47,-70],[20,-186],[228,-61],[60,-37],[76,17],[29,-1],[64,-12],[9,1]],[[22379,22056],[15,-5],[-11,-139],[16,-97],[-19,-36],[-82,-2],[-41,-66],[-31,-8],[-21,-17]],[[22205,21686],[-21,95],[40,54],[-10,10],[-105,11],[-39,37],[-85,13],[-27,-9],[-56,-26],[-76,-87],[-64,90],[-56,146],[-48,45],[-72,-29],[-105,49],[-90,66],[-74,-9]],[[22004,25754],[53,55],[37,10],[38,-75],[51,24],[24,61],[74,-29],[28,-88],[-36,-108],[56,-71],[9,-1],[80,9],[49,55],[94,61],[45,3],[10,19],[19,4],[107,-82]],[[22742,25601],[43,-39],[48,-26],[32,-50],[6,-76],[-25,-74],[132,15],[36,-69],[54,-33],[49,18],[53,-33],[-7,-160],[41,-28],[34,-103],[7,-11],[5,-16],[20,-11],[-70,-7],[-105,24],[-124,-3],[-94,39],[-119,-25]],[[24440,27346],[3,-55],[80,-42],[68,-70],[-11,-62],[30,-70],[54,57],[59,-77],[94,-25],[83,29],[59,-6],[29,-61],[-28,-62],[8,-46],[-86,-41],[-16,-84],[-30,-19],[-4,-27]],[[24832,26685],[-4,-13],[-39,3],[-54,-50],[11,-78],[-127,-90],[-107,4],[-50,-71],[-66,-41],[-4,-81]],[[24392,26268],[-13,13],[-32,-33],[105,-75],[-3,-52],[-60,-105],[-52,-20],[-80,3],[-28,-33],[-56,7],[-49,-33],[-15,-53],[-34,-5]],[[24075,25882],[-56,55],[-42,90],[-59,-1],[-80,29],[-51,73],[-50,28],[5,67],[11,62],[-32,19],[-48,-46],[-114,-17],[-98,79],[12,144]],[[23473,26464],[4,6],[-3,20],[49,33],[94,-27],[82,68],[145,-81],[45,51],[-70,35],[22,61],[-7,139],[-106,84],[-108,138],[56,142],[-31,28],[-23,52],[76,74],[-8,68]],[[20020,24905],[-105,42],[-54,2],[-72,17],[-40,-24],[-72,66],[-43,101],[-109,9],[-16,-1]],[[19509,25117],[-9,27],[13,11],[-23,56],[-3,19],[86,271],[59,101],[43,-6],[52,-115],[38,81],[-36,26],[-15,3],[25,27],[45,3],[15,108],[-10,53],[33,19]],[[19822,25801],[13,6],[55,4],[45,80],[1,30],[-21,118],[14,96],[59,25],[35,53],[36,-43],[45,-17],[26,12],[31,58],[86,-7],[10,58],[87,-32],[6,-71],[98,55],[52,-4]],[[20500,26222],[8,-137],[70,-88],[-24,-74],[47,-79],[-1,-44],[-27,-38],[-36,-177],[20,-48],[-31,-116]],[[20297,20935],[52,61],[122,23],[-7,84],[15,76],[-64,7],[42,156],[4,85],[31,68],[-55,28],[-29,68],[-26,8],[-62,31],[3,6]],[[20323,21636],[12,12],[-13,84],[34,50],[-25,33],[35,51],[-108,88],[-40,67],[-18,69],[104,47],[45,1],[25,53],[-6,60],[27,56],[52,-3],[210,80],[43,-58],[96,-49],[70,16],[45,40],[37,-12],[47,8],[13,14]],[[21107,22145],[-56,-160],[33,-85],[157,-74],[30,-99],[112,-7],[7,-63],[-30,-83],[21,-132],[-25,-69],[17,-74],[-36,-61]],[[21623,26971],[41,-9],[138,49],[63,50],[54,-8],[67,-43],[141,14],[52,-16]],[[22179,27008],[-13,-7],[-5,-9],[25,-103],[-31,-83],[151,-58],[75,39],[63,-47],[20,-14]],[[22464,26726],[27,-44],[88,-44],[51,6],[120,-122],[71,-20],[42,-37],[64,44],[48,13],[35,4]],[[23010,26526],[-13,-63],[-10,-11],[-8,-95],[23,-107],[-31,-63],[39,-83],[-5,-99],[-113,-192],[23,-84],[-34,-50],[-95,-11],[-44,-67]],[[21481,27239],[19,14],[7,33],[15,160],[73,139],[-9,26],[-71,58],[-52,2],[-9,58],[-116,-23],[-14,7],[0,9],[-59,33],[-4,7]],[[21261,27762],[-4,11],[-34,121],[-54,62],[-134,-38],[-45,63],[-106,27],[-55,-70],[-60,14],[-41,-69],[-35,35],[-5,71],[-50,58],[51,19],[16,102],[46,-2],[69,102],[-21,55],[-53,28],[5,56],[-69,82],[0,17],[-2,42]],[[20680,28548],[100,61],[63,-104],[108,-82],[61,-8],[127,58],[34,48],[53,-34],[77,17],[69,-70],[181,-1],[11,7],[53,48]],[[21617,28488],[-4,-42],[46,-34],[37,24],[112,-31],[167,2],[52,5],[23,-32],[11,-5]],[[22061,28375],[-1,-34],[29,-13],[32,5],[85,-108],[15,-47],[-40,-61],[7,-146],[93,-74],[19,-61],[-3,-129],[35,-21],[31,-5],[77,-18],[22,-78],[-4,-21],[-19,-76],[-73,-19],[-44,-58],[-45,-109],[-85,-19],[-3,-121],[42,-59],[-52,-95]],[[22733,24553],[101,-61],[29,48],[45,-12],[9,-64],[88,-24],[58,-106],[54,61],[34,-5],[21,-5],[9,-10],[74,-18],[6,1]],[[23261,24358],[2,-26],[-8,-23],[-17,-22],[20,-106],[-39,13],[-44,-42],[8,-45],[-41,-141],[-112,-64],[-123,30],[-93,64],[-120,9],[-36,-23],[-60,24],[-89,-37],[-38,29],[-188,-15],[-1,-96],[-5,-8],[0,-1]],[[22277,23878],[-9,-16],[-6,-67],[-107,-159],[-108,-69],[-8,-89],[-37,-42],[-59,9],[-22,60],[-84,35],[-9,-26]],[[21587,23642],[-8,29],[-35,81],[-121,34],[-35,49],[-53,-7],[-58,43],[11,79],[35,89],[5,72],[68,71],[78,33],[73,61],[39,83]],[[20500,26222],[54,72],[74,24],[71,-24],[44,43],[6,75],[57,69],[55,11],[11,30],[3,4]],[[19491,20981],[20,12],[6,19],[-47,27],[-38,73],[123,28],[38,37],[-10,73],[-69,41],[-33,53],[-53,-9],[-99,80],[-91,1],[4,137]],[[19242,21553],[79,18],[-12,115],[80,50],[85,17],[-9,24],[-58,14],[-67,-39],[-12,42],[50,47],[115,63],[44,61],[41,-18],[54,-8],[20,34],[163,-8],[6,-62],[-58,-118],[0,-75],[40,-49],[81,-56],[167,-37],[23,87],[74,12],[52,-31],[123,0]],[[23010,26526],[12,85],[50,18],[17,57],[44,23],[92,-29],[101,-15],[52,-45],[76,-12],[-32,-53],[10,-61],[37,-30],[4,0]],[[24075,25882],[-6,-3],[-74,-77],[-81,7],[-73,-35],[-41,-47],[-26,-74],[-69,-86],[66,-58],[-96,-17],[16,-81],[-20,-72],[100,-88],[-44,-64],[3,-71]],[[23730,25116],[-25,8],[-41,-4],[9,-63],[-70,24],[-24,-58],[13,-53],[-43,-79],[-57,-32],[98,-59]],[[23590,24800],[-31,-57],[-60,55],[-34,-20],[-52,-49],[-2,-63],[-2,-16],[-36,-108],[12,-68],[67,-75],[1,-63],[-30,-36],[-144,59],[-15,0],[-3,-1]],[[19665,22798],[-13,-3],[-20,-18],[-59,-71],[-45,-22],[-12,-38],[-6,-5],[-36,18],[14,-81],[-55,-44],[-61,13],[-39,-39],[-3,-107],[-58,-19],[-37,51],[-66,-57],[-61,-20],[-58,-105]],[[19050,22251],[-89,46],[-48,12],[-38,-24],[-65,47],[20,90],[-23,48],[114,46],[84,1],[48,62],[115,31],[-47,117],[26,63],[6,132],[24,152],[-98,10],[-91,-38],[-24,80],[53,44],[92,29],[-28,55],[-26,133],[19,46]],[[19074,23433],[-27,178],[-43,4],[-79,-1],[-17,38],[-14,35],[-24,63],[33,35],[-5,83],[-13,28]],[[18885,23896],[10,24],[14,0],[-4,11],[17,91],[78,16],[20,35],[79,22],[27,13],[21,5],[55,45],[41,113],[-14,14]],[[19229,24285],[43,70],[21,91],[44,51],[7,134],[-33,77],[0,32],[20,32],[-23,81],[27,54],[-4,17],[6,28],[21,42],[66,-28],[45,41],[40,110]],[[21125,19819],[5,-49],[102,-57],[-12,-46],[-71,-3],[-80,-95],[-7,-31],[-127,-117],[-27,-110],[-133,-10],[3,-39],[-103,-25],[-40,-46],[-61,-24],[-36,-125],[28,-45],[-22,-108],[-54,-106],[6,-98],[-35,-39],[-27,-117],[-64,19],[-18,-103],[1,-32]],[[20353,18413],[-42,6],[-92,0],[-68,3],[-96,59],[-50,9],[-95,-59],[-64,-58],[-29,6],[-51,87],[-31,141],[-28,201],[-34,62],[8,71],[39,47],[0,11]],[[23170,27432],[-49,-19],[-68,22],[-6,-76],[36,-88],[-40,-18],[-56,22],[-94,0],[-8,-49],[-52,-35],[-49,7],[-69,65],[-82,-15],[-38,-73],[126,25],[-1,-54],[-136,-50],[30,-49],[-54,-82],[-41,-9],[4,-84],[-61,-68],[2,-78]],[[22061,28375],[37,-2],[44,17],[6,54],[58,-7],[67,27],[48,52],[-22,31],[2,11],[32,21],[21,7],[11,12]],[[19242,21553],[-48,46],[-79,32],[-66,61],[7,61],[-41,30],[-30,1],[-71,-61],[58,168],[-70,-1],[-64,27],[5,38],[58,34],[40,-32],[78,-4],[37,84],[-18,37],[21,103],[-9,74]],[[7502,22610],[31,7],[60,39],[43,-59],[54,-9],[0,-19],[3,-24],[-15,-7],[-35,-3],[-69,-86],[-49,-12],[4,-97],[21,-11],[11,28],[9,-2],[9,-21],[35,-5],[30,24],[8,8],[-17,43],[106,-7],[29,-22],[-10,-22],[-41,-25],[0,-27],[7,-17],[25,-13]],[[7751,22271],[4,-41],[-58,-76],[-28,36],[-163,39],[-40,-21],[-43,56],[-47,22],[19,44],[-15,38],[0,16],[-9,37]],[[7371,22421],[6,5],[-7,31],[-44,22],[8,78],[124,1],[30,-3],[2,40],[12,15]],[[7141,22686],[11,102],[58,59]],[[7210,22847],[-1,-86],[47,9],[-3,-82],[-112,-2]],[[4166,23256],[10,18],[61,21]],[[4237,23295],[-71,-39]],[[8830,14427],[-103,63],[-70,3],[2,68],[-57,-7],[-41,190],[-95,200]],[[8466,14944],[94,-10],[142,32],[50,100],[67,-92],[56,-2],[47,-136],[-10,-26],[51,-58],[121,28],[70,40]],[[9154,14820],[200,7],[18,-62],[-20,-86],[45,-77]],[[9397,14602],[-42,-50]],[[9355,14552],[-79,-40],[-19,-38],[-122,-30],[-27,-7],[22,-91],[-50,-126],[-91,27],[-9,65],[-70,39],[-11,43],[-69,33]],[[9355,14552],[40,-77],[6,-101],[65,-25],[-8,-63],[17,-78],[-79,-3],[-30,-65],[67,-31],[23,-66],[-50,-68],[-13,-69],[33,-103],[-40,-50],[-4,-58],[-49,-47],[-85,11],[-23,-4],[3,-55],[-94,-11],[-24,-26]],[[9110,13563],[-84,37],[9,67],[-25,68],[-73,44],[-8,45],[-90,56],[41,100],[-49,200],[-46,141],[-69,16],[-79,56],[82,24],[60,-16],[51,26]],[[6437,25908],[-60,-119],[-42,-5],[-49,-59],[21,-70],[-90,-125],[-4,-83]],[[6213,25447],[-26,-13]],[[6187,25434],[-8,53],[-68,-24],[-27,30],[-73,5],[-35,74],[-112,-1],[-116,33],[-14,-36],[-26,-6]],[[5708,25562],[-17,-4],[-44,56],[-45,12],[-81,-9],[-77,83],[-80,55],[-11,51],[-49,54],[-16,98]],[[5288,25958],[23,10],[-4,61],[128,26],[48,-59],[76,2],[-6,40],[109,6],[61,50],[66,-63],[-4,42],[-35,123],[40,96],[18,3],[16,-8],[16,-42],[99,-5],[29,-103],[53,-12],[118,71],[-29,58],[68,46],[-28,46],[-41,29],[-70,30],[-48,-19],[-14,166],[51,-30],[26,75],[-54,20],[-33,84],[-52,18],[-51,103],[30,113],[-15,52],[41,62],[-6,107],[-156,38],[-21,52],[14,117],[64,45],[59,14],[13,56],[-86,-7],[-54,33],[-12,-66],[-36,-2],[-3,90],[32,91],[-33,84],[131,17],[11,19],[1,91],[49,74]],[[5887,27902],[10,-3],[41,10],[3,-5],[-6,-33],[35,-69],[69,25],[106,-30],[32,-46],[64,22],[50,57],[56,-78],[-57,-72],[4,-40],[-86,-63],[-45,-57],[9,-98],[-22,-34],[27,-85],[-37,-67],[41,2],[49,28],[58,-29],[40,-49],[78,55]],[[6406,27243],[30,-35],[77,-32],[96,-12],[27,124],[38,38],[82,-79],[70,-30],[95,6],[47,25],[97,-27],[77,-98],[15,-42],[17,-35]],[[7174,27046],[12,-38],[-79,-96],[-91,9],[-43,-48],[-84,21],[-54,-17],[-17,-80],[-123,-70],[14,-84],[-13,-83],[39,-42],[-64,-79],[1,-16]],[[6672,26423],[-58,-59],[-70,-32],[24,-93],[-37,-47],[-60,-8],[-15,-109],[-39,-35]],[[6417,26040],[47,-14],[-27,-118]],[[4725,23430],[-49,86],[-30,5],[58,135],[-41,35],[-84,-46],[-25,21],[33,114],[-25,64],[-196,163],[-26,5],[-21,-11],[-125,35],[-30,-26],[-75,42],[-31,59],[-12,81],[-1,19],[11,13],[-3,42],[60,-33],[40,17],[5,99],[121,38],[-38,108],[-57,-34],[-29,39],[-55,-15],[0,60],[29,65],[66,6],[-49,110],[-106,107]],[[4040,24833],[2,17],[-24,41],[-15,14],[16,37],[24,11],[30,7],[61,-7],[47,-4],[13,49],[151,-54],[46,8],[23,20],[22,66],[11,193],[87,26],[12,31],[119,61],[-3,44],[75,16],[26,-88],[49,29],[-34,71],[38,42],[12,0],[33,-59],[24,-36],[74,-11]],[[4959,25357],[9,-40],[72,-8],[29,-42],[-55,-81],[38,-16],[25,-111],[35,5],[73,-54],[37,-49],[52,-22],[-5,-55]],[[5269,24884],[-24,-102],[-40,-28],[6,-55],[-28,-49],[-58,-17],[-33,-100],[82,-68],[105,1],[16,-64],[54,-34],[78,2],[-26,-87],[-136,-31],[-33,-46],[-56,0],[-18,-113],[10,-43],[-6,-15],[-7,-15],[29,-4],[80,-46],[55,-62],[23,-126],[52,-35]],[[5394,23747],[-57,-18],[-46,-49],[-136,-41],[-29,9],[-59,-98],[-58,-34],[-54,-1],[-126,-37],[-104,-48]],[[6470,25798],[1,100]],[[6471,25898],[37,1],[9,-120],[-47,19]],[[6672,26423],[72,-81],[29,-98],[126,-12],[52,209],[163,23],[51,-76],[70,41],[-1,-61],[73,22],[19,52],[56,15],[36,60],[17,75],[38,29],[43,-26],[113,8],[47,-68],[66,1],[40,-79]],[[7782,26457],[-18,-24],[-94,-60],[-28,-94],[-66,-29],[-3,-92],[-41,-48],[10,-51],[-37,-51],[20,-85],[-96,-93],[-76,8],[2,42],[-55,17],[-8,-53]],[[7292,25844],[-83,-38],[-20,64],[-149,-85],[-99,10],[-87,79],[-93,-48],[-161,-20],[-55,96],[-69,25],[34,70],[-28,41],[-65,2]],[[8235,27544],[-77,-25],[-81,-4],[-73,-52],[-49,-61],[46,-104],[-50,-16],[-18,-77],[-86,-37],[-42,18],[-51,64],[-11,58],[-49,-4],[-26,79],[-58,-7],[-78,-41],[-76,0],[-6,-1]],[[7450,27334],[-47,-1],[7,137],[44,61]],[[7454,27531],[25,0],[54,21],[53,55],[-16,98],[45,57],[-2,72],[75,76],[-13,59],[52,27],[19,91],[-79,64],[-12,63],[-39,27],[21,114],[98,83],[26,29],[18,65],[74,-75],[30,9],[15,84],[60,21],[22,14],[33,-9]],[[8013,28576],[-41,-86],[19,-37],[1,-17],[-4,-13]],[[7988,28423],[-14,-38],[10,-13],[13,-28],[37,29],[78,-53],[44,-72],[48,-20],[-14,-106],[39,-38],[68,71],[75,-3],[64,-48],[-36,-153],[31,-25],[-26,-72],[-12,-34],[1,0]],[[8394,27820],[-6,-19],[13,-27],[-20,-42],[-83,-85],[-63,-103]],[[6041,28764],[-53,-1],[-55,57],[-17,-61],[26,-60],[-112,18],[-17,25],[-44,-13],[8,-80],[67,-101],[-160,-36],[-15,-36],[-114,-3],[-21,-13],[-80,42],[-8,21],[5,81],[-73,73],[-94,-48],[-63,62],[-121,-5],[-39,57],[-31,-46],[3,-70],[-48,-25],[-29,61],[-95,9],[-26,22]],[[4835,28694],[-9,10],[-37,18],[63,85],[-17,34],[31,106],[-49,55],[94,13],[8,8],[1,18],[-36,-1],[-37,22],[-21,73],[-33,23],[30,-10],[-5,82],[90,41],[41,49],[-14,60],[-80,3],[-3,80],[32,124],[-138,-10],[10,56],[70,22],[2,49],[-37,41]],[[4791,29745],[36,54],[33,13],[62,-44],[163,87],[75,9],[123,-14],[69,-62],[84,35],[144,19],[4,-73],[87,2],[4,81],[63,-4],[35,-71],[91,44],[1,40],[90,47],[51,-14],[-1,-74],[119,-61],[37,-11],[68,39],[131,-40],[39,24]],[[6399,29771],[3,-50],[-44,-13],[-53,24],[-44,-33],[68,-69],[97,23],[44,-87],[54,13],[42,-25],[-18,-54],[43,-89],[70,18],[-15,54],[68,94],[68,-57],[108,-27],[53,6],[1,-68],[60,-97],[128,-5],[81,13],[50,-24],[32,-40],[39,20],[29,19]],[[7363,29317],[12,-80],[94,-37],[-18,-73],[-57,-119],[-50,-63],[-47,-151],[-78,-31],[-2,-4]],[[7217,28759],[-1,1],[-21,35],[-45,-4],[-46,77],[-35,-15],[-48,-8],[-4,27],[-173,-73],[34,-85],[-82,-22],[-39,-74],[-69,13],[-66,-17]],[[6622,28614],[0,28],[-10,22],[-69,31],[-92,-20],[-20,97],[-190,66],[-22,65],[-97,17],[17,-67],[-60,-57],[-42,12],[4,-44]],[[7297,24458],[-90,25],[-62,-50],[-72,45],[-14,5],[-30,33],[-87,-36]],[[6942,24480],[-35,-1],[2,112],[-52,-31],[-60,81],[46,121],[73,20],[46,38],[46,-21],[69,40],[-67,44],[-39,-19],[-171,5],[-81,-38],[-46,81],[35,48],[18,94],[27,53],[-79,54],[-25,142],[4,65],[66,283],[32,62],[51,43],[73,5],[79,-54],[93,-15],[79,120],[96,-39]],[[7222,25773],[33,-85],[-29,-29],[61,-148],[43,-46],[70,14],[15,-34],[94,-85],[0,-62],[-52,3],[-27,-47],[101,0],[-4,-52],[100,-9],[87,-77],[67,-10],[36,65],[-39,90],[63,23],[50,-67]],[[7891,25217],[18,-106],[86,-42],[63,-90],[4,-62],[86,16],[38,-73],[-19,-21],[-5,-12],[7,-20],[6,-56],[-63,-91],[-4,-22],[16,-32]],[[8124,24606],[-41,-5],[-260,-45],[-63,15],[-106,-11],[-38,-23],[-62,35],[-9,84],[-54,-49],[-149,-23],[18,-44],[-45,-32],[-18,-50]],[[6187,25434],[42,-43],[-33,-67],[76,-120],[3,-265],[71,-158],[-57,-91],[-23,-120],[-62,-124],[-58,-51],[-84,-119],[-20,-71],[-41,-62],[48,-82],[-103,-62],[-85,-28],[-61,-40],[-65,-13],[-174,-88],[-51,-61],[-116,-22]],[[5269,24884],[51,14],[-44,136],[3,44],[97,62],[38,93],[10,75],[67,106],[69,16],[112,-20],[-20,70],[32,49],[24,9],[3,23],[-3,1]],[[6437,25908],[34,-10]],[[6470,25798],[-33,-63],[41,-35],[-105,-96],[-26,-75],[-41,-188],[-43,38],[13,53],[-63,15]],[[4959,25357],[103,48],[-8,40],[77,38],[-6,96],[-47,44],[13,78],[-75,44],[39,64],[-1,10],[-33,10]],[[5021,25829],[9,46],[87,32],[28,42],[24,17],[101,-5],[18,-3]],[[8210,25339],[-6,124],[54,87],[-87,-15],[51,87],[-30,53],[13,58],[-35,31],[96,85],[7,100],[26,-3]],[[8299,25946],[45,-7],[74,103],[94,-45],[-70,-37],[-4,-82],[55,-3],[95,102],[26,69],[-59,45],[1,12],[-6,56]],[[8550,26159],[4,102],[40,51],[72,5],[95,-74],[64,6],[45,57],[40,-6],[87,54],[66,-36]],[[9063,26318],[-36,-57],[64,-14],[31,-125],[27,-21],[51,32],[8,-13],[40,20],[119,-32],[15,-53],[-93,-56],[-35,-63],[-87,18],[-35,65],[-61,-19],[-20,-124],[29,-29],[-7,-64],[76,-28],[15,-194],[58,8],[-11,-68],[-39,-12],[-58,-86],[83,-26],[-12,-53]],[[9185,25324],[-12,-2],[-141,-51],[-104,-58],[-47,-29]],[[8881,25184],[-16,33],[-24,5],[-38,54],[-53,43],[-77,-38],[-57,61],[-74,27],[-74,-26],[13,-83],[-95,-11],[-115,116],[-61,-26]],[[8550,26159],[-73,18],[-8,47],[-49,11],[-36,-38],[-48,13],[-29,137],[69,47],[-18,40],[46,45],[86,31],[-7,84],[86,-19],[-14,83],[28,44],[116,15],[21,92],[38,-7],[29,104],[35,53],[6,171],[-6,15]],[[8822,27145],[19,65],[50,25],[57,-33],[52,23],[32,-36],[73,32],[44,158],[0,7]],[[9149,27386],[1,-1],[2,-1],[4,-20],[28,-6],[15,-29],[43,-9],[38,66],[65,-22],[59,-100],[-9,-39],[43,-26],[20,-28]],[[9458,27171],[40,-54],[34,-89],[-21,0],[-24,-21],[61,-91],[126,6],[25,-91],[-22,-73],[-95,-140],[-34,-154]],[[9548,26464],[-159,15],[-64,-56],[-35,-78],[-86,-55],[-81,6],[-43,23],[-17,-1]],[[2498,25090],[-75,13],[-40,-64],[-87,68],[-38,-12],[-33,60],[71,10],[24,59],[77,56],[-11,61],[-41,5],[-58,-39],[8,-54],[-22,-8],[-33,38],[-62,8],[-50,-28],[-19,-62],[-73,4],[3,-65],[-63,-7],[-19,37],[-69,-11],[-20,-84]],[[1868,25075],[-79,56],[-146,134],[-312,349],[-158,205],[-26,101],[32,91],[79,122],[55,-12],[56,-67],[46,29],[60,-12],[51,-40],[-37,-104],[18,-37],[83,-60],[94,23],[82,77],[127,-4],[106,37],[96,112],[14,-64],[76,-29],[71,16],[8,48],[61,14],[-2,97],[34,13],[64,-50],[30,-49]],[[2451,26071],[-44,-30],[36,-130],[-24,-13],[56,-147],[62,-37],[4,-104],[118,-31],[-47,-50],[-4,-110],[44,-68],[65,-34],[-27,-50],[-2,-133],[-27,-31],[-120,-20]],[[2541,25083],[-3,6],[-40,1]],[[2216,26165],[42,-57],[-30,-31],[-69,37],[57,51]],[[6406,27243],[59,-6],[46,45],[-30,63],[84,62],[-39,125],[16,35],[75,-2],[21,64],[52,20],[-26,57],[31,59],[118,-16],[61,-64],[42,33],[48,-27],[41,18]],[[7005,27709],[-4,-48],[3,-52],[173,-1],[36,-21],[78,10],[35,-127],[37,2],[63,89],[28,-30]],[[7450,27334],[8,-53],[-60,0],[-39,-92],[-43,6],[-47,-94],[-72,-36],[-23,-19]],[[4107,23321],[-22,-36],[38,-6],[8,-14]],[[4131,23265],[-4,-25],[-191,27],[-89,49],[-155,54],[-248,136],[-48,51],[-45,11],[-168,125]],[[3183,23693],[44,42],[143,27],[59,-13],[8,56],[72,-23],[7,94],[76,18],[3,60],[48,54],[62,32],[61,-76],[11,-57],[69,-3],[87,-82],[-12,-59],[44,-86],[181,-17],[31,-117],[-92,-46],[15,-44],[73,-25],[-5,-36],[-78,-57]],[[4090,23335],[17,-14]],[[2451,26071],[38,2],[41,79],[66,-6],[109,135],[140,50],[83,-20],[112,8],[88,130],[29,111],[37,69],[62,33],[12,61],[115,193],[59,38],[20,52]],[[3462,27006],[130,-15],[37,3],[8,-3],[2,0]],[[3639,26991],[-17,-14],[124,-121],[66,-48],[22,-33],[-30,-15],[9,-60],[-51,-37],[45,-100],[-50,-32],[5,-44]],[[3762,26487],[0,-10],[-62,-36],[-57,-171],[59,-32],[17,-39],[-139,-20],[-37,-83],[4,-81],[83,-59],[-55,-73],[46,-85],[82,-12],[15,-117],[-35,-41],[33,-66],[-41,-14],[-54,-79],[-99,7],[-64,-40],[-64,29],[-68,4],[-4,-52],[-95,-26],[-19,-58],[-56,-4],[0,-96],[-57,-22],[-18,70],[-34,7],[-26,-126],[-46,-30],[-11,-79],[-92,-15],[69,-98]],[[2937,24940],[-61,-57],[-21,16],[-20,82],[5,70],[-33,15],[-87,-47],[-80,-22],[-22,-53],[-76,8],[-3,76],[2,55]],[[2804,26387],[-3,-64],[-68,-14],[2,54],[69,24]],[[4107,23321],[24,-56]],[[4166,23256],[-8,-3],[-6,4],[-6,17],[-39,49],[-17,12]],[[3183,23693],[-105,91],[-196,187],[-95,108]],[[2787,24079],[40,43],[20,62],[-58,25],[3,65],[-56,60],[87,173],[-29,96],[34,22],[-16,58],[82,27],[-21,68],[88,18],[49,56],[17,-25],[7,-4],[16,0]],[[3050,24823],[4,-24],[18,-59],[102,40],[51,-37],[11,-60],[-37,-19],[21,-66],[54,34],[12,68],[99,18],[1,65],[107,37],[84,-18],[23,28],[72,-22],[89,-44],[46,44],[34,-15],[47,-59],[58,58],[58,5],[36,36]],[[4725,23430],[-82,-49],[-72,-16],[-14,-36],[-93,-1],[-55,-42],[-91,25],[-81,-16]],[[436,27865],[30,-39],[-16,-88],[-40,25],[26,102]],[[260,28406],[57,-32],[43,17],[-11,-118],[-44,-117],[-67,-93],[-80,-32],[-19,36],[-102,9],[-18,69],[99,7],[106,130],[-4,44],[40,80]],[[182,28437],[18,-30],[-13,-30],[16,-87],[-87,-50],[9,147],[38,18],[19,32]],[[532,28638],[33,-33],[37,-1],[-5,-15],[-19,-17],[-4,-16],[-28,-35],[-86,-11],[-7,40],[66,41],[13,47]],[[4835,28694],[-28,-75],[2,-13],[-91,-19],[-22,20],[-52,-17],[-26,1],[-58,-21],[-57,-12],[-39,-74],[-32,-144],[24,-134],[-49,-40],[18,-71],[39,-34],[100,44],[-4,53],[64,84],[-7,48],[55,-12],[22,-32],[-1,-87],[123,-23],[75,16],[38,-19],[70,-128],[53,-8],[-16,-137],[78,41],[55,-39]],[[5169,27862],[78,-42],[22,-41],[-6,-28],[-13,-86],[50,-1],[42,-50],[6,-68],[-46,-103],[43,-76],[-33,-65],[-47,-12],[-93,47],[-100,-33],[-63,3],[-189,38]],[[4820,27345],[-138,-38],[-33,69],[-53,-15],[-31,45],[-144,-64],[-35,7],[-130,-51],[4,17],[-6,6],[-71,1],[-2,-30],[-88,-26],[-82,55],[-120,-61],[-34,-39],[-122,-62],[-74,-80],[-15,-80],[-7,-8]],[[3462,27006],[54,81],[32,90],[-85,-7],[-63,-61],[-4,-104],[-71,-55],[-122,42],[-28,30],[-74,-38],[-98,-16],[-57,-55],[-233,-25],[-70,-45],[-60,12],[-105,-37],[-72,-52],[-63,-136],[-108,47],[-63,-12],[-74,44],[-56,9],[-72,-29],[-122,67],[-138,31],[-53,-14],[-117,29],[-262,166],[-361,219],[-43,13],[-70,64],[-94,60],[-21,46],[-74,53],[21,41],[55,15],[-16,80],[41,-1],[-36,95],[-118,62],[-55,121],[-32,23],[-22,200],[4,66],[108,140],[109,66],[57,82],[80,30],[17,48],[-89,11],[-53,-43],[-57,6],[-40,-30],[-63,-109],[-13,5],[-2,30],[-13,14],[16,28],[-10,40],[48,23],[35,68],[69,46],[-45,23],[-14,3],[-32,0],[-19,65],[313,-2],[16,123],[7,414],[96,40],[33,-166],[77,-16],[37,100],[39,29],[36,-65],[67,-14],[122,67],[150,-56],[185,69],[80,-18],[108,13],[107,-32],[153,38],[192,-171],[224,-17],[201,3],[75,28],[44,54],[50,115],[63,26],[133,28],[93,38],[113,22],[138,56],[177,56],[57,-33],[-61,-94],[33,-173],[95,-25],[233,-4],[136,57],[-14,56],[115,92],[165,16],[33,43],[53,16],[3,61],[-148,10],[-32,14],[12,135],[-26,30],[3,97],[31,52],[133,84]],[[4496,29867],[19,-20],[120,-43]],[[4635,29804],[69,-27],[87,-32]],[[566,27587],[81,-27],[5,-41],[-66,-18],[-20,86]],[[315,28528],[66,-64],[-63,-82],[-67,36],[-17,47],[81,63]],[[367,28723],[-18,-101],[-106,-42],[-21,-116],[2,-33],[-37,5],[-16,4],[-23,-12],[11,-22],[-33,-11],[-30,-144],[-26,-50],[-70,83],[30,54],[-4,80],[69,79],[54,105],[57,-12],[52,105],[64,-15],[45,43]],[[399,28628],[-4,-67],[5,-25],[-40,-29],[-50,26],[-57,-28],[-10,46],[21,25],[35,0],[52,25],[11,21],[37,6]],[[473,28449],[37,-46],[-17,-22],[16,-23],[-9,-34],[-34,-29],[-89,10],[30,51],[-13,54],[79,39]],[[453,28719],[50,-113],[-101,-74],[5,91],[-12,10],[-11,-7],[-21,3],[31,72],[59,18]],[[8235,27544],[78,-61],[-50,-40],[1,-55],[-41,-69],[-135,8],[-60,-26],[-24,-53],[32,-11],[32,-36],[-3,-85],[32,-2]],[[8097,27114],[18,-78],[7,-21],[-5,-11],[-95,-80],[-28,-46],[26,-37],[-18,-54],[-17,-61],[-18,-10]],[[7967,26716],[-47,-14],[-91,-23],[-11,-86],[23,-68],[-42,-51],[-17,-17]],[[5887,27902],[-20,6],[-26,40]],[[5841,27948],[-18,74],[62,17],[73,47],[45,-69],[32,-3],[69,56],[0,80],[62,40],[18,-113],[59,33],[107,11],[33,124],[35,43],[60,-4],[66,48],[9,17],[32,9],[16,10],[0,-20],[3,-9],[23,-2],[49,31],[4,12],[17,100],[-70,9],[-5,125]],[[7217,28759],[-16,-12],[-10,-64],[-50,-43],[-23,-62],[-19,-124],[31,-67],[-20,-52],[4,-37],[48,-89],[6,-42],[5,-79],[7,-18],[-6,-9],[-36,-17],[26,-78],[-18,-132],[-34,-64],[-107,-61]],[[8394,27820],[31,-20],[24,19],[54,7],[20,-62],[74,66],[28,-40],[68,21],[61,-85],[43,-98],[68,7],[37,67]],[[8902,27702],[43,-73],[65,-9],[25,-62],[63,5],[26,-7],[46,-49],[-18,-96],[-3,-25]],[[8822,27145],[-1,2],[-49,17],[-109,84],[-45,-53],[-46,-105],[-73,20],[-100,-26],[-45,-31],[-82,-20],[-71,23],[-39,-15],[-65,73]],[[4820,27345],[25,-43],[59,-37],[-22,-44],[-76,-46],[3,-82],[36,-49],[-42,-121],[-70,-89],[-13,-62],[-29,-6],[-51,5],[-35,59],[-58,-109],[5,-62],[-8,-7],[28,-48],[31,-78],[-94,-90],[-3,-18],[2,-64],[-40,-85],[42,-23],[51,50],[45,-69],[-1,-31],[-49,-7],[-13,-71],[-70,-53],[-31,52],[-62,-4],[-50,-29],[-2,-6]],[[4328,26078],[-84,45],[-63,8],[-112,56],[-42,-47],[17,-44],[-69,-72],[-65,32],[-50,98],[-70,33],[-13,50],[-5,33],[27,55],[8,45],[12,76],[-57,41]],[[7891,25217],[82,-12],[1,66],[19,10],[55,-29],[34,-2],[29,84],[13,27],[86,-22]],[[8881,25184],[0,0],[-42,-23],[-65,-30],[-59,0],[-21,-44],[29,-117],[67,-52],[12,-72],[-19,-37],[-87,-9],[-9,-65],[16,-79],[42,-96],[118,41],[75,2],[2,1]],[[8940,24604],[5,0],[-21,-101],[-133,-17],[-103,-84],[-54,19],[-104,-12],[-13,-11],[-8,-4],[-2,0]],[[8507,24394],[-6,4],[-5,32],[5,14],[-26,75],[-190,1],[-117,36],[-25,41],[-19,9]],[[7932,23517],[91,-75],[108,-19],[68,9]],[[8199,23432],[-9,-97],[-40,-65]],[[8150,23270],[-29,-47],[-20,-26],[-63,-59],[24,-20],[-3,-7]],[[8059,23111],[-139,-40],[-59,-30],[-29,-5],[-68,37],[-23,-21],[-69,25],[-125,-10],[-59,172],[-97,66],[-17,-37],[-117,30]],[[7257,23298],[-46,16],[-115,247],[-10,45],[-49,33],[-47,177],[29,0]],[[7019,23816],[14,-35],[54,6],[23,17],[26,-17],[54,-7],[78,56],[22,-30],[28,-1],[38,36],[103,-10],[-7,-68],[45,-20],[79,-115],[113,-61],[47,-66],[79,-19],[13,-52],[69,-1],[19,111],[8,-8]],[[7924,23532],[8,-15]],[[8299,25946],[-24,25],[-100,7],[-97,134],[13,50],[-37,79],[21,73],[-73,9],[20,115],[-32,4],[2,21],[4,12],[20,5],[16,61],[-3,19],[-7,72],[62,59],[-8,14],[-54,41],[-55,-30]],[[5841,27948],[-42,-41],[-121,-54],[-22,-61],[-65,-59],[-67,10],[7,102],[-94,29],[-142,26],[-76,-10],[-50,-28]],[[2937,24940],[23,-48],[45,4],[39,-40],[6,-33]],[[2787,24079],[-341,418],[-101,119],[60,58],[19,53],[-31,67],[-80,-37],[50,-71],[-55,-36],[-133,146],[-48,16],[-155,157],[-47,32],[-57,74]],[[4328,26078],[79,-29],[-33,-68],[15,-40],[61,-43],[-2,-44],[69,-48],[108,-172],[54,68],[33,-35],[88,-1],[-15,85],[-94,10],[21,93],[115,8],[54,-37],[70,28],[2,-88],[49,16],[19,48]],[[7363,29317],[19,13],[-20,56],[40,48],[-14,50],[49,52]],[[7437,29536],[14,-29],[45,1],[66,49],[19,-124],[-33,-43],[147,-73],[-11,-83],[-43,11],[-45,-75],[-23,-41],[-30,-69],[1,-19],[63,-75],[75,-48],[80,-22],[-36,-88],[70,-58],[70,28],[55,59],[13,87],[121,-106],[-5,-88],[15,-125],[-52,-29]],[[8507,24394],[0,-1],[-5,0],[-132,-37],[-13,-14],[-137,-17],[-5,36],[-84,8],[-29,-67],[19,-77],[-125,-50],[15,-39],[-127,-80],[-62,-168],[-86,-31],[14,-102],[52,-45],[-43,-51],[119,-42],[46,-85]],[[7019,23816],[-58,43],[16,108],[-33,25],[-52,-27],[-1,-85],[-53,7],[-17,228],[-37,82],[5,57],[46,56],[4,60],[103,110]],[[8940,24604],[59,51],[33,-5],[56,15],[87,-13],[25,2],[11,12],[40,-15],[17,-32],[61,32],[47,-25],[34,39],[67,-31],[-12,-74],[-33,-27],[-129,-34],[-57,13],[-39,-23],[-127,8],[-46,-64],[-50,-3],[-83,-41],[-21,-159],[-87,-59],[-92,9],[-19,-76],[4,-84],[-125,-8],[-8,-48],[-85,23],[-69,-32],[88,-53],[65,4],[18,-105],[106,-74],[52,9],[11,-6]],[[8739,23730],[34,-19],[42,-5],[14,-31],[-21,-5],[-8,-48]],[[8800,23622],[-145,43],[-12,48],[-58,29],[-139,3],[-43,-48],[-131,47],[-24,-116],[-55,-31],[11,-100],[-1,-26],[-4,-39]],[[8800,23622],[37,-36],[24,-113],[14,-6]],[[8875,23467],[2,-35],[5,-127],[-44,-32],[-50,13],[-39,-61],[-32,13],[6,-131],[-92,-36],[-60,-58],[-73,18],[-77,-3],[-25,10],[1,16],[-15,49],[-28,25],[-51,25],[-119,49],[-34,68]],[[7222,25773],[42,15],[28,56]],[[7371,22421],[0,0],[-2,-2],[-63,21],[-35,5],[-52,-6],[-59,-65],[-7,-45],[-64,-45],[-77,11]],[[7012,22295],[16,108],[-11,63],[54,157],[70,63]],[[7210,22847],[29,54],[20,145],[-66,221],[64,31]],[[8059,23111],[37,-52],[63,-19],[-8,-148],[-41,-47],[-53,-141],[17,-110],[-9,-123],[15,-60],[-86,-22],[-97,24],[-25,-18],[-2,-17],[0,-54],[-53,-49]],[[7817,22275],[-33,6],[-8,21],[-4,-21],[-13,-12],[-8,2]],[[13740,39030],[-64,-70],[-6,-19],[-12,0],[-25,15],[-64,55],[-59,-18],[-19,11],[-72,47],[-110,100],[-37,-61],[-187,-46],[-71,-56]],[[13014,38988],[17,85],[-75,80],[111,76],[118,100],[-60,56],[39,45],[60,8]],[[13224,39438],[69,-22],[37,37],[49,-42],[35,-84],[46,40],[14,32],[-34,8],[-16,138],[29,7],[12,52]],[[13465,39604],[57,34],[15,39],[93,107],[77,-91],[25,13],[37,-10],[10,-12]],[[13779,39684],[-19,-9],[40,-48],[74,-21],[27,-76],[76,7],[90,-52]],[[14067,39485],[-64,-61],[-9,-19],[3,-42],[-96,-40],[-48,-76],[-68,-41],[-11,-53],[-89,-87],[55,-36]],[[11874,36053],[-83,7],[-50,27],[-38,73],[-64,49],[-72,20],[-40,36]],[[11527,36265],[2,21],[-56,21],[-31,100],[-82,14],[-25,57],[-13,140],[-50,92],[23,81],[-40,38],[1,65],[-30,66]],[[11226,36960],[44,6],[29,56]],[[11299,37022],[118,35],[121,-133],[136,-20],[43,44],[55,-23],[40,81],[54,39],[34,61],[64,-36],[43,19],[-24,69],[16,42],[60,-32],[53,4],[28,-58],[59,47],[56,-20],[80,24],[55,-116]],[[12390,37049],[-22,-47],[47,-33],[-14,-46],[80,-54],[9,-61],[-5,-55],[62,6],[79,-55],[31,-47],[-34,-87],[34,-30]],[[12657,36540],[68,-36],[23,-80],[-91,-29],[-81,29],[-37,-192],[-64,-20],[5,-83]],[[12480,36129],[-67,14],[-93,-19],[-49,51],[-59,-19],[-58,-95],[-88,-6],[-34,83],[-145,-18],[-13,-67]],[[14018,35193],[-84,38],[-59,76],[-75,38],[-63,8],[-48,30],[43,32],[45,112],[52,184],[43,-4]],[[13872,35707],[54,-40],[-34,-70],[65,-45],[73,-18],[13,-75],[-24,-190],[13,-44]],[[14032,35225],[-14,-32]],[[14208,35680],[-17,9],[-61,61],[-187,104]],[[13943,35854],[-132,80],[-7,102],[4,14],[36,28]],[[13844,36078],[115,34],[-20,68],[67,45],[56,-10],[42,34],[5,-4]],[[14109,36245],[9,-9],[143,-120],[90,-122],[-43,-28],[45,-57],[-5,-44],[30,-44],[31,-140],[-32,-8]],[[14377,35673],[-1,12],[-18,10],[-40,3],[-33,-28],[-77,10]],[[10929,37519],[-64,-36]],[[10865,37483],[-27,125],[62,48],[-67,75],[83,41],[37,197],[-2,30]],[[10951,37999],[22,37],[-38,33],[94,98],[14,-5],[-2,10],[-24,38],[70,39],[28,82],[72,42],[174,-34],[10,-36],[77,4],[19,45],[63,-1],[48,-29],[20,95],[26,0]],[[11624,38417],[-1,-1],[34,1],[36,22],[75,-17],[67,-105],[77,-23],[39,-8]],[[11951,38286],[-18,-78],[27,-103],[6,-79],[1,-15]],[[11967,38011],[-40,24],[-62,-72],[-62,-6],[-37,-35],[-71,21],[-79,-125],[-43,-40],[-110,-10],[-52,-130],[-104,34],[-32,67],[-144,18],[9,-50],[-56,-9],[18,-97],[-77,-24],[-66,25],[-63,-46],[33,-37]],[[13943,35854],[-39,-14],[-55,-101]],[[13849,35739],[-245,82],[-22,127],[-44,14],[-72,-21],[-44,-106],[-39,18],[-32,-57]],[[13351,35796],[-36,17],[-95,-6],[-74,36],[-62,1],[6,86],[-38,5],[8,105],[-23,34],[-10,14]],[[13027,36088],[53,70],[206,41],[18,44],[85,-6],[13,8]],[[13402,36245],[28,15],[73,-7],[109,33],[88,-22],[54,-44],[8,-73],[82,-69]],[[11299,37022],[-8,59],[-118,10],[-7,80],[-76,10],[0,67],[-30,53],[12,46],[49,31],[-33,125],[-100,-46],[7,95],[-66,-33]],[[11967,38011],[4,-23],[-33,-88],[86,-27],[-5,-50],[72,-40],[70,18],[13,-49],[69,-32],[39,42],[60,-21],[-24,-85],[33,-46],[-25,-46],[56,-91],[3,-36],[95,-19],[15,-31],[25,-122],[-25,-50]],[[12495,37215],[-94,-51],[15,-53],[-26,-62]],[[12657,36540],[31,71],[37,21],[200,-4],[28,73],[50,18],[26,82],[40,-73],[58,-44],[111,-42],[185,200]],[[13423,36842],[9,-3],[15,-63],[39,-2],[13,-9]],[[13499,36765],[-7,-29],[26,-163],[-68,-113],[-50,0],[-62,-135],[64,-80]],[[13027,36088],[-12,15],[-24,16],[-59,-136],[-50,-2],[-84,52],[-53,-52],[-113,-12],[1,43]],[[12633,36012],[-138,30],[-15,87]],[[11951,38286],[40,-4],[60,33],[58,-4],[51,54],[5,41],[20,8]],[[12185,38414],[6,2],[34,-26],[146,78]],[[12371,38468],[-2,-157],[-67,-112],[35,-39],[20,-74],[119,-120],[52,75],[67,-9],[19,-74],[83,4],[81,-19],[11,-15]],[[12789,37928],[13,-30],[68,-64],[34,8],[21,8],[94,9],[25,33],[53,-24],[61,8],[37,-26]],[[13195,37850],[-35,-125],[-128,-40],[-23,-87],[11,-36],[61,-40]],[[13081,37522],[-109,32],[-76,-12],[7,-87],[-122,17],[23,-98],[-35,-143]],[[12769,37231],[-50,-60],[-65,35],[-82,9],[-77,0]],[[12371,38468],[1,17],[26,2],[21,24],[-92,42],[-6,87],[39,-4],[-23,101],[15,51],[81,140],[119,-16],[32,30],[63,0],[55,34],[16,-18],[13,-24],[12,-37]],[[12743,38897],[-13,-12],[-48,-76],[59,-71],[31,-76],[-18,-73],[37,-9],[42,-15],[50,-65],[65,32],[32,69],[77,63],[36,-66],[100,14]],[[13193,38612],[-47,-72],[-48,18],[-8,-112],[38,-10],[-40,-102],[9,-100],[-30,-50],[-109,-66],[-57,1],[-51,-32],[24,-48],[-25,-18],[-11,-51],[-49,-42]],[[13193,38612],[60,33],[27,-25],[73,4],[133,-16],[87,70],[32,-33],[110,8],[34,47],[79,-15],[50,-58],[36,4]],[[13914,38631],[-13,-16],[-28,-61],[-4,-22],[-46,-147],[-52,-29],[-9,-45],[46,-79],[-16,-3],[1,-1]],[[13793,38228],[-11,-3],[6,-64],[-68,-97],[37,-79],[-38,-32],[59,-80],[-8,-49],[10,-6]],[[13780,37818],[-91,-12],[-175,29],[-70,38],[-76,15],[-49,-35],[-47,21],[-77,-24]],[[13740,39030],[110,-76],[7,-81],[33,-59],[115,-4]],[[14005,38810],[-30,-100],[-42,-56],[-19,-23]],[[12743,38897],[75,-40],[83,37],[42,-26],[0,-14],[12,8],[59,52],[-5,10],[7,30],[-2,34]],[[12633,36012],[-29,-65],[-39,-170],[-58,-42],[15,-32]],[[12522,35703],[-31,-1],[-17,-24],[120,-67],[-37,-36],[33,-68],[-56,-75],[-101,83],[-89,-59],[-60,-60],[38,-44],[-15,-105],[56,-103],[27,-12]],[[12390,35132],[-78,-56],[-143,73]],[[12169,35149],[-47,-5],[-115,28],[3,74],[-83,40]],[[11927,35286],[61,6],[-11,86],[29,81],[42,39],[-91,75],[38,23],[93,89],[60,-8],[13,-43],[26,7],[-60,130],[-64,29],[11,65],[-49,25],[-47,71],[-104,92]],[[14032,35225],[64,-74]],[[14096,35151],[-71,-61]],[[14025,35090],[-32,1],[-43,-51],[-113,46],[-22,-44],[-71,-2],[-97,57],[-23,-54],[13,-65],[-59,-11],[-16,-39],[-20,-88],[0,-14]],[[13542,34826],[-55,30],[-66,8],[-2,103],[13,82],[43,72],[-13,272],[44,123],[23,121],[-120,80],[-40,52],[-6,3]],[[13363,35772],[-12,24]],[[13849,35739],[23,-32]],[[14377,35673],[-19,-4],[1,-67],[-48,-61],[2,-4]],[[14313,35537],[7,-13],[13,-26],[-8,-19],[89,-93],[1,-46],[0,-27],[-26,-29]],[[14389,35284],[-12,9],[-29,-9],[-12,20],[-21,-39],[5,-14],[-7,-29],[-43,-27],[-46,29],[-59,-54],[-69,-19]],[[13323,40002],[29,48],[-30,67],[-90,73],[1,50]],[[13233,40240],[62,40],[20,-71],[45,-29],[77,45],[39,-100],[80,-64],[21,32],[8,-7],[3,-42],[7,-61]],[[13595,39983],[112,-12],[74,-63],[44,-31],[10,-95],[-4,-53],[-22,-22],[-30,-23],[0,0]],[[13465,39604],[-54,26],[43,99],[-46,45],[-24,25],[-76,31],[2,42]],[[13780,37818],[20,-10],[-18,-60],[20,-45],[-34,-12],[3,-24],[43,-29],[11,-16],[-17,-56]],[[13808,37566],[-20,-48],[4,-168]],[[13792,37350],[-62,-6],[-140,47],[3,42],[-151,4],[-75,-25],[-102,37],[-38,84],[-101,-44],[-45,33]],[[13363,35772],[-6,3],[-92,-55],[1,-61],[-80,-47],[-45,6],[-43,-58],[-38,2],[-17,-23],[21,-110],[-95,-15],[-80,-64],[-25,13],[12,99],[-42,-6],[-42,38],[-36,90],[18,62],[-174,-10],[-10,38],[-27,19],[-15,0],[-26,10]],[[12769,37231],[51,-26],[43,40],[41,-63],[112,-13],[41,-52],[9,-72],[133,-34],[40,-61],[54,2],[1,-115],[69,5],[43,10],[17,-10]],[[10865,37483],[-61,-13],[-24,41],[-111,-70],[-46,10],[-84,98],[-50,-33],[-59,17],[-4,61],[-36,77],[-120,64],[-61,-8],[-52,-63],[-68,-11],[-32,25],[-94,6],[-13,-69],[-65,39],[-46,86],[-60,32],[18,69],[56,-13],[50,121],[-61,40],[10,165],[39,111],[3,53],[-105,2],[-101,-17],[-10,73],[40,65],[63,21],[33,44],[-53,129]],[[9761,38635],[102,-47],[83,-19],[1,31],[89,81]],[[10036,38681],[41,-15],[119,51],[74,-56],[115,-29],[30,-65],[72,-76],[73,42],[101,25],[-1,-157],[114,54],[4,3]],[[10778,38458],[6,3],[24,-71],[51,-73],[-51,-36],[-14,-83],[-46,-19],[22,-66],[74,-39],[3,-101],[104,26]],[[13792,37350],[10,-62],[-22,-55],[51,-40],[8,-49],[75,-62],[-12,-48],[-10,-102],[-29,-69],[13,-22]],[[13876,36841],[-34,-10],[-39,-31],[-17,39],[-121,13],[-28,-60],[-80,-1],[-49,-31],[-9,5]],[[14067,39485],[18,15],[16,3],[97,-72],[61,-29],[87,23],[29,52],[51,-86],[34,-20],[15,-1]],[[14475,39370],[26,-22],[-33,-100],[-67,-48],[-83,-156],[-77,-34],[-19,-37],[11,-8],[-14,-30],[-119,-98],[-95,-27]],[[13384,40968],[71,-63],[-48,-62],[-91,-55],[-91,-19],[-71,32],[-59,-38],[-69,-12]],[[13026,40751],[-101,112],[-38,-41],[-54,45],[-34,-16],[-34,62],[-59,25],[-57,89],[-15,53]],[[12634,41080],[60,6],[57,21],[-20,103]],[[12731,41210],[91,-30],[60,-48],[89,-34],[-7,85],[18,173],[129,43],[36,-20]],[[13147,41379],[4,-8],[15,-107],[40,3],[48,-73],[9,-89],[118,-18],[-10,-85],[3,-10]],[[13374,40992],[10,-24]],[[12347,42695],[-53,-37],[-26,-64],[41,-76],[-7,-75],[-13,-4],[-46,1],[-88,75],[-61,-11],[-47,44],[4,78],[-69,88],[-57,8],[-4,8],[-13,14],[0,0]],[[11908,42744],[1,0],[22,4],[13,22],[-29,40],[-93,84],[-6,37],[33,91]],[[11849,43022],[78,113],[-38,61],[21,127],[-59,95],[-82,48],[-41,46],[-7,19],[-4,19]],[[11717,43550],[0,0],[4,2],[28,59],[91,1],[103,-77],[19,2],[110,54],[100,85],[18,60],[90,30],[99,10]],[[12379,43776],[60,39],[31,86],[129,90],[51,48],[119,-11],[121,49],[53,-4],[27,-55],[43,-19],[107,32],[51,-4]],[[13171,44027],[-1,-33],[-17,-103],[3,-36],[55,-108],[10,-81],[-25,-53],[-68,-11],[-2,-55],[-50,-60],[-70,-20],[-42,20],[-101,-69],[-114,-13],[-27,78],[-70,-18],[-53,-74],[78,-180],[59,-59],[81,23],[118,-40],[24,-60],[63,-43],[203,-46],[22,-26],[135,-28],[-45,-73],[18,-25]],[[13355,42834],[-121,-92],[-21,-78],[0,-220],[-55,-66],[-60,16],[-24,-29],[-89,21],[-54,48],[-132,20],[-34,31],[-89,20],[-106,104],[-94,22],[-55,88],[-56,4],[-5,-3],[-13,-25]],[[12731,41210],[-21,29],[-15,31],[6,24],[-70,139],[-90,104],[-34,65]],[[12507,41602],[8,16],[-17,44],[68,59],[168,20],[14,40],[76,25],[5,34],[70,42],[58,7],[53,-32]],[[13010,41857],[-30,-141],[24,-67],[58,-29],[31,-83],[52,-29],[-6,-96],[8,-33]],[[13355,42834],[55,15],[-1,-47],[80,-64],[164,43],[25,-54]],[[13678,42727],[-68,-150],[13,-166],[-51,-11],[-29,-77],[3,-72],[-65,3],[-11,-83]],[[13470,42171],[-149,-36],[-86,53],[-75,-72],[-54,31],[-62,-30],[48,-163],[-53,-103],[-29,6]],[[12507,41602],[-30,-51],[-109,85],[-31,51],[-68,38],[-69,16],[-65,55],[-39,38],[-73,-18],[-32,-3],[-31,11]],[[11960,41824],[-1,1],[-20,43],[-57,110],[-43,32],[-110,33],[-88,79],[-137,69],[-78,-19],[-31,26]],[[11395,42198],[49,30],[70,77],[1,51],[-56,15],[4,82],[82,49],[94,16],[165,176],[44,32],[60,18]],[[16530,40828],[0,-22],[25,-17],[14,-61],[76,-94],[7,-44],[-68,-19],[-45,18],[-14,-1],[-36,-19],[-28,14],[-67,58],[-37,96],[-70,-17],[-138,15],[-92,54],[-52,-4],[-46,-45],[-103,-5],[-78,94],[-77,47],[-81,-5],[-29,5]],[[15591,40876],[-28,15],[-5,52],[-69,28],[-50,-25],[-95,57],[20,31],[-120,73],[-99,-36],[-94,3],[-94,67],[-36,81],[-53,60],[-9,86],[-39,53],[17,45],[-82,109],[-33,17]],[[14722,41592],[3,63],[117,15],[59,38]],[[14901,41708],[108,-58],[13,60],[100,-15],[36,-24],[77,44],[10,118],[128,8],[45,116],[234,14],[27,32],[77,-37],[60,35],[-62,51],[36,105],[95,-5],[57,23],[97,-18],[60,22],[24,13],[12,25]],[[16135,42217],[133,-148],[52,-7],[-72,-197],[-6,-77],[-42,-35],[28,-122],[56,-94],[50,8],[24,-68],[49,-35],[-46,-86],[-117,-59],[-8,-93],[50,9],[72,-63],[-27,-85],[76,-34],[20,-89],[61,-95],[42,-19]],[[13678,42727],[117,32],[70,-24],[173,-108],[43,-46],[14,-91],[39,-52],[90,-48],[45,5],[25,52],[90,-46],[53,-7],[132,-80],[55,-70],[88,-23],[72,-122],[16,-62],[-49,-63],[57,-79],[81,-20],[-31,-59],[43,-108]],[[14722,41592],[-25,1],[-75,-18],[-41,-56],[-17,-21],[1,-74],[1,-24],[77,-94],[15,-66],[-58,-66],[-60,-21],[-19,-103],[-44,12],[-67,-23],[-25,-48],[-51,5],[-105,-25],[-43,35],[-8,-5],[-16,3],[0,0]],[[14162,41004],[6,17],[-15,78],[-68,51],[-54,181],[5,173],[-49,66],[-94,50],[-39,150],[-32,28],[-166,-6],[3,35],[-57,108],[-71,104],[-3,67],[-58,65]],[[13171,44027],[1,10],[46,66],[5,49],[66,-30],[3,13]],[[13292,44135],[2,0],[29,4],[-46,-122],[84,-103],[38,4],[62,-134],[125,-73],[57,17],[61,-44],[94,12],[23,-101],[119,-41],[144,-122],[22,-6],[20,4]],[[14126,43430],[12,7],[10,36],[-7,16],[32,41],[72,4],[45,-36],[46,41],[54,2],[103,87],[103,33],[18,44],[73,-24],[120,-110],[-44,-68],[154,-81],[9,-43],[78,-56],[-22,-106],[26,-23],[87,-146],[91,0],[89,117],[66,14],[74,-11],[81,52],[91,30],[-12,41],[88,43],[41,-3],[10,-71],[-23,-78],[40,-82],[-88,-63],[-55,-13],[4,-80],[-31,-36],[49,-53],[111,90],[29,-20]],[[15750,42925],[73,-46],[-16,-57],[61,-50],[60,-23],[-86,-125],[5,-99],[29,-58],[87,12],[86,-56],[-10,-75],[12,-80],[84,-51]],[[14162,41004],[-2,-5],[-42,-10],[-33,-90],[-48,-45],[-35,-9],[-143,-18],[-89,-44],[-155,77],[-22,23],[-22,15],[1,-2]],[[13572,40896],[-39,24],[-89,93],[-45,-8],[-25,-13]],[[15591,40876],[-101,-89],[-70,-21],[-61,16],[-93,-68],[-89,-9],[-34,-47],[-82,36],[-81,-34],[-78,-79],[-14,-50],[-58,-45],[30,-82],[-43,-59],[-66,12],[-32,-45],[19,-46],[34,-3],[11,8],[25,2]],[[14808,40273],[8,-4],[-19,-86],[-45,17],[-16,-77],[-86,-113]],[[14650,40010],[-58,63],[-62,11],[-57,-53],[-67,0],[-79,29],[-24,118],[-39,-4],[-63,107],[48,30],[-3,52],[-103,77],[-56,-36],[-65,-82],[-75,-55]],[[13947,40267],[-18,70],[-50,15],[-25,66],[-153,56],[-14,70],[-101,87],[-11,73],[22,62],[-24,31],[16,57],[-2,12],[-15,30]],[[13595,39983],[102,78],[6,56],[48,42],[73,-15],[16,2],[21,28],[37,23],[49,70]],[[14650,40010],[81,-96],[-11,-42],[50,-34],[14,-46],[-33,-112],[80,-16],[10,-38],[-37,-53],[-32,-3],[-163,-93],[-89,-19],[-64,-33],[1,-21]],[[14457,39404],[18,-34]],[[13233,40240],[-68,55],[-1,5]],[[13164,40300],[-2,13],[-86,33],[-89,57],[-18,82],[42,94],[-57,30],[2,92],[70,50]],[[12634,41080],[-102,-14],[23,-95],[-82,-59]],[[12473,40912],[-161,-5],[-10,58],[-50,68],[35,37],[-44,65],[-31,86],[-27,40],[-83,146],[-30,25],[-31,90],[-10,16],[-106,219],[49,38],[-14,29]],[[11252,44411],[-73,-58],[-112,-21],[-101,97],[-31,21]],[[10935,44450],[-26,20],[-106,92]],[[10803,44562],[-24,133],[-105,126],[-85,-4],[-2,75],[61,32],[38,75],[12,82],[-106,15]],[[10592,45096],[19,24]],[[10611,45120],[16,18],[85,29],[67,48],[55,72],[25,137],[-20,61],[-68,22],[-55,50]],[[10716,45557],[-58,98],[42,54]],[[10700,45709],[10,8],[93,9],[97,76],[170,-49],[69,20],[81,-65],[43,51]],[[11263,45759],[114,-23],[18,-41]],[[11395,45695],[-25,-52],[-70,-62],[16,-83],[-11,-55],[-134,-6],[-7,-60],[-57,-97],[19,-46],[16,-63],[74,-151],[56,-91],[-16,-44],[2,-117],[51,-32],[-37,-46],[2,-75],[-58,-67],[29,-58],[2,-67],[5,-12]],[[9825,44899],[-40,-28]],[[9785,44871],[-62,41],[-85,80],[31,69],[-86,69],[10,118]],[[9593,45248],[53,45],[58,10],[-27,93],[164,112],[83,24],[49,41],[62,-25],[54,13]],[[10089,45561],[7,-109],[53,13],[47,-29],[46,25],[65,-24],[16,0]],[[10323,45437],[-1,-15],[2,-31],[-11,-48],[-41,-38],[-44,-81]],[[10228,45224],[-38,-80],[-72,-53],[-109,-10],[-102,-88],[-82,-94]],[[9850,46677],[95,-60],[50,-55],[88,-20],[166,-19],[90,12],[192,-72],[191,35],[191,-38],[-6,-48],[178,-97]],[[11085,46315],[-21,-59],[-39,-16],[18,-81],[-40,-14],[4,-57],[62,-41],[-18,-28]],[[11051,46019],[-17,-24],[-62,-4],[-35,-32],[-53,38],[-73,22],[-35,-50],[-83,-17],[-53,33],[-71,98],[-84,36],[-134,28],[-37,-38],[37,-83],[-146,-49],[-85,-89],[-88,81],[-57,8]],[[9975,45977],[-61,14],[-53,-20],[-80,45],[21,78],[-40,51],[33,40],[-57,61]],[[9738,46246],[-2,125],[50,34],[35,59],[15,175],[14,38]],[[9593,45248],[-61,64],[-44,7],[-96,84],[-40,-13]],[[9352,45390],[-61,69],[-82,0],[-72,25],[-43,-27],[-134,-12],[-157,4],[-20,71],[29,78],[112,149],[8,46]],[[8932,45793],[131,27],[81,-26],[132,119],[74,28],[104,-8],[62,58],[0,53],[79,46],[48,49],[2,60],[93,47]],[[9975,45977],[20,-82],[-25,-31],[27,-60],[-60,-53],[7,-56],[24,-20]],[[9968,45675],[9,-8],[112,-106]],[[11717,43550],[-37,-17],[-127,-6]],[[11553,43527],[-35,75],[-181,73],[-116,-31],[-64,65],[-17,115],[-117,30],[-66,55]],[[10957,43909],[42,242],[-7,81],[-50,115],[-7,103]],[[11252,44411],[165,-165],[109,-55],[103,-85],[14,-84],[40,-6],[59,-99],[198,-14],[133,8],[134,60],[75,69],[86,-14],[39,-41],[7,-24],[2,-74],[-37,-111]],[[10700,45709],[-14,-12],[-40,3],[-83,59],[-73,-28],[-93,16],[-44,29],[-70,-2],[-46,-36],[-20,-59],[-56,-3],[-58,37],[-77,-4],[-58,-34]],[[11051,46019],[38,-46],[15,-116],[88,9],[38,-19],[33,-88]],[[9504,43712],[41,-22],[112,69],[87,-8],[57,-31],[14,56]],[[9815,43776],[63,-110],[49,25],[-35,57],[91,78],[114,-22],[77,-86],[-40,-50],[1,-60],[108,-26],[15,64],[57,-11],[63,-93],[59,71]],[[10437,43613],[126,-113],[120,-77],[51,-94],[-84,-43]],[[10650,43286],[-88,22],[-75,48],[-162,-163],[0,-47],[50,-24],[18,-46],[-55,-85],[-90,-102]],[[10248,42889],[-56,-20],[-155,1],[-27,89],[-44,36],[-16,85],[52,91],[-39,88],[77,181],[-30,19],[-60,-26],[-1,-52],[-42,-57],[-127,-28],[-101,68],[-56,105],[-8,81],[-29,23],[-90,2],[-46,19],[54,118]],[[13292,44135],[-52,60],[-74,6],[-46,69],[-69,-35],[-112,28],[40,79],[-5,45],[-48,83],[-97,88],[-71,85],[-94,-16],[-102,102],[-61,-43],[-100,-42],[-10,-29],[-104,5],[0,50],[-37,62],[50,62],[-2,133],[-24,140],[-91,52],[-112,88],[-4,86],[-44,24],[-66,-14],[-58,33],[-121,-2],[24,47],[-35,33],[-132,74],[-11,53],[-92,85],[35,62],[-93,48],[-79,-41]],[[11085,46315],[198,-25],[133,4],[242,-40],[68,30],[77,68],[117,50],[21,33],[105,19],[56,57],[76,2],[55,-41],[56,-6],[181,84],[82,66]],[[12552,46616],[16,-170],[53,-25],[14,-119],[137,25],[179,-79],[-9,-174],[14,-34],[114,-30],[33,-30],[-42,-228],[19,-54],[-30,-46],[98,-74],[-55,-39],[-29,78],[-59,-17],[39,-57],[-6,-40],[-80,-7],[-41,21],[-51,-16],[-31,-67],[20,-45],[125,-79],[18,-88],[35,-31],[84,-21],[44,-48],[148,-16],[48,-31],[51,-79],[53,-40],[110,-52],[46,0],[55,47],[42,-38],[66,12],[88,-79],[99,-57],[24,-78],[83,-9],[17,-32],[85,-3],[94,-86],[88,-12],[24,-33],[12,-86],[44,-55],[-33,-66],[-157,-115],[-84,-122],[-24,-97],[22,-95],[-97,-74],[-22,-211],[51,-86],[32,-99]],[[11849,43022],[-54,-64],[-52,-84],[-90,-18],[-53,-97],[-98,-49],[-85,-12],[-106,-69],[-13,-70],[-26,-38],[-39,106],[-90,-25],[-129,34],[-14,-12]],[[11000,42624],[-140,103],[-81,44],[-49,-20],[-100,111]],[[10630,42862],[55,54],[58,16],[57,78],[195,12],[25,15],[-3,26],[-51,59]],[[10966,43122],[27,40],[230,4],[14,23],[-4,117],[60,43],[63,1],[35,-27],[125,27],[17,19],[5,58],[4,63],[11,37]],[[10803,44562],[-48,13],[-64,65],[0,55],[-76,-65],[33,-87],[-121,-6],[-10,-31]],[[10517,44506],[0,0],[-44,6],[-25,18],[-35,9],[-100,-27],[-121,-16],[-152,87],[-99,-18],[-30,-31]],[[9911,44534],[-69,25]],[[9842,44559],[-103,84],[5,168],[21,44],[20,16]],[[9825,44899],[49,-29],[102,22],[95,-50],[45,21],[30,-49],[156,-18],[47,63],[82,24],[-16,74],[63,16],[49,-15],[16,77],[49,61]],[[8932,45793],[-9,43],[-119,158],[-88,-36],[-53,31],[-69,5],[22,94],[120,95],[67,37],[-5,85],[82,44],[-33,122],[51,84],[82,22],[44,-37],[154,6],[95,76],[103,43],[51,58],[67,-12],[45,22],[152,-21],[50,-25],[109,-10]],[[12552,46616],[89,5],[128,93],[69,-14],[74,-42],[169,-2],[113,146],[-9,95],[36,52],[76,4],[80,59],[134,-50],[73,-3],[20,29],[1,119],[89,-6],[136,51],[191,139],[250,160],[66,54],[255,167],[131,111],[171,112],[65,-120],[61,20],[36,55],[60,22],[137,9],[28,-61],[-117,-65],[-48,-63],[18,-141],[24,-74],[63,-110],[89,-64],[2,-56],[-53,-49],[78,-186],[79,-149],[35,-192],[62,-118],[57,-47],[158,-26],[48,-77],[99,-3],[134,14],[65,-48],[75,-89],[108,-55],[51,-60],[115,-90],[131,-52],[104,-96],[5,-49],[-57,-118],[-131,-101],[-219,-102],[-27,-75],[75,-24],[5,-58],[-76,-67],[4,-118],[38,-84],[52,-65],[0,-91],[-102,-111],[2,-40],[83,-157],[91,-130],[151,-142],[224,-171],[13,-112],[103,-47],[60,-10],[23,-62],[-62,-112],[-10,-62],[21,-63],[151,-50],[34,-82],[-5,-88],[-45,-85],[60,-64],[-2,-68],[-35,-131],[42,-34],[-43,-106],[-23,-112],[-155,-65],[-47,-56],[5,-57],[-26,-74],[-57,22],[-114,-34],[-35,-33],[-87,38],[-62,79],[-59,18],[-85,83],[-25,166],[24,39],[-31,143],[-37,20],[-127,-78],[-34,-64],[-163,-7],[-63,-56],[-51,11],[-62,-39],[-17,-64]],[[9842,44559],[-89,-51],[-28,48],[-161,148],[-116,-6],[-44,-45],[-119,8],[-17,-42],[44,-63],[-76,-119]],[[9236,44437],[-2,94],[-127,148],[-104,7],[-43,81],[-52,195],[95,59],[32,55],[64,29],[123,23],[77,45],[63,96],[-10,121]],[[10611,45120],[-12,3],[-14,18],[-28,12],[-66,44],[-111,-51],[-152,78]],[[10323,45437],[16,-5],[99,27],[28,36],[110,72],[140,-10]],[[9504,43712],[-23,59],[-128,38],[-77,-9],[-45,107],[-144,122],[-105,29],[15,108],[122,13],[98,123],[28,65],[-9,70]],[[9911,44534],[-37,-47],[110,-32],[20,-96],[-64,-41],[61,-162],[-17,-104],[-103,5],[28,-175],[-103,-21],[9,-85]],[[10957,43909],[-111,43],[-86,73],[-93,23],[-51,43],[-90,35]],[[10526,44126],[49,41],[48,86],[3,48],[-125,93],[40,59],[-26,47],[2,6]],[[10526,44126],[-25,-54],[9,-83],[63,-39],[-11,-49],[-47,-12],[-98,-166],[20,-110]],[[10650,43286],[102,-116],[149,-23],[65,-25]],[[10630,42862],[-81,19],[-65,-70],[-84,30],[-52,-2],[-100,50]],[[27524,28593],[70,-2],[67,-19],[0,0]],[[27661,28572],[0,0],[-4,-8],[-2,-5],[-14,-14],[74,-99],[4,-67],[35,-92],[141,17],[77,-73],[66,7],[35,-73],[120,-50]],[[28193,28115],[-33,3],[-9,-37],[-115,-86],[-20,-156],[-80,-33],[-116,-14],[-6,34],[-64,32],[-56,87],[8,63],[-15,8],[-156,22],[-41,-37],[34,-72],[-19,-50],[-128,-54],[-93,34]],[[27284,27859],[-68,43],[-7,97],[-30,2],[-34,98],[-33,31],[-136,-14],[-44,-68],[-61,42],[9,272],[-38,35],[-12,75],[43,18],[-4,53],[50,75],[1,9]],[[26920,28627],[2,4],[61,6],[45,-46],[54,21],[76,-79],[9,-59],[47,-28],[40,35],[41,85],[15,87],[21,-14]],[[27331,28639],[95,-96],[41,30],[57,20]],[[26055,29367],[34,-68],[89,10],[51,-21],[64,28],[87,-8],[38,-50],[-7,-70],[-28,-49],[4,-55],[-104,35],[-116,14],[-31,-51],[49,-166],[106,-55],[16,-84],[-97,-130],[-65,9],[-34,36],[-134,17],[11,-114],[-40,-26],[17,-67],[36,-29],[-12,-75],[24,-114],[-20,7],[10,-38]],[[26003,28253],[-27,-39],[-60,-14],[-39,55],[-10,-1],[-3,0]],[[25864,28254],[-4,-3],[-35,28],[-32,126],[42,-3],[7,120],[-41,127],[-119,24],[-134,4],[17,69],[-42,66],[-51,-15],[-53,-58],[-68,-38],[-51,3],[-9,6],[-2,0],[-9,-1],[0,0]],[[25280,28709],[-20,-4],[-28,99],[31,45],[-32,55],[41,64],[-44,19],[-48,78],[-50,3],[-50,100],[69,43]],[[28879,29630],[-6,-75],[-43,-111],[80,-115],[41,-7],[-2,-63],[40,-18],[57,32],[31,-106],[40,-15],[-52,-85],[-89,30],[-3,-56],[-56,-27],[-11,-44],[70,-58]],[[28976,28912],[-10,-78],[-46,-30],[-95,51],[-75,-31],[-55,53],[-46,-28],[-37,47],[-108,58],[-152,10]],[[28352,28964],[-32,23],[-101,-3],[44,118],[-17,99],[-68,92],[-7,54]],[[27661,28572],[1,9],[13,43],[94,20],[127,-25],[74,133],[13,65],[63,11],[15,1],[18,-31],[111,-38]],[[28190,28760],[83,-32],[86,1],[31,-41],[90,-58],[75,-28],[28,-65],[14,-16],[23,15],[58,-43],[18,-41]],[[28696,28452],[37,-93],[-40,-129],[8,-8]],[[28701,28222],[-6,-10],[-52,-15],[-41,25],[-75,-7],[-53,-11],[-90,-34],[-95,-56],[-26,0],[-70,1]],[[29085,29772],[31,29],[156,-46],[74,-45],[95,26],[51,-11],[114,-157],[27,6]],[[29633,29574],[147,32],[30,-19],[84,-15],[-1,-209],[24,-92],[-7,-110],[96,-12]],[[30006,29149],[-6,-64],[51,-10],[40,-50],[-11,-43],[-96,22],[-36,2],[-54,-96],[-46,-31],[-66,46],[-8,-106],[16,-49],[-82,-10],[-23,-14],[-132,-21],[-43,6],[19,53],[-154,-11]],[[29375,28773],[-149,28],[-18,12],[-38,75],[-117,81],[-77,-57]],[[24184,29620],[-32,-65],[1,-142],[-65,-91],[30,-52],[-23,-38],[111,-165],[124,-81],[-14,-67],[-145,-70],[-10,-50],[-53,-65],[134,-157],[87,-68],[15,-33],[7,-98],[10,-61],[15,-15]],[[24376,28302],[-9,-55],[105,-43],[-74,-84]],[[23344,28901],[39,42],[45,124],[-2,50],[39,59],[-40,80],[90,55],[-7,94],[-48,14],[-27,73],[18,76],[162,43]],[[28352,28964],[-66,-140],[-76,-20],[-20,-44]],[[27331,28639],[20,55],[-95,130],[-54,30],[-16,7],[-16,-13],[-151,89],[-65,54],[13,45],[82,39],[95,24],[92,6],[-30,66],[36,32],[1,5]],[[27243,29208],[4,10],[10,71],[-34,30],[13,112],[-32,50],[33,32],[22,96],[-90,43],[-20,86],[-49,37],[39,65],[67,34],[-17,74],[84,17],[53,36]],[[29745,30723],[34,-97],[-37,-52],[55,-67],[-2,-43],[-43,-47],[-37,-131],[14,-94],[48,-120],[20,-11]],[[29797,30061],[-77,-9],[-36,-53],[-1,-14],[34,-34],[21,-123],[-18,-70],[7,-24],[5,-40],[-5,-14],[-115,-41],[21,-65]],[[24496,27616],[64,32],[116,-43],[77,40],[26,50],[-14,122],[60,69],[41,-16],[18,75],[-15,84],[62,50],[61,-7]],[[24992,28072],[111,-47],[-13,-70],[20,-78],[-17,-33],[-62,-69],[61,-31],[25,-80],[52,40],[39,-59],[53,-11],[86,-55],[71,18],[57,-13],[37,33],[80,-18],[39,-63],[60,54],[36,-8],[36,17]],[[25763,27599],[20,9],[23,-26],[-22,-23],[-19,-60],[80,-55],[0,-15],[-47,-85],[-53,-47],[13,-69],[-40,-8],[12,-29],[88,-70],[15,-17],[4,-30]],[[25837,27074],[1,-70],[69,-6],[-5,-154],[30,-109],[-44,-31]],[[25888,26704],[-91,-29],[-56,-43],[-36,37],[-110,-70],[9,54],[-46,60],[-51,18],[-55,-99],[-48,-22],[-164,1],[-13,104],[-73,7],[-43,62],[-98,-115],[-112,-29],[-69,45]],[[26613,29631],[67,-70],[39,-72],[19,-192],[25,26],[67,-26],[140,-19],[76,-27],[98,0],[99,-43]],[[26920,28627],[-96,-42],[-82,-92],[-74,-156],[1,-12],[-31,-46],[-14,-67],[-63,-22],[-107,44],[-72,-20],[-63,14],[-51,3]],[[26268,28231],[-11,1],[-46,15],[-35,-72],[-90,-4],[-75,41],[-2,34],[-6,7]],[[29375,28773],[12,-31],[31,-5],[-2,-55],[50,-23],[1,-110],[-108,-54],[-133,18],[47,-81],[-20,-35],[-45,-6],[-29,7],[-15,17],[-7,0],[-10,-7]],[[29147,28408],[-19,12],[-163,88],[-37,-37],[-74,62],[-78,-97],[-36,-18],[-18,5],[-26,29]],[[25837,27074],[33,8],[45,65],[16,65],[42,2],[37,120],[-25,29],[75,106],[80,24],[22,46],[10,-3],[30,-26],[75,-4],[33,-82],[50,16],[22,-55],[47,-26],[112,21],[25,-28],[78,10],[9,68],[33,6],[16,12],[78,69],[46,-18],[-60,-168],[16,-50],[78,-41],[-34,-86],[60,-146],[-19,-49]],[[26867,26959],[-9,-4],[-41,-50],[-1,-66],[-60,0],[-38,-96]],[[26718,26743],[-70,-15],[-21,4],[-39,56],[-65,10],[-74,73],[-92,-25],[-51,-59],[-76,-34],[-49,34],[-43,-95],[3,-66],[-31,-50],[-11,-84],[-59,-73],[4,-73]],[[26044,26346],[-43,106],[-13,78],[23,90],[-82,83],[-41,1]],[[24376,28302],[40,95],[44,25],[24,73],[105,72],[3,70],[60,-15],[98,-58],[142,19],[15,68],[94,-29],[65,45],[48,-39],[10,-72],[63,10],[54,44],[36,68],[7,19],[-4,12],[0,0]],[[25864,28254],[0,-1],[3,-11],[-6,-18],[-19,9],[-22,-17],[-20,-75],[36,-64],[-39,-103],[-37,21],[-15,-2]],[[25745,27993],[-15,1],[-36,-41],[-112,35],[-35,84],[-59,22],[-61,-23],[-56,104],[-89,-42],[-5,-40],[-28,-4],[-58,89],[-35,14],[-66,-49],[-65,-22],[-33,-49]],[[25745,27993],[91,-95],[-54,-81],[-22,-43],[-18,-84],[5,-9],[26,-10],[4,-36],[-14,-36]],[[29797,30061],[39,2],[26,47],[63,-62],[119,-44],[66,-44],[49,30],[30,-18],[86,-37],[37,27]],[[30312,29962],[94,-27],[3,-20],[-26,-53],[39,-26],[-15,-83],[-38,6],[14,-18],[2,-71]],[[30385,29670],[-97,-5],[-41,-58],[31,-94],[-46,-61],[14,-83],[-94,-155],[-127,-87],[-19,22]],[[26718,26743],[81,39],[62,-11],[61,40],[82,-70],[14,-109],[-43,-22],[67,-73],[157,57],[62,-54],[-8,-42],[32,-72],[41,-26],[-17,-128],[104,-74]],[[27413,26198],[-4,-4],[7,-52],[46,-39],[25,4],[7,-34],[5,-69],[-37,-40],[24,-76],[-59,-82],[87,-97],[-49,-89],[12,-32],[-92,-156],[-94,-74],[-151,6],[-43,50],[35,47],[36,124],[-123,-88],[-78,-11]],[[26967,25486],[-42,65],[-83,-27],[-279,136],[-72,-2],[-138,-124],[-51,-113],[-16,-20]],[[26286,25401],[-13,5],[-11,12],[0,44],[-55,46],[-10,6],[-83,-3],[-31,49],[-85,25],[-56,-46],[-31,-11],[-12,13],[68,46],[3,70],[68,127],[1,70],[54,31],[-19,83],[-29,13],[10,78],[-9,30],[-28,52],[9,56]],[[26027,26197],[19,61],[-2,88]],[[28588,25759],[-115,34],[-4,43],[-103,60],[-83,9],[-39,63],[-93,-58],[-134,66],[-99,133],[-105,39],[-27,36],[-140,21],[-16,12],[-61,97]],[[27569,26314],[138,142],[12,66],[-9,120],[19,25],[2,51],[37,41],[-4,134],[-6,39],[11,78],[63,6],[3,39]],[[27835,27055],[16,4],[76,21],[10,7],[49,-39],[43,13],[51,-38],[36,35],[125,-9],[32,-76],[-74,4],[-59,-51],[48,-32],[-47,-60],[-26,-140],[59,-28],[38,-62],[109,-19],[9,-5]],[[28330,26580],[39,-32],[87,-56],[-4,-97],[27,-36],[161,-2],[65,-126],[-4,-32],[-78,-15],[20,-58],[9,-21],[64,-11],[59,-34],[-22,-119],[86,-47],[1,-74],[-101,14],[-31,-78],[-81,-9],[-39,12]],[[27284,27859],[-28,-41],[3,-38]],[[27259,27780],[-78,39],[-90,11],[-61,-32],[-172,68],[-87,94],[-286,40],[-151,31],[-83,65],[-14,40],[31,95]],[[27259,27780],[3,-31],[-2,-177],[-55,-67],[10,-118],[17,3],[70,-71]],[[27302,27319],[-10,1],[-96,-106],[-29,-63],[30,-95],[33,-16],[33,-125],[-63,-13],[-102,49],[-90,18],[-135,-25],[-6,15]],[[30231,30766],[-25,-114],[2,-88],[31,-39],[42,-24],[23,-7],[45,-29],[66,-90],[76,-74],[22,-30],[-6,-70],[-85,-42],[-22,-3]],[[30400,30156],[-12,-2],[-18,-87],[-4,-19],[-8,2],[-8,-20],[3,-4],[-10,-7],[-2,-7],[-13,-11],[-16,-39]],[[27302,27319],[18,-6],[67,-31],[58,27],[85,-3],[11,-53],[111,-31],[96,-136],[44,-30],[43,-1]],[[27569,26314],[-52,-24],[-95,-86],[-9,-6]],[[26027,26197],[-106,-33],[-114,-54],[-19,-11],[-42,-3],[-112,49],[-85,-8],[-14,-46],[-127,-1],[-45,24],[-195,-20],[-48,-25],[-75,-82],[-211,-25],[-66,61],[-81,-3],[-90,81],[3,77],[-49,12],[-74,60],[-85,18]],[[11807,15128],[-103,21],[2,-55],[-53,-7],[-126,39],[-190,-7],[-69,69],[-52,22],[-8,-1]],[[11208,15209],[-16,3],[-30,55],[21,132],[-36,86],[22,48],[-44,54],[-193,9],[23,86],[-37,65],[-54,3],[0,82],[-162,47],[12,64],[-20,4],[-113,-10],[-21,106],[60,28],[7,55],[-81,-6],[-38,39],[-7,4],[-4,83],[23,50],[89,4],[32,28],[33,-80],[77,34],[0,93],[18,26],[150,58],[-6,71],[38,56],[116,3],[37,80]],[[11104,16669],[61,8],[100,-36],[-12,-86],[-70,6],[35,-126],[43,-36],[-5,-151],[-47,-6],[6,-65],[-39,-49],[24,-40],[66,10],[9,54],[83,7],[29,-77],[50,58],[60,-8],[124,-83],[89,-17],[272,-138],[63,7],[35,-2],[68,-70],[-5,-81],[119,-49],[44,5],[109,-31]],[[12415,15673],[8,-90],[136,-35],[-48,-30],[14,-125],[-16,-47],[40,-64],[-65,-49]],[[12484,15233],[-88,63],[-39,3],[-131,-93],[-89,33],[40,146],[-141,19],[-29,-37],[6,-182],[-53,-12],[-64,96],[-78,21],[-122,-36],[115,-75],[-4,-51]],[[14862,10169],[-104,-216],[-13,-70],[-49,-42],[-78,-19],[-20,40],[-99,-28],[-2,-15]],[[14497,9819],[-6,11],[36,69],[-90,41],[45,32],[14,11],[-70,29],[-47,-69],[-1,20],[-67,17],[4,86],[-64,57],[-39,61],[-54,-38],[-45,24],[-6,116],[-22,62]],[[14085,10348],[77,33],[34,127],[4,71],[38,84],[50,-6],[27,102],[105,17],[79,-71],[33,27],[167,-29],[19,-110],[64,-127],[-25,-180],[87,-52],[18,-65]],[[14085,10348],[-12,57],[-15,68],[4,92],[-70,64],[-76,5],[-24,64]],[[13892,10698],[-24,147],[53,-6],[12,71],[119,-1],[48,32],[17,205],[56,79]],[[14173,11225],[36,-5],[55,-59],[92,-9],[76,-66],[57,6],[109,-71],[-5,-38],[61,-34],[85,43],[46,-16],[67,-43],[-26,-108],[94,-48],[84,10]],[[15004,10787],[60,8],[-14,-198],[-52,-16],[8,-79],[-49,-25],[-56,-199],[-20,-14],[25,-20],[-14,-34],[3,-27],[17,-1],[1,-15]],[[14913,10167],[-14,1],[-37,1]],[[9154,14820],[15,99],[49,66],[46,2],[31,47]],[[9295,15034],[41,-57],[74,-8],[91,40],[56,139],[-27,48],[101,126],[51,159],[-43,17],[-38,-10],[-69,14],[98,85],[84,-39],[14,157],[16,69],[-37,40],[-96,18],[-65,60],[-48,-3],[-22,81],[52,85],[-6,20],[-24,1],[-15,80],[-69,37],[-35,108],[54,-16],[39,41],[82,-44],[28,85],[107,44],[39,36],[82,11],[13,-122],[15,-6],[35,-1],[111,75],[41,6],[6,18],[-32,22],[21,84],[3,9],[10,44],[4,8]],[[10037,16595],[1,-1],[14,-3],[22,0],[22,5],[27,17],[38,37],[110,20],[102,42],[-6,117],[56,40],[7,44],[78,66],[69,-12],[71,14],[1,-43],[119,-94],[17,-38],[72,-2],[21,39],[61,17],[14,44],[-6,90],[88,-4]],[[11035,16990],[-12,-54],[-1,-89],[93,-13],[-26,-87],[15,-78]],[[11208,15209],[7,-116],[-34,-62],[-34,7],[18,98],[-77,1],[-19,-64],[-94,10],[20,-76],[2,-34],[-7,-22],[-33,-6],[-21,-65]],[[10936,14880],[-117,-12],[0,-53],[-147,37],[-13,-75],[-64,7],[11,65],[-52,-2],[-24,-40],[-73,11],[-5,-44],[-113,8],[-74,-38],[-3,-55],[-65,-47],[24,-71],[-56,-73],[-50,3],[-3,-83]],[[10112,14418],[-13,-4],[-54,2],[-130,-86],[-72,75],[-51,26],[-84,-39],[-18,30],[-68,5],[-5,76],[-69,33],[-54,61],[-97,5]],[[13213,13708],[-6,-3],[-44,30],[9,48],[-94,-23],[25,-65],[44,-12],[-4,-50],[-56,-85],[54,-49],[-18,-78],[-80,-98],[3,-47],[-62,-70],[-14,-104],[-101,-97],[-40,-8]],[[12829,12997],[-16,10],[-85,21],[-20,66],[-59,14],[-26,60],[-50,5],[-33,43],[-113,3],[-28,-75],[-69,87],[25,83],[-89,98],[70,62],[-97,38],[-81,-2],[9,53],[-43,30],[-85,-33],[-39,15],[-130,-62],[-91,47],[-38,-40],[52,-113],[-56,-61],[-43,39],[-24,-91]],[[11670,13294],[-61,-34],[10,85],[-90,66],[38,76],[67,16],[-7,56],[-49,-9],[-20,64],[27,30]],[[11585,13644],[64,-7],[57,55],[8,38],[91,72],[46,-13],[55,67],[-38,36],[30,57],[65,8],[4,2]],[[11967,13959],[10,1],[33,25],[77,-16],[101,32],[37,64],[63,-6],[45,63],[93,-73],[96,115],[35,4],[45,104],[68,-3],[40,25],[99,11],[145,112],[31,48],[89,15],[51,58],[120,13],[49,36],[2,53]],[[13296,14640],[33,24],[-2,91],[8,23],[112,102],[10,15],[14,59],[155,165]],[[14281,18179],[-14,-141]],[[14267,18038],[-100,-1],[-13,28],[-31,2],[-14,-19],[-62,13],[-36,48],[-72,9],[-61,-27],[-56,22],[-58,93],[-43,-41],[-78,14],[-59,42],[-29,-73],[-80,-25],[-142,28],[-101,-7],[-57,32],[-54,-34],[-10,60]],[[13111,18202],[2,42],[73,123],[57,34],[18,45],[-78,51],[5,68]],[[13188,18565],[52,-35],[122,35],[43,-8],[49,74],[7,160],[53,7],[2,121],[-48,17],[15,27],[34,80],[68,-30],[79,11],[13,-35],[79,1],[-21,70],[68,21],[59,124],[44,-6],[41,180],[12,37],[37,16]],[[13996,19432],[75,35],[79,-16],[56,-53],[-12,-95],[-47,-54],[70,-14],[89,-66],[131,52]],[[14437,19221],[81,-22],[-6,-9]],[[14512,19190],[-11,-18],[-34,-121],[43,-63],[0,-112],[-47,-14],[-22,-69],[83,-28],[72,-81],[-51,-41],[-6,-69],[-76,-62],[-20,-59],[-67,-49],[-10,-31],[78,-35],[-24,-60],[-69,-16],[-68,-41],[-2,-42]],[[11035,16990],[77,40],[55,-22],[57,37],[34,-34],[124,-3],[0,71],[61,-5],[2,-56],[89,14],[19,156],[-11,70],[-65,78],[18,57],[29,23],[-7,104],[-39,3],[-41,51]],[[11437,17574],[11,65],[-43,13],[-10,55],[58,15],[30,143],[70,-39],[16,-69],[70,15],[115,-87],[17,83],[111,-23],[-1,-87],[58,-49],[204,46],[16,-32]],[[12159,17623],[-11,-42],[48,-43],[-11,-45],[53,-19],[64,-57],[17,-30],[27,-17],[58,-30],[17,-26],[49,25],[139,19],[-3,-98],[53,-75],[47,46],[9,-199],[-53,-7],[0,-69],[55,11],[-11,-156],[-84,18],[-31,-66],[37,-30],[-11,-56],[98,-7],[36,-70],[2,-17],[1,-1],[0,0]],[[12754,16582],[2,-6],[-37,0],[-51,-98],[20,-82],[30,-273],[-82,-21],[-78,2],[1,-57],[-43,-22],[15,-53],[-21,-102],[70,-16],[10,-80],[-39,-58]],[[12551,15716],[-26,-6],[-47,-63],[-49,22],[-14,4]],[[13326,8153],[-4,-17],[36,-61],[-21,-46]],[[13337,8029],[-32,38],[-100,16],[-273,-2],[-33,12],[-28,107],[-34,29],[-95,-65],[-43,7]],[[12699,8171],[-33,39],[24,51],[-1,20],[-15,46]],[[12674,8327],[9,12],[-16,66],[3,7],[76,-35],[47,51],[-2,63],[66,20],[65,84],[-25,40],[37,62],[92,0],[15,37],[75,-17],[100,2],[87,24],[57,-23],[78,71],[-61,28],[5,99],[-63,21],[11,26],[49,-5],[14,-18],[100,-54],[65,77],[72,-6],[16,47],[134,66],[2,31],[-14,20],[-18,5],[-1,0]],[[13749,9128],[13,3],[74,26],[-6,83],[129,-4],[82,-15],[30,15]],[[14071,9236],[7,-2],[21,-39],[123,8],[66,-67],[14,-5]],[[14302,9131],[6,-3],[24,-73],[45,-10],[143,18],[189,-46],[19,-32]],[[14728,8985],[43,-65],[-32,-66],[-87,-99],[-38,-117]],[[14614,8638],[-218,-31],[-61,19],[-13,-72],[-34,2],[4,-86],[-39,-112],[-29,-16],[-88,27],[-45,-33],[-64,66],[-66,7],[-197,-68],[-27,-64],[-35,10],[-50,81],[-57,42],[-93,-36],[-69,3],[-29,-98],[-42,-43],[-27,-71],[-9,-12]],[[15422,11331],[8,-189],[-52,-66],[-43,-9],[15,-97],[-79,-70],[-115,-42],[-22,12],[4,15],[-22,12],[-91,-78],[-21,-32]],[[14173,11225],[10,53],[-47,135],[33,79],[87,36],[26,2]],[[11359,10254],[-4,50],[-60,60],[24,33],[1,28],[-17,19],[-12,67],[-39,39],[-82,47],[-87,102],[-52,0],[-51,-82],[-87,-6],[-66,49],[-13,39],[-3,-5]],[[10811,10694],[-37,39],[-57,147],[-36,-9],[-54,101],[50,22],[59,105],[-7,57],[-9,13]],[[10720,11169],[-4,7],[50,65],[83,36],[-3,127],[33,2],[51,-69],[29,34],[70,5],[101,74],[12,37],[-31,77],[94,40],[51,60],[72,-48],[52,37],[12,8],[28,5],[16,-1],[0,0]],[[11436,11665],[5,-1],[28,-45],[-13,-20],[25,-33],[13,5],[41,98],[96,9],[42,40],[72,2],[27,38],[148,-18],[78,81],[28,-13],[61,43],[7,38]],[[12094,11889],[99,-54],[54,-129],[27,-95],[34,-26],[72,-4],[70,-107],[21,-71],[104,-51],[10,5]],[[12585,11357],[15,-52]],[[12600,11305],[-22,-51],[-15,-5],[-20,18],[-55,-32],[-83,5],[-9,-67],[-106,5],[-33,-104],[-131,-46],[-35,-55],[12,-114],[-41,-32],[-121,-7],[-61,15],[-93,-22],[-40,-55],[-85,-7],[-37,-53],[30,-85],[-34,-56],[19,-110],[-144,2],[-66,-104],[-8,-42],[-63,-49]],[[13505,12213],[-91,-75],[-33,-63],[-71,-25],[-16,-130],[-50,13],[-91,-48],[68,-99],[-5,-94],[-59,28],[-42,-44],[-18,-135],[-41,54],[-134,-12],[-85,-134],[-87,-27],[-9,-45],[-69,-18],[-53,21],[-34,-23]],[[12094,11889],[19,73],[12,210],[-44,79],[56,76],[0,102],[28,39],[80,19],[-32,101],[70,7],[-7,144],[-22,33],[103,51],[88,-25],[26,-60],[83,2],[78,23],[68,45],[50,6],[0,83],[36,3],[76,54],[-33,43]],[[13594,12456],[-8,-66],[33,-23],[0,-9]],[[11359,10254],[44,-67],[57,-29],[-14,-98],[70,-80],[-40,-98],[6,7],[54,8]],[[11536,9897],[-20,-24],[-17,-33],[36,-186],[-84,-74],[-39,44],[-54,-60],[-142,-48],[11,43],[-55,51],[-30,-44]],[[11142,9566],[-69,-22],[-54,11],[-32,3],[-51,43],[-16,59],[48,76],[-39,21],[-59,-79],[-37,16],[-20,86],[-72,-9],[10,74],[-75,19],[-100,-26],[3,91],[-72,-2],[-17,41],[13,76],[-17,12],[-175,-59]],[[10311,9997],[-14,-2],[-71,163],[-71,376],[12,17],[0,19],[11,2]],[[10178,10572],[4,-14],[10,7],[-3,26],[104,17],[42,-51],[-7,-86],[76,-49],[93,6],[28,-57],[96,102],[78,145],[53,1],[57,66],[2,9]],[[11436,11665],[-2,47],[4,39],[-3,13],[9,38],[62,41],[37,73],[51,53],[-55,112],[54,73],[39,3],[3,8],[-6,12],[-101,-4],[-46,21],[-76,-35],[-108,65],[-99,-2],[-79,32],[40,56],[53,42],[-11,51],[84,21],[28,-24],[2,86],[4,39],[10,0]],[[11330,12525],[14,-3],[88,30],[29,83],[25,105],[-3,97],[53,-6],[27,49],[52,-22],[50,61],[64,-8],[35,89],[-19,52],[9,97],[-28,51],[-54,-10],[-29,15],[1,22],[26,67]],[[10936,14880],[207,-56],[116,78],[23,-90],[80,-1],[-32,-96],[-6,-86],[-70,-13],[-20,-63],[34,-37],[-3,-164],[-53,-40],[-12,-78],[-55,-2],[29,-170],[-49,-41],[51,-113],[-23,-62],[-1,-10]],[[11152,13836],[-4,-11],[-75,-15],[-40,30],[-6,157],[-171,-100],[-130,1],[20,75],[-73,-11],[-43,-47],[2,-62]],[[10632,13853],[-35,0],[-4,13],[-51,-20],[-127,-4],[-72,-35],[-19,65],[-70,107],[64,75],[-6,33],[55,63],[-15,80],[-112,74],[-41,56],[-77,61],[-10,-3]],[[11807,15128],[126,-75],[55,-15],[40,30],[78,-56],[9,-73],[-60,-14],[-59,-86],[-74,105],[-75,-21],[1,-70],[41,-111],[-48,-20],[-12,-135],[-64,-9],[2,-87],[32,-22],[39,-59],[57,-9],[-20,-191],[35,-82],[20,-96],[37,-73]],[[11585,13644],[-16,43],[-83,31],[-57,-63],[-86,39],[-8,81],[-62,34],[-55,-6],[-66,33]],[[14267,18038],[77,-25],[58,11],[32,-39],[167,-47],[45,-26]],[[14646,17912],[3,-12],[-118,-48],[-1,-43],[-59,-24],[-60,19],[-36,-23],[17,-109],[-100,-28],[-34,-95],[31,-20],[-90,-72],[-24,-22],[-32,-97],[26,-39],[133,-56]],[[14302,17243],[57,-162],[-55,-91],[-18,-118]],[[14286,16872],[-68,-14],[-92,57],[-19,33],[-114,-4],[-77,24],[-83,-48],[-108,-11],[-28,75],[-85,-89],[35,-50],[-92,-13],[29,-80],[-145,30],[-8,106],[-65,-2],[-31,-42],[-243,-142],[-73,-97],[-13,66],[-65,1],[-54,-31],[-45,8],[-23,-48],[-37,-21],[-28,2]],[[12159,17623],[73,56],[65,-42],[102,37],[63,-11],[9,-43],[64,-2],[99,-29],[45,59],[-4,36],[-71,10],[17,99],[-61,-4],[25,67],[-28,204],[130,16],[13,29],[7,38],[0,0]],[[12707,18143],[9,0],[77,42],[3,73],[57,3],[0,73],[56,7],[42,-92],[26,79],[134,-126]],[[12600,11305],[80,-64],[4,-101],[-57,-140],[-54,-6],[15,-183],[36,-32],[-12,-54],[85,-24],[75,-73],[-12,-75],[99,-31],[111,-7],[18,-16],[-21,-35],[21,-58],[23,-4]],[[13011,10402],[5,-34],[-5,-22],[-55,-86],[0,-66],[-37,-58],[-77,-7],[-81,-77],[-89,85],[-122,-80],[39,-76],[-2,-116],[-14,-29],[-4,-15]],[[12569,9821],[-22,-53],[-12,-25],[-34,36],[-48,-20],[-31,11],[-61,6],[-26,-92],[-38,8],[-23,-57],[-81,-26],[-82,77],[-35,-8],[-6,-6]],[[12070,9672],[-35,28],[-48,-41],[-27,87],[1,26],[-15,30],[42,93],[-35,27],[-8,75],[49,58],[-65,38],[-97,3],[13,-68],[-33,-76],[32,-36],[20,-10],[2,-18],[-74,-45],[-42,52],[-76,-41],[-47,41],[-56,4],[-35,-2]],[[11330,12525],[-52,50],[-114,70],[-89,36],[12,67],[-53,40],[6,81],[-126,161],[-86,-9],[-3,68],[-62,31],[-35,-23],[-66,48],[-77,1]],[[10585,13146],[-20,13],[-10,26],[-22,66],[4,13],[35,82],[44,18],[7,117],[-8,114],[51,13],[-52,150],[17,83],[1,12]],[[12070,9672],[-9,-14],[-23,2],[-9,-4],[-1,-4],[13,-18],[-62,-93],[21,-66],[-69,-18],[-29,-59],[77,-95],[59,-33],[35,-122],[60,-4],[61,-85],[46,-9],[19,-62],[41,-63],[28,-111],[-8,-36],[-44,-19],[-58,-64],[-6,-6]],[[12212,8689],[-26,-15],[-95,-48],[-82,-13],[-70,10],[-9,3]],[[11930,8626],[-9,5],[-24,-1],[-59,18],[-64,64],[-40,81],[-5,69],[-49,7],[-24,-9],[-14,-2],[-118,32],[-42,85],[-90,14],[-67,81],[-20,57],[-14,33],[-26,20],[-12,27],[-97,9],[-7,-1],[1,1]],[[11150,9216],[3,7],[13,14],[-31,70],[18,42],[-62,30],[-14,18],[30,83],[50,35],[-15,51]],[[15471,9992],[-154,29],[-86,100],[-66,19],[-32,-77],[-67,69],[-39,-39],[-78,75],[-19,1],[-4,0],[-7,-1],[-6,-1]],[[12484,15233],[168,0],[50,-23],[36,-61],[0,-25],[-58,-66],[41,-21],[6,-80],[135,-62],[86,-4],[19,-40],[83,-13],[59,-33],[-3,-85],[88,-7],[15,-36],[87,-37]],[[13749,9128],[-3,-1],[-7,-35],[-49,28],[-116,11],[-41,77],[7,104],[-58,3],[-4,79],[-62,12],[-93,-10],[-37,-71],[-63,-16],[-20,-80],[-59,89],[-59,19],[-47,48],[-39,-46],[-69,-31],[-36,70],[17,56],[-177,98],[-4,24],[-56,97],[-50,32],[-22,90],[-33,46]],[[13011,10402],[5,-1],[27,3],[33,79],[44,-24],[91,-8],[100,-58],[20,-85],[73,-86],[6,-74],[62,-90],[60,5],[60,-65],[109,-30]],[[13701,9968],[-12,-89],[5,-23],[33,-6],[26,-204],[50,-152],[29,34],[61,3],[97,-32],[27,-122],[42,-3],[29,-62],[-17,-76]],[[12674,8327],[-5,-6],[-107,-32],[-38,22],[-54,95],[-88,-1],[-23,82],[-30,24],[-117,-21],[0,199]],[[12551,15716],[10,1],[110,72],[110,92],[56,15],[101,69],[38,-2],[218,121],[155,35],[53,100],[46,-12],[89,32],[4,80],[42,9],[10,-71],[81,2],[86,-59],[47,-6],[29,-59],[10,-14],[19,-9],[93,-21],[69,-17]],[[14027,16074],[105,-44],[91,-23],[108,25],[58,-12],[101,-71],[-78,-109],[-72,-21],[12,-104],[-13,-119],[25,-71],[-19,-71],[30,-47],[-1,-136]],[[14497,9819],[-2,-10],[6,-16],[-33,-125],[13,-85],[72,-50],[-24,-172],[-9,-33],[-74,-95],[-58,-46],[-75,-12],[-11,-44]],[[13701,9968],[29,47],[76,15],[12,70],[-36,55],[16,95],[38,24],[-48,110],[-99,84],[14,143],[116,99],[73,-12]],[[10720,11169],[-44,-1],[-49,56],[-14,47],[-53,91],[37,23],[-66,74],[-28,171],[-101,54],[-25,134],[-82,21],[-25,50],[-85,33],[-114,-12],[-25,72],[-51,57]],[[9995,12039],[15,89],[-57,99],[24,30],[-45,83],[62,37],[37,-28],[58,13],[-18,93],[21,55],[56,-48],[171,-36],[28,9],[34,15],[17,13],[17,37],[-47,47],[38,56],[28,95],[-48,88],[-55,-2],[30,163],[113,38],[22,-80],[76,-6],[-24,134],[0,46],[24,45],[13,22]],[[10178,10572],[-17,-2],[1,-22],[-9,-5],[-6,20],[-40,161],[-38,222],[-33,41],[-5,174],[-50,335],[-27,50],[-14,103],[-44,199],[-32,94]],[[9864,11942],[76,37],[55,60]],[[9864,11942],[-26,41],[-84,65],[-68,328],[-26,27],[-62,194],[-33,171],[-51,139],[-70,71],[-37,97],[-13,125],[-49,103],[-80,-26],[-60,50],[-53,87],[0,52],[-42,97]],[[14286,16872],[8,-4],[4,-59],[11,-112],[-46,-23],[-19,-85],[67,-5],[-6,-51],[-74,-26],[25,-42],[59,10],[-77,-130],[-9,-79],[-56,-12],[-20,-44],[-177,-27],[51,-109]],[[13014,3974],[-89,-57],[-65,37],[-86,-23]],[[12774,3931],[-207,502],[-59,283],[-38,426]],[[12470,5142],[16,5]],[[12486,5147],[16,61],[54,-15],[41,-85],[22,-138],[-13,-59],[43,-72],[-37,-81],[-15,-144],[164,6]],[[12761,4620],[47,-61],[-18,-98],[22,-37],[-1,-26],[8,-3]],[[12819,4395],[-22,-133],[82,5],[28,49],[80,-22],[46,-60],[14,-62],[-30,-92],[64,-65],[-29,-39],[-18,0]],[[13034,3976],[-20,-2]],[[12470,5142],[-58,191],[34,10],[9,-109],[31,-87]],[[12714,5114],[-20,-11]],[[12694,5103],[-52,26],[-50,127],[-37,-47],[-93,179],[-9,131],[-36,68],[-42,-5],[39,-138],[-23,-76],[-64,253],[-25,71],[42,28]],[[12344,5720],[76,9],[35,-44],[59,10],[45,87],[49,15],[65,90],[190,-13],[58,22],[67,-45],[73,-5],[29,-8]],[[13090,5838],[-21,-83],[-50,-93],[232,-200],[-71,-86],[-33,-14],[-56,-99],[-81,-6],[-10,-32],[4,-51],[-2,-19],[0,-2],[0,0]],[[13002,5153],[-13,3],[-98,-70],[-57,15],[-13,43],[-24,2],[-57,-5],[-26,-27]],[[13090,5838],[16,-3],[165,33],[50,-2],[100,-55]],[[13421,5811],[139,-39],[88,47],[53,80],[13,6]],[[13714,5905],[16,8],[13,0],[29,18],[23,14],[45,38],[91,-10],[-12,-58],[56,-86],[12,-50],[18,1],[7,-7]],[[14012,5773],[-33,-182]],[[13979,5591],[-35,15],[-66,-41],[4,-24],[7,-13],[14,-8],[69,-88],[19,-87],[-61,-68],[-35,-94],[38,-39],[-21,-105],[-3,-97],[-65,-122],[31,-71],[57,-55],[59,-10],[67,44],[102,-141],[25,14]],[[14185,4601],[-23,-119],[-18,-3],[-47,-48],[-9,-11]],[[14088,4420],[-4,-4],[-1,-91],[-83,-101],[1,-47]],[[14001,4177],[-87,41],[32,149],[-66,109],[-76,31],[-37,38],[-105,-55],[-13,2],[20,-73],[-196,23]],[[13473,4442],[69,92],[-57,10],[-89,77],[0,133],[61,56],[-64,110],[-51,29],[-62,83],[-87,52],[-16,-18],[-114,66],[-64,10],[3,11]],[[11930,8626],[10,-75],[-13,-84],[-186,19],[-28,-32],[11,-35],[-22,-11],[-8,-15]],[[11694,8393],[0,-2],[-7,6],[-133,-41],[-117,-98],[-33,-50],[-28,-22],[-47,59]],[[11329,8245],[-18,5],[-216,250],[-27,-10],[-105,154],[-13,72],[3,31],[34,4],[-20,34],[9,10],[3,33]],[[10979,8828],[48,74],[96,64],[-13,15],[-42,-17],[-29,0],[-108,-56],[-87,-2],[5,-115]],[[10849,8791],[-61,20],[-12,92],[25,66]],[[10801,8969],[-33,80],[49,4],[39,43],[92,25],[-1,39],[90,16],[61,45],[8,-1],[9,-4],[35,0]],[[10801,8969],[-46,-4],[-71,117],[-119,302],[-66,104],[-127,324],[-49,109],[-12,76]],[[13034,3975],[0,-44],[-10,-9],[17,-39],[20,-1],[79,-19],[52,-14],[40,67],[68,-34],[72,62],[82,14],[2,54],[107,-66],[84,-9],[21,-24],[151,-61],[40,1],[16,-8],[4,-5],[4,2]],[[13883,3842],[-3,-5],[-14,-23],[-74,-55],[74,-108],[40,-89],[52,-42],[11,-60],[-50,-94],[-49,-24]],[[13870,3342],[-182,113],[-73,7],[-60,-100],[-94,-34],[-50,83],[-83,41],[-82,-14],[-53,-53],[-102,-6]],[[13091,3379],[-98,120],[-105,78],[-54,212],[-60,142]],[[13034,3976],[0,-1]],[[12761,4620],[-74,69],[22,69],[-43,60],[18,83],[-48,11],[12,64],[-35,80],[25,52],[56,-5]],[[13473,4442],[-24,-19],[-61,44],[-106,17],[-80,-26],[-26,58],[-59,-32],[-56,42],[-29,1],[-78,-39],[-32,-59],[-103,-34]],[[11694,8393],[17,-10],[-5,-56],[101,-100],[70,-1],[17,-160],[76,-39],[2,-30],[128,-100],[54,31],[28,-64],[72,-54]],[[12254,7810],[-4,-10],[7,-28],[-66,-51],[-17,-143],[-70,-74],[-79,-22],[-141,-14],[-8,-22],[-8,-78],[-10,-19],[-45,-38]],[[11813,7311],[-71,20],[-86,272],[-102,219],[-98,64],[-127,359]],[[12254,7810],[64,36],[27,59],[60,31]],[[12405,7936],[38,-76],[97,-47],[63,5],[134,-111],[139,-49],[2,-51],[-41,-98],[-103,-53],[-13,-60]],[[12721,7396],[-55,6],[1,-143],[-92,-44],[-43,-74],[19,-84],[-25,-144],[-77,8],[-58,-51],[-76,41],[-78,-23],[-60,-96],[-81,9],[-22,-37],[15,-14],[5,-86],[47,-51],[-1,-6]],[[12140,6607],[-3,-4],[-23,-35],[-66,-28],[-58,11]],[[11990,6551],[-83,175],[-47,232],[-78,318],[31,35]],[[12721,7396],[105,13],[23,-20],[112,12],[45,-20],[115,76]],[[13121,7457],[45,-41],[-62,-81],[84,-80],[-10,-77],[-68,-77],[-46,-95],[-12,-67],[124,-65],[62,1],[69,-33],[65,-104],[58,-48],[-35,-107],[-4,-129],[-104,-5],[38,-68],[-19,-245],[-15,-39],[44,-114],[-16,-20],[2,-7]],[[13321,5956],[-12,-3],[-117,0],[3,42],[-56,20],[-48,-18],[-42,35],[-62,-3],[-54,90],[-43,-3],[-52,55],[-68,30],[-70,79],[-36,77],[13,84],[51,81],[28,124],[-176,-12],[-105,22],[-55,-17],[-44,57],[-93,-127],[-48,26],[-95,12]],[[14001,4177],[-27,-120],[3,-79],[-87,-91],[-4,-39],[-3,-6]],[[13870,3342],[-24,-90],[48,-110],[46,-47],[0,-26],[36,-44]],[[13976,3025],[21,-56],[-27,-60],[-87,-22],[-4,-89],[-54,-96],[-6,-92],[-43,1],[-39,-41]],[[13737,2570],[-146,122],[-172,219],[-262,354],[-66,114]],[[12344,5720],[-48,-8],[-68,240],[-55,153],[-92,194],[-68,172],[-23,80]],[[13321,5956],[-4,-30],[104,-115]],[[12699,8171],[18,-36],[-7,-14],[-78,-12],[-15,-48],[-112,-49],[-42,48],[-70,-48],[12,-76]],[[7541,2617],[-18,-31],[-3,-37],[-27,-31],[27,65],[21,34]],[[12379,28156],[16,-89],[4,-50],[-48,-5],[-41,29],[-20,-29]],[[12290,28012],[-24,16],[-19,-13],[-69,17],[-35,-23],[-171,11],[-5,-24],[-38,7],[-12,15],[-38,-12],[-24,2],[-21,11],[-20,4],[-7,19],[-51,120],[13,73],[-59,43],[-49,4],[-38,53],[-51,-19],[-6,1]],[[11566,28317],[-8,17]],[[11558,28334],[59,110],[14,124],[70,-79],[118,67],[39,-16],[107,63],[43,18],[7,69],[-31,85],[102,42],[32,42],[95,35],[43,57],[-20,124],[48,64],[-19,62],[81,6],[32,-113]],[[12378,29094],[13,-100],[32,-26],[-67,-63],[25,-79],[70,2],[20,-84],[55,-118],[-23,-58],[44,-19],[87,-128],[43,-150],[-1,-6]],[[12676,28265],[-4,-3],[-27,-1],[-23,-12],[-33,3],[-102,-17],[-24,19],[-101,-4],[17,-94]],[[9548,26464],[87,-91],[12,-65],[74,50],[51,7],[118,-61],[84,69],[110,-1],[27,-37]],[[10111,26335],[-21,-11],[-6,-81],[-29,-44],[41,-41],[-66,-65],[3,-76],[-94,-9],[-14,-55],[37,-95],[-70,-7],[-60,-78],[-54,25],[-48,-105],[48,-52],[11,-46],[-94,-4],[7,-30],[56,9],[-33,-61],[15,-30]],[[9740,25479],[-27,-1],[-81,-26]],[[9632,25452],[-73,-18],[-66,-75],[-67,-13],[-12,-45],[-89,-18],[-15,0],[-38,-7],[-2,0],[-21,6],[-7,7],[-14,17],[-2,1],[-16,10],[-6,3],[0,0],[-6,2],[-5,1],[-5,0],[-3,1]],[[20971,26862],[-10,11],[-33,21],[-33,6],[-1,16],[-44,22],[-96,132],[-60,0],[-31,117],[-63,34],[4,53],[65,78],[-14,59],[-28,7],[0,5],[17,9],[83,16],[-32,-40],[0,-12],[32,3],[37,-2],[22,26],[72,-16],[37,18],[37,29],[33,46],[128,-34],[0,97],[48,63],[47,25],[15,61],[37,-31],[21,81]],[[15533,29489],[-16,-29],[-136,-61],[-13,-44],[-103,-83],[-12,-41],[19,-56],[-6,-6],[-32,-2]],[[15234,29167],[-29,24],[-58,-40],[-77,2],[-120,49],[-13,67],[-192,-15],[-78,-7],[-86,18]],[[14581,29265],[-37,62],[64,21],[35,41],[-99,50],[-35,-64],[-146,42],[-48,44],[2,56],[31,-1],[-10,154],[-25,59],[22,94],[36,47],[62,74],[-50,182],[65,66]],[[14448,30192],[-22,41],[-10,26],[61,83],[60,-88],[132,-94],[64,25],[114,185],[6,36],[35,11],[168,-37],[47,-37],[44,-14],[-53,-68],[-19,-64],[6,-49],[74,-15],[42,34],[97,-35],[33,7],[54,1],[5,6]],[[15386,30146],[67,-59],[26,-61],[1,-67],[47,-84],[17,-37],[3,-80],[-22,-105],[-48,-19],[56,-145]],[[19229,24285],[-97,-10],[-114,108],[-29,2],[-81,19],[-7,-43],[-61,-1],[-23,53],[34,51],[-38,59],[-18,29]],[[18795,24552],[-2,31],[-18,31],[-58,34],[9,10],[-16,32],[-38,3],[-38,58],[-16,16],[-20,4],[-91,20],[-62,-47],[-41,5],[-89,-91],[-55,4],[-49,-36],[-54,38],[-53,-8],[-14,-22],[-3,-26]],[[18087,24608],[-91,10],[-101,85],[-91,35],[-115,-42],[-16,-34],[-171,-21]],[[17502,24641],[-48,76]],[[17454,24717],[45,62],[46,13],[57,70],[-10,53],[109,-24],[-22,67],[37,18],[16,91],[119,12],[48,86],[142,118],[-83,17],[39,45],[92,8],[1,140],[25,26],[99,20],[101,-2],[-39,76],[-2,56],[-13,43],[33,41],[62,57],[-22,90],[27,69]],[[18361,25969],[66,4],[41,2],[-1,-28],[159,-29],[53,51],[59,-20],[-5,-50],[86,12],[77,-97],[27,53],[65,-8],[45,-57],[171,-23],[99,-36],[27,26],[-35,86],[126,67],[13,139],[24,3],[81,-34],[22,-33],[6,-20],[-4,-16],[2,-3]],[[19565,25958],[2,-3],[63,5],[13,-14],[-41,-41],[17,-40],[31,1],[98,15],[74,-80]],[[9740,25477],[24,3],[47,-27],[18,-13],[71,4],[281,90],[62,-30],[115,37],[173,6],[280,32],[71,32],[95,6],[19,10]],[[10996,25627],[120,-70],[32,-46],[4,-60],[-36,-67],[-59,-2],[-30,-64],[-3,-61],[-49,-2],[-39,-39],[46,-80],[-46,-54],[8,-45],[-32,-57],[-18,-8],[-67,-19],[18,-57],[68,-19],[49,-82],[67,53],[79,19],[75,-3],[47,-84],[46,-13],[-59,-124],[6,-45],[56,-47],[125,-22],[15,-64],[48,-76],[-9,1]],[[11458,24390],[-16,2],[-94,-37],[-36,24],[-87,12],[-129,-15],[-126,16],[-5,35],[-123,-8],[-19,8]],[[10823,24427],[-31,19],[-89,37],[-23,17],[-39,91],[-56,88],[-205,76],[-29,29],[-102,-19],[-51,-5],[-1,-10],[-42,9]],[[10155,24759],[-110,24],[-62,39],[-112,19],[-52,32],[-8,59],[-62,16],[8,44],[-20,87],[36,169],[-52,76],[-69,28],[-20,100]],[[9740,25479],[0,-2]],[[15100,24405],[-125,-41],[-154,57],[-9,-36],[-72,-11],[-64,-42],[-26,63],[-138,-7],[-173,-25],[-27,132],[-48,27],[-30,80],[60,59],[72,-3],[97,-41],[11,46],[-24,185],[-39,73],[-86,96],[-29,-3],[-89,-20],[-191,6],[-30,-73],[-51,3],[-27,-40],[-133,52],[-91,-17]],[[13684,24925],[11,27],[7,12],[4,56],[95,23],[45,41],[-11,81],[7,19],[34,-10],[45,73]],[[13921,25247],[43,12],[45,86],[72,7],[111,47],[10,49],[149,12],[7,72],[-68,53],[12,98],[-71,10],[-37,51],[-52,24],[-9,52]],[[14133,25820],[35,-2],[67,-50],[31,2],[9,6],[3,36],[22,9],[55,51],[-1,45],[68,79],[66,-20],[78,-55],[71,22],[55,-9],[101,16],[81,49],[37,-18],[-7,-109],[34,0],[100,91],[87,-9],[55,0],[23,10],[172,88],[94,11],[69,5],[7,7]],[[15545,26075],[10,-10],[5,-73],[-52,-50],[27,-93],[36,-37],[-40,-87],[22,-169],[99,33],[7,-94],[85,-83],[-23,-69],[133,-9],[61,-37],[51,-115],[-32,-51],[-86,-36],[5,-50],[-22,-112],[-45,1],[-136,-216]],[[15650,24718],[-12,-16],[-38,-16],[-35,26],[-40,5],[-62,-61],[-53,9],[-18,-101],[-163,-99],[-99,-38],[-30,-22]],[[16561,31992],[1,-1]],[[16562,31991],[4,-7],[-10,2],[-31,-19],[-42,-43]],[[16483,31924],[-33,-5],[-38,62],[-32,-9],[-53,43],[-13,85],[106,165],[-34,27],[-45,158],[49,58],[-49,47],[-78,-104],[-68,-19],[-5,-83],[-53,7],[-20,2],[-21,-11],[-7,-11]],[[16089,32336],[-5,7],[-20,63],[-73,-12],[-71,60],[-39,61],[-33,-26],[-50,25],[-38,55],[7,55],[-25,5],[-111,24],[-105,-16]],[[15526,32637],[35,88],[4,80],[-18,8],[-66,61],[-30,81],[81,11],[20,68],[48,-42],[60,16],[132,129],[100,58],[55,102],[9,54]],[[15956,33351],[31,-12],[73,-14],[28,31],[60,-10],[28,39],[70,-22],[28,22],[33,-43],[10,-3],[3,1]],[[16320,33340],[43,6],[102,-107],[60,15],[102,-55],[55,-117],[-36,-27],[25,-72],[97,-100],[5,-7]],[[16773,32876],[0,0],[-27,-42],[71,-7],[27,-7],[25,-14]],[[16869,32806],[-15,-46],[-56,-20],[56,-86],[-29,-65],[-79,-73],[-10,-69],[-59,-54],[-2,-70],[-90,-26],[94,-96],[-91,-75],[-2,-77],[-27,-42],[2,-15]],[[14351,27818],[19,-55],[64,21],[10,-63],[2,-21],[100,-79],[-50,-39],[9,-102],[-47,-167],[-96,-64],[-28,-8],[-161,-20]],[[14173,27221],[-32,10],[-46,2],[-71,10],[-42,70],[-59,138],[-40,-7],[41,100],[3,23],[-65,34],[8,25],[45,-8],[51,87],[50,48],[27,177],[-36,160],[-78,38],[-81,80],[-4,9]],[[13844,28217],[0,11],[23,37],[17,57],[40,119],[0,75],[4,36],[4,13]],[[13932,28565],[19,-2],[123,-14],[-1,14]],[[14073,28563],[28,-1],[58,-16],[66,-132],[83,-74],[56,28],[66,-32],[37,18],[46,-64],[72,-53],[-26,-57],[-84,-19],[-34,-92],[-68,-28],[2,-83],[11,-23]],[[14386,27935],[-39,-103],[4,-14]],[[12167,24691],[81,28],[71,-80],[108,67],[164,-25],[16,8],[17,42],[97,-2],[104,-54],[170,18],[142,-23],[54,28],[58,-27]],[[13249,24671],[-27,-66],[45,-55],[-12,-39],[-63,-39],[-17,-57],[-99,-65],[-65,-67],[54,-79]],[[13065,24204],[-58,-149],[-99,22],[-46,-28],[-59,14],[-59,-138],[-97,-44],[-11,-14]],[[12636,23867],[-156,-8],[-19,30],[-132,-5],[-74,60],[-13,86],[61,-12],[-12,148],[-46,64],[-35,104],[-84,-12],[-38,25],[-56,14]],[[12032,24361],[29,75],[-6,52],[4,44],[-94,7],[22,112],[102,0],[78,40]],[[17988,29774],[-20,-14],[-2,-30],[20,-9],[33,-27],[-10,-23],[14,-145],[-20,-60],[22,-103],[-36,-41],[-43,46],[-34,13],[-19,-21]],[[17893,29360],[-66,70],[-108,-37],[-38,-38],[-64,20],[7,23],[-3,39],[-77,45],[-92,-77],[-59,-21],[-51,42],[-60,-38],[-13,-35],[29,-30],[-39,-187],[3,-42],[-37,-36],[-71,-13],[14,-64],[-23,-7],[-88,13],[-108,-51],[-15,11],[-24,-7],[-22,-33]],[[16888,28907],[-34,8],[-74,39],[-38,133],[-6,20],[100,71],[40,-17],[54,40],[-7,103],[74,-13],[48,75],[-5,58],[-118,32],[-58,-31],[-88,-14],[-29,-55],[-74,2],[0,33],[-16,39],[-4,8]],[[16653,29438],[2,8],[-9,32]],[[16646,29478],[13,55],[10,17],[7,30],[129,210],[137,-34],[41,64],[138,44],[37,109],[-2,51],[-19,34],[16,65],[46,104],[-25,256],[20,50],[-13,71],[-5,26],[-18,20]],[[17158,30650],[-8,24],[-47,76],[97,33],[-35,54],[-49,30],[-38,-22],[-9,40],[6,31],[25,28]],[[17100,30944],[11,5],[77,4],[50,-108],[-2,41],[58,-22],[50,-62],[-4,-65],[-23,1],[-11,9],[-8,-16],[-32,-49],[-6,-35],[14,-47],[15,-12],[16,3],[14,30],[17,-36],[3,-7],[90,-41],[43,31],[15,69],[12,8],[52,46],[26,-38],[12,-10],[112,-33],[123,28],[126,-73],[21,-6],[33,135],[-26,99],[136,44],[90,10],[44,123],[113,18],[4,-3]],[[18365,30985],[17,-13],[161,100],[96,35],[54,-56],[7,-32],[-17,-125],[60,-31],[25,-46],[68,-50],[34,-78],[-116,-56],[-109,-161],[-17,-23]],[[18628,30449],[-120,-90],[-53,-17],[-19,-42],[-148,3],[-29,-28],[42,-104],[47,-60],[-35,-59],[-112,-108],[-15,-58],[-43,-53],[-50,52],[-60,-3],[-37,-85],[-8,-23]],[[15545,26075],[42,20],[32,17],[28,-7],[62,-2],[2,-1],[20,-10],[2,-1],[3,-2],[10,-10],[6,-6],[14,-20],[69,-16],[50,20],[48,42],[11,5],[46,14],[-12,33],[-61,53],[52,87],[-62,83],[-9,52],[-4,36],[9,26],[33,25],[26,-12],[103,-13],[10,9],[31,47],[65,26]],[[16171,26570],[3,-47],[8,-24],[57,-21],[27,-34],[29,-4],[37,13],[-8,24],[61,20],[34,45],[108,-16],[30,-60],[51,-29],[34,3],[39,12],[-6,109],[16,76],[43,32],[49,-25],[70,36],[24,38],[62,-4],[79,48],[18,-26],[6,-131],[62,-47],[21,-124],[42,-4]],[[17167,26430],[70,-20],[-77,-108],[32,-93],[-161,-17],[106,-53],[-25,-91],[87,-6],[11,-56],[-74,-25],[-1,-75],[91,-44],[6,-60],[-55,-21],[40,-142],[54,-46],[-23,-36],[47,-67],[-18,-82],[-84,-65],[-101,-202],[26,-36],[-26,-60],[-73,-31],[7,-57]],[[17026,24937],[10,-11],[-20,-25],[-6,-32],[-2,-52],[-106,17],[-68,-85],[-146,-13],[-53,27],[-96,-91],[29,-126],[-263,4],[-57,-42],[-62,29],[-97,-7],[-56,15],[-38,46],[-79,23],[-39,-34],[-83,-10]],[[15794,24570],[-25,126],[14,41],[-67,28],[-12,-6],[9,-33],[-25,-29],[-38,21]],[[17893,29360],[24,-35],[35,-54],[35,-35],[-22,-23],[-7,-54],[10,-19],[-4,-25],[-14,-39],[-34,-73],[-64,-82],[-22,-120],[137,-26],[18,-50],[-28,-98],[49,-52],[0,-20],[-22,-65],[4,-15],[9,-17],[3,-5]],[[18000,28453],[7,-14],[-51,-70],[-12,-20],[5,-20],[-21,-27],[21,-76],[56,-7],[40,-15],[63,-3],[30,-36],[-54,-120],[-23,-4],[-86,-128],[-34,12],[-40,-78],[-3,-3]],[[17898,27844],[-14,-6],[-83,-60],[-65,-114],[-240,-158],[-43,7],[-185,-148],[-30,-20]],[[17238,27345],[-35,-20],[-30,-8],[-36,141],[-44,-25],[-56,55],[-69,-18],[-21,-28]],[[16947,27442],[-11,-3],[-3,33],[56,27],[13,29],[-13,65],[39,43],[-66,41],[-16,113],[164,95],[66,63],[-48,60],[0,126],[54,-13],[25,41],[-77,36],[-28,39],[2,76],[-98,66],[28,58],[-33,36],[-55,-12],[-108,77],[-48,66],[0,-24],[-39,28],[111,91],[82,53],[-30,84],[-11,23],[-13,48],[-2,0]],[[16483,31924],[-55,-158],[-64,-35],[-60,-131],[48,-18],[31,-59],[-26,-95],[-182,-39],[-43,-48],[-48,36],[-31,-19],[-78,-18],[-86,28],[-56,-50],[-24,12],[-4,9]],[[15805,31339],[36,42],[-121,39],[-21,89],[-48,-1],[-130,98],[-16,-47],[-45,7],[13,50],[58,38],[22,55]],[[15553,31709],[67,30],[-11,22],[37,36],[52,-2],[23,5],[67,77],[61,52],[23,83],[82,20],[64,51],[91,130],[-52,26],[49,49],[-7,36],[-10,12]],[[12858,26732],[47,-20],[-12,-18],[26,-21],[19,21],[26,16],[43,26],[79,-23],[44,64],[74,-8],[55,26],[40,52],[75,36],[145,-37],[64,10],[16,-123],[27,-49],[21,-159],[72,-30],[-5,-47],[66,-78],[-9,-33],[3,1]],[[13774,26338],[-55,-62],[-91,-38],[-197,-22],[-172,-96],[-7,-112],[-4,-24]],[[13248,25984],[-18,-43],[-66,-16],[-14,3],[-50,-19],[-44,54],[-4,51],[-46,19],[-30,52],[-75,-9],[-71,21],[-99,-49],[3,-64],[-72,-15],[-88,-55],[-140,-21],[-27,34],[-21,11],[-8,9],[-5,7]],[[12373,25954],[7,11],[-18,30],[49,64],[-35,43],[-83,31],[-92,66],[-23,118]],[[12178,26317],[27,25],[-62,37],[87,13],[44,32],[125,10],[23,44],[-85,77],[-134,19],[-27,75],[-81,162],[-75,48],[-13,91],[-114,108],[-7,24]],[[11886,27082],[3,21],[85,8],[37,32],[17,74],[-47,66],[-40,14],[31,77],[-30,72],[-8,81],[50,81],[49,-88],[16,-102],[40,-45],[5,-66],[60,-125],[3,-26],[43,4],[12,13],[-45,97],[-31,20],[17,52],[85,23],[19,13],[1,18],[-19,8],[-88,16],[4,48],[62,6]],[[12217,27474],[70,-32],[137,-15],[35,22],[214,-15],[8,-35],[146,-28],[45,-84]],[[12872,27287],[-56,-23],[-31,-51],[-47,7],[-5,-20],[21,-42],[-19,-97],[-2,-17],[16,-15],[23,-7],[-16,-36],[-12,-24],[13,-30],[70,-83],[29,-42],[-8,-61],[10,-14]],[[10111,26335],[27,12],[32,22],[21,130],[-49,150],[9,11],[178,2],[103,87],[13,62],[38,36],[33,125],[2,284]],[[10518,27256],[10,4],[91,-16],[127,5],[42,-25],[77,-7],[10,81]],[[10875,27298],[93,-11],[57,-118],[-53,-60],[0,-25],[31,-33],[2,-51],[-30,-30],[21,-16],[19,-151],[52,13],[9,26],[82,10],[20,2]],[[11178,26854],[5,-2],[-25,-98],[19,-60],[79,-19],[32,-52],[-1,-60],[29,-105],[243,9],[45,-30],[-55,-64],[-72,-35],[-60,-7],[8,-54],[-59,-13],[-4,-18],[23,-86],[-31,-100],[2,-16],[9,-14]],[[11365,26030],[-35,-29],[-48,19],[47,-239],[-47,-114],[-99,-11],[-57,-22],[-123,-2],[-7,-5]],[[19565,25958],[17,25],[17,25],[16,44],[-66,76],[44,55],[118,86],[-20,64],[-42,23],[85,120],[-54,-8],[-48,69],[5,121],[-88,7],[2,151],[-157,-59],[-59,0],[6,73],[-125,-32],[-13,21],[-85,13],[-13,11],[-15,7],[20,153],[-41,117],[-53,81]],[[19016,27201],[4,1],[81,86],[-43,61],[-42,-19],[-35,78],[32,90],[66,21],[7,80],[5,57]],[[19091,27656],[31,-8],[166,40],[85,-45],[-3,-40],[-58,-66],[70,-102],[47,51],[94,-50],[94,65],[35,50],[88,-95],[113,-63],[50,13]],[[19903,27406],[6,0],[128,-57],[12,-64],[94,-79],[-5,-50],[-65,-61],[-34,-109],[23,-69],[83,-18],[159,-83],[71,3],[50,-50],[28,-81],[112,-37],[104,12],[90,46],[57,-11],[18,-55],[-15,-54],[69,-41],[-13,-21],[0,-1]],[[13684,24925],[-100,-55],[-163,-135],[-61,24],[-29,-37],[-59,7],[-23,-58]],[[12167,24691],[-8,149],[53,46],[102,-5],[-10,60],[-101,27],[23,48],[-22,134],[104,64],[-38,156],[40,59],[-16,31],[17,18],[36,-9],[25,46],[21,34],[-26,20],[-32,38],[-54,-34],[-16,-6],[2,-17],[30,-28],[-24,-24],[-64,-3],[-4,60],[60,25],[-19,108],[39,12],[5,59],[-79,-2],[-14,-36],[-103,11],[-3,40],[52,9],[110,55],[73,22],[6,9],[28,65],[11,19],[2,3],[0,0]],[[13248,25984],[64,-49],[37,24],[72,-55],[-72,-92],[-17,-183],[47,-16],[10,-11],[-29,-17],[-12,-85],[60,-120],[29,10],[7,25],[107,1],[33,-42],[43,17],[61,-17],[106,19],[27,-15],[29,-48],[52,-35],[19,-48]],[[14581,29265],[-78,-29],[-6,-48],[-63,-34],[-76,9],[-19,38],[-77,-62],[-45,38],[-27,71],[21,38],[-78,32],[-54,-103],[14,-44],[30,-73],[-14,-57],[-83,-93],[15,-61],[-52,-30],[8,-47],[54,-30],[-14,-82],[35,-126],[1,-9],[0,0]],[[13932,28565],[-49,7],[-46,72],[-3,10],[38,94],[-9,129],[-125,8],[-112,-8],[-41,-42],[-69,27],[-111,73],[-6,22]],[[13399,28957],[0,0],[14,-5],[21,-1],[25,96],[43,17],[-72,80],[-52,71],[-41,118],[22,16],[-3,92],[2,20],[-15,9]],[[13343,29470],[9,75],[-7,10],[-43,68],[80,25],[10,-29],[70,6],[-6,-80],[71,-46],[49,22],[90,89],[17,47],[3,51],[-6,95],[-62,121],[-73,28],[-14,46],[-64,-18],[-118,6],[3,29],[-69,95],[45,22],[98,-1],[83,56],[-37,62],[-81,74],[-5,94],[20,38],[110,24],[29,31],[18,18],[144,-33],[124,51],[19,42],[143,9],[62,-59]],[[14055,30538],[30,-74],[19,-45],[28,-106],[35,-34],[26,15],[36,22],[44,-29],[42,-86],[133,-9]],[[15553,31709],[-103,-71],[-81,-32],[-34,6],[-125,-20],[-25,4],[-71,45],[10,37],[-34,-1],[-96,-14],[-53,-27],[-18,90],[-7,21],[-19,14],[-81,13],[-31,59],[-57,45],[-51,-6],[-55,62]],[[14622,31934],[-8,106],[17,20],[72,97],[71,7],[-23,53],[17,51],[-46,20],[3,58],[41,34],[16,63],[52,57],[75,-69],[74,65],[135,35],[5,79],[101,-10],[83,39],[122,-38],[90,-4],[7,40]],[[13774,26338],[40,36],[10,4],[7,1],[20,-3],[6,-1],[43,-17],[2,-5]],[[13902,26353],[1,-9],[64,-11],[41,-137],[44,-62],[-14,-30],[21,-102],[14,-23],[55,-50],[2,-107],[3,-2]],[[13902,26353],[44,31],[41,36],[51,-75],[45,-1],[39,59],[129,45],[39,36],[48,-7],[59,40],[67,4],[61,107],[93,1],[27,42],[69,-8],[69,80],[23,48],[79,51],[55,-70],[59,47],[30,-80],[42,27],[50,3],[45,-25],[3,0]],[[15169,26744],[-1,-1],[3,0],[8,0],[2,0],[3,1],[25,13],[15,3],[8,-2],[21,-15],[17,-13],[6,-3],[10,-5],[1,0],[10,1],[3,1],[4,2],[3,2],[3,4],[8,15],[1,41],[100,96],[73,-34],[75,11],[61,75],[47,6],[59,67],[49,20],[22,18]],[[15805,27047],[40,-45],[159,-5],[26,-75],[-19,-65],[36,-34],[-1,-64],[51,-37],[2,-51],[16,1],[6,11],[26,1],[51,-6],[-29,-54],[2,-54]],[[12178,26317],[-86,-31],[-5,-54],[42,-43],[2,-29],[-134,-26],[-81,-27],[-8,-51],[-17,-3],[-69,-14],[-13,11],[-53,0],[-96,-44],[-36,14],[-77,-39],[-117,-7],[-65,56]],[[11178,26854],[4,63],[60,158],[140,110],[1,32],[88,-5],[-14,-44],[23,-56],[20,-26],[-13,24],[54,-8],[58,5],[30,-8],[126,41],[94,-4],[37,-54]],[[17898,27844],[68,-31],[39,-131],[30,-10],[60,60],[75,-84],[92,11],[128,-29],[77,-59],[47,57],[158,-7],[40,-29],[169,57],[63,38],[11,33],[15,-1],[21,-15],[24,-4],[30,20]],[[19045,27720],[4,-7],[40,-55],[2,-2]],[[19016,27201],[-22,2],[0,45],[-110,55],[-40,52],[-84,-54],[-76,-70],[-90,87],[-110,-55],[35,-79],[-59,-36],[-83,11],[-43,36],[-75,-65],[-42,-11],[-23,-30],[28,-50],[-79,-48],[21,-55],[-13,-112]],[[18151,26824],[-24,10],[-62,-22],[-61,15],[-30,-39],[-58,62],[-33,-28],[-21,46],[-83,70],[-110,8],[-24,26],[-11,7],[-9,16]],[[17625,26995],[1,17],[24,21],[-70,69],[15,117],[-49,70],[-94,14],[-84,-75],[-76,7],[-82,65],[28,45]],[[9458,27171],[25,7],[31,22],[49,53],[65,-11],[52,-34],[106,27],[16,51],[96,22],[94,94],[72,-11],[46,29],[8,30],[-8,4],[-7,-5]],[[10103,27449],[5,10],[19,6],[16,-8],[39,10],[-34,-92],[18,-59],[59,-24],[102,3],[49,41],[13,0],[103,-36],[-1,-47],[12,-1],[15,4]],[[18000,28453],[10,-1],[44,-15],[22,11],[57,39],[36,51],[30,84],[20,42],[10,34],[48,24],[21,4],[88,-35],[61,-46],[28,94],[94,-42],[-12,-42],[116,-59],[41,-5],[43,92]],[[18757,28683],[47,-4],[92,33],[70,23],[61,53],[4,64],[67,-32],[246,143],[11,-31],[-48,-78],[133,-5],[-2,-37],[-63,-26],[4,-66],[61,-27],[13,71],[48,17],[72,94],[50,-29],[52,6],[8,-4]],[[19683,28848],[-42,-14],[-80,-113],[-16,-42],[-51,-20],[11,-76],[80,-78],[29,-124],[-33,-35],[19,-139],[-127,-21],[-141,99],[-63,9],[-59,-162],[-44,-74],[-93,-45],[-20,-67],[-6,-50],[30,-47],[-32,-121],[0,-8]],[[18361,25969],[-46,61],[33,51],[1,32],[-58,52],[-30,118],[-42,83],[43,48],[83,25],[35,9],[62,-42],[62,2],[36,42],[-32,39],[63,40],[6,68],[69,26],[-6,90],[-101,25],[-57,-61],[-137,3],[-45,-9],[-61,55],[-25,54],[-63,44]],[[10928,28478],[-28,-39],[-37,69],[-64,-59],[-95,6],[-60,-26],[-64,15],[-39,-66],[-84,17],[-47,-53]],[[10410,28342],[-19,54],[-35,117],[15,74],[41,80],[34,22],[46,93],[-52,134],[-96,128],[-26,49],[41,41],[-5,8]],[[10354,29142],[93,104],[-3,21],[-13,22],[8,35],[113,62],[46,-51],[72,26],[20,-32],[141,-44],[73,8],[135,40],[39,-34],[82,30],[4,35],[86,76],[66,105],[80,47],[21,64],[-8,111],[-23,99],[-25,45],[-11,12]],[[11350,29923],[4,-1],[46,15],[49,-58],[70,23],[33,43],[95,54],[68,9]],[[11715,30008],[82,-59],[-17,-103],[32,-25],[6,-65],[49,-54],[41,-8],[10,-9],[-16,-35],[21,-11]],[[11923,29639],[7,-10],[-31,-55],[-3,-98],[-65,-38],[-50,-2],[-66,60],[-77,-91],[3,-93],[42,-62],[74,-17],[-12,-118],[-49,-14],[-46,-136],[54,-8],[17,-42],[63,-3],[-2,-60],[-77,-16],[-27,-107],[-95,-48],[-48,107],[-53,-56],[-102,8],[-3,30],[-81,44],[-39,-81],[-37,-33],[-12,-71],[-1,-29]],[[11207,28600],[-2,-6],[-129,-73],[-34,-93],[-28,42],[-86,8]],[[14622,31934],[-32,-8]],[[14590,31926],[-88,11],[1,70],[73,7],[2,75],[-53,35],[-32,-24],[-64,14],[-81,72],[-19,18],[-133,124],[-107,-12],[-87,-35],[-38,-66],[-67,35],[-12,55],[-49,54],[-33,-14],[2,45],[-19,24],[-10,6],[-19,20]],[[13757,32440],[6,10],[79,22],[46,-14],[112,67],[64,65],[15,52],[74,42]],[[14153,32684],[55,-5],[47,-6],[-7,70],[147,13],[44,43],[73,23],[111,92],[87,10],[19,45],[42,18],[48,-5],[23,7],[18,30],[-6,45],[91,34],[37,77],[56,-6],[81,67],[148,-27],[19,133],[-10,28],[18,29],[20,3],[130,50],[11,6]],[[15455,33458],[70,-26],[61,80],[107,0],[39,-73],[56,13],[38,-57],[100,-22],[30,-22]],[[15805,27047],[26,21],[7,11],[46,5],[34,7],[45,8],[71,-8],[50,32],[159,23],[39,49],[69,30],[-8,60],[20,63],[16,85],[-1,13],[-10,19]],[[16368,27465],[39,27],[19,-22],[75,-44],[62,33],[72,-58],[192,-4],[24,-38],[45,-1],[14,11],[35,24],[2,49]],[[17625,26995],[-42,-18],[45,-118],[-124,-93],[-38,-61],[-9,-102],[-36,16],[-120,-12],[-11,-40],[-6,-25],[-117,-112]],[[10354,29142],[-10,6],[-34,48],[-159,-10],[23,166],[39,62],[70,71],[-1,19],[-50,27],[-4,14],[-47,9],[-53,-7],[-41,35],[-23,-3]],[[10064,29579],[0,25],[20,20],[43,33],[-8,52],[60,41],[-11,43],[52,59],[-64,26],[7,92],[59,38],[85,-160],[72,-19],[65,71],[58,13],[-10,74],[30,68],[-22,7],[-144,-1],[-80,30],[9,8],[-5,55],[-21,36],[-28,67],[3,62],[115,-21],[10,-54],[58,-49],[105,-6],[47,-25],[47,47],[70,3],[1,48],[-6,75],[4,15],[2,5],[21,0],[2,13],[17,6],[61,93],[14,-8]],[[10802,30461],[10,-5],[169,19],[67,-29],[-5,-6]],[[11043,30440],[-32,-12],[12,-91],[-109,-81],[-8,-41],[77,-34],[22,29],[141,-38],[-180,-81],[-26,58],[-65,18],[13,58],[-75,-19],[70,-104],[-45,-2],[-39,-53],[5,-48],[44,-41],[352,-71],[137,40],[13,-4]],[[18628,30449],[73,-45],[83,37],[40,78],[64,15],[15,-2],[-5,-7],[7,-17],[47,-36],[27,2]],[[18979,30474],[3,-3],[68,-13],[3,-48],[-67,4],[-51,-55],[35,-103],[130,-17],[83,-58],[-41,-53],[-105,-42],[-153,-103],[-43,46],[-38,-106],[-30,-33],[147,-178],[-60,-238],[58,-10],[15,-99],[54,-12],[52,-82],[59,-34],[35,-150],[58,-42],[-24,-42],[-173,-137],[-83,17],[-21,-87],[-76,-20],[-6,-38],[-55,-46],[4,-9]],[[15169,26744],[3,11],[1,18],[-14,20],[11,16],[-11,18],[12,53],[5,38],[-37,37],[-42,-30],[-52,-16],[24,98],[-186,-36],[-102,-71],[-37,9],[-107,-45],[-19,-54],[-66,-20],[-74,61],[-53,-23],[-124,91],[-74,99],[-62,32],[-20,24],[-6,93],[34,54]],[[14386,27935],[4,-23],[117,-29],[39,-37],[39,24],[33,66],[96,28],[125,-127],[91,-29],[62,18],[71,-67],[0,-66],[94,-46],[44,38],[-3,56],[-84,23],[6,79],[26,19],[109,-39],[76,55],[-5,50],[97,46],[41,-20],[32,86],[40,26],[38,129]],[[15574,28195],[48,31],[22,-53],[43,-18],[28,-1],[16,-27],[25,89],[-4,18],[2,5],[31,26],[-2,6],[-24,20],[-54,-68],[-28,-29],[14,88],[100,31],[50,-139],[65,-51],[-3,-123],[95,16],[40,-33],[161,48],[62,2],[-5,-76],[-87,-62],[-39,-82],[-68,-12],[-14,-24],[35,-8],[11,-91],[52,-51],[32,22],[32,12],[36,-21],[54,-93],[-10,-62],[12,-6],[10,7],[50,-20],[6,-1]],[[12378,29094],[121,40],[91,13],[95,-69],[75,36],[70,-48],[13,-56],[97,24],[-13,54],[66,48],[3,34],[96,13],[37,-36],[-44,-92],[72,-53],[75,5],[33,-65],[16,-9],[117,30],[1,-6]],[[13844,28217],[-40,-53],[-8,-22],[27,-51],[-9,-61],[-50,-41],[-14,-46],[-88,-69]],[[13662,27874],[-65,30],[-72,3],[-37,-48],[-29,73],[-161,-57],[-28,-43],[-53,69],[-104,-17],[-45,63],[-97,61],[-18,-19],[-93,38],[-24,-68],[-6,-6],[-29,6],[23,-31],[-87,50],[5,95],[16,-12],[-10,29],[-85,107],[12,61],[1,7]],[[10103,27449],[0,-1],[-13,-9],[-49,81],[-106,-15],[-26,35],[-103,4],[-23,60],[19,68],[41,33],[2,65],[61,65],[64,5],[22,33],[162,99]],[[10154,27972],[44,-16],[75,39],[54,82],[82,40],[-23,63],[0,85],[25,26],[-14,38],[13,13]],[[11207,28600],[125,-73],[46,-48],[-18,-37],[148,-40],[42,-54],[8,-14]],[[11566,28317],[-2,-1],[-3,-53],[-65,-11],[-36,-77],[-89,-7],[-61,19],[-31,-80],[16,-54],[-27,-104],[-143,91],[-10,35],[-156,-13],[-26,-11],[-9,-76],[-72,-31],[-56,10],[-11,-18],[-32,-130],[-7,-8],[-37,-51],[25,-5],[23,-6],[30,-45],[52,-72],[70,-49],[77,0],[16,-34],[-85,-9],[-9,-40],[-57,-63],[24,-126]],[[20673,29496],[-42,-14],[-89,-30],[-91,-60],[-128,-53],[-104,-65]],[[20219,29274],[-34,57],[-3,76],[-89,112],[1,36],[-108,27],[13,220],[31,100],[-201,162],[21,47],[13,16],[31,-2],[45,110]],[[19939,30235],[55,24],[14,71],[69,-33],[10,65],[-2,15],[0,24],[30,28],[48,84],[-6,80],[17,85],[10,2],[27,-1],[57,7],[95,-82],[44,21],[28,-42],[-54,2],[-4,-5],[56,-21],[73,-36],[12,124],[41,5],[22,56],[2,4]],[[20583,30712],[1,0],[22,1],[0,-3],[15,4],[12,11],[60,-50],[7,13],[14,-23],[-6,-27],[26,-67],[-58,-44],[43,-34],[56,38],[36,-59],[54,15],[112,-72],[62,16],[87,-44],[13,17],[-8,16],[14,-5],[19,-149],[-12,-60],[96,-72],[62,16],[118,-48],[20,-19],[8,-1]],[[21456,30082],[12,-15],[80,-14],[76,9],[-20,-57],[66,-16],[7,-87],[75,-62],[2,-80],[1,-5]],[[21755,29755],[1,-6],[7,-15]],[[21763,29734],[-50,-9],[-41,24],[-96,1],[-32,-13],[-65,-13],[-81,14],[-14,-41],[-151,-38],[-19,33],[-85,-33],[-15,-40],[-216,-56],[-12,27],[-10,-1],[-82,-37],[-121,-56]],[[15533,29489],[10,-11],[51,-35],[96,-80],[-56,-81],[92,-94],[76,40],[100,161],[81,-56],[40,-6],[60,-101],[57,-37],[23,-48],[46,-18],[83,16],[49,-98],[149,73],[45,73],[-4,47],[92,88],[30,116]],[[15574,28195],[-50,85],[4,71],[36,28],[-17,99],[22,98],[5,21],[-43,52],[26,43],[-3,58],[-45,74],[-67,26],[-38,-91],[-90,50],[17,124],[-28,17],[26,141],[-57,-2],[-59,32],[6,14],[12,3],[34,-20],[-19,25],[-17,7],[5,17]],[[18979,30474],[-11,78],[35,15],[52,-56],[108,65],[43,-22],[50,-65],[49,12],[14,11]],[[19319,30512],[19,6],[-15,95],[52,22],[104,-19],[37,68],[42,29],[56,-40],[-63,-68],[9,-88],[-64,-68],[32,-45],[-49,-49],[4,-62],[83,7],[96,53],[24,-49],[84,16],[107,-1],[62,-84]],[[20219,29274],[32,-48],[36,-11],[3,-54],[60,17]],[[20350,29178],[-27,-83],[-40,-41],[-95,-1],[-95,-71],[-35,-62],[-66,44],[-47,-3],[-180,-70]],[[19765,28891],[-25,-2],[-29,-39],[-28,-2]],[[12872,27287],[79,-32],[58,46],[6,98],[34,4],[54,-10],[19,-59],[52,-25],[63,50],[50,-80],[87,-31],[54,46],[-9,122],[25,41],[67,18],[62,73],[-11,41],[16,148],[34,14],[17,77],[33,46]],[[17454,24717],[-27,140],[-73,14],[-20,5],[-8,9],[-18,0],[-25,-27],[-170,32],[-31,35],[-56,15],[0,-3]],[[19903,27406],[-16,61],[-81,72],[6,108],[-55,44],[26,124],[110,4],[91,42],[36,45],[-1,55],[43,69],[27,112],[32,28],[1,122],[-44,19],[-50,85],[76,94],[-83,102],[-48,14],[-23,75],[-95,-1],[-14,57],[-90,118],[14,36]],[[20350,29178],[73,-10],[48,17],[20,-54],[-12,-109],[56,-95],[5,-57],[50,11],[-67,-155],[52,-20],[6,-61],[3,-46],[96,-51]],[[12217,27474],[44,66],[20,-8],[0,-10],[21,-11],[9,3],[20,44],[25,84],[61,4],[4,29],[-57,41],[-22,129],[-1,19],[69,32],[-40,55],[-30,-47],[-58,10],[-1,29],[24,37],[0,30],[-8,9],[-7,-7]],[[14590,31926],[-29,-73],[-86,-11],[0,-67],[-37,-11],[-55,60],[-74,18],[-80,46],[-22,-10],[3,-119],[-15,-49],[-110,17],[-16,-92],[-64,-29],[70,-69],[-77,-5],[-22,-53],[26,-10],[-27,-72],[58,-99],[-166,-35],[-75,-105],[16,-54],[-66,-14],[-24,-49],[-97,11],[-23,-57],[107,-30]],[[13705,30965],[-19,-26],[-24,-5],[-37,-34],[-101,-6],[-9,-31],[-92,73],[-77,13],[-108,-24],[-50,53],[-92,-4],[-69,58],[-52,15],[-44,79]],[[12931,31126],[-27,72],[-22,29],[-34,55],[-16,83],[1,155],[-51,37],[7,38],[69,22],[4,111],[58,70]],[[12920,31798],[47,61],[59,32],[9,18],[51,9],[91,-16],[94,70],[71,112],[-4,41]],[[13338,32125],[50,34],[39,69],[66,14],[87,52],[45,64],[94,19],[32,53],[6,10],[0,0]],[[14055,30538],[130,64],[6,110],[24,64],[-87,76],[35,37],[-26,123],[8,75],[-86,39],[-131,-105],[-4,-70],[-42,-33],[-57,3],[-58,36],[-62,8]],[[15805,31339],[-5,1],[-12,-6],[-27,-47],[2,-24],[4,-35],[-41,-73],[-78,-38],[-4,-44],[-56,-66],[54,-47],[36,-151],[63,-42],[-16,-43],[88,-63],[-30,-20],[31,-27]],[[15814,30614],[0,-1],[-18,-7],[-44,11],[-108,-63],[-11,-15],[19,-95],[-16,-46],[-242,-190],[-8,-62]],[[21763,29734],[12,-12],[42,-14],[57,-41],[-62,-79],[-83,-25],[-67,-44],[-8,-45],[-68,-44],[18,-43],[-58,-50],[-77,-1],[-2,-60],[-112,-63],[-65,-81],[-96,-6],[-63,-78],[-28,-106],[44,-65],[69,-34],[41,-87],[66,30],[49,-46],[65,-22],[113,5],[41,-19],[71,-148],[-45,-68]],[[21755,29755],[40,11],[41,-2],[23,-28],[74,-7],[-11,143],[47,37],[26,-47],[107,1]],[[22102,29863],[17,-44],[210,80],[47,-41],[-7,-45],[115,-12],[3,-73],[44,4],[7,-79],[-85,-18],[-46,26],[15,-218],[-29,-69],[83,-20],[5,-134],[-22,-94],[-35,-21],[14,-92],[-25,-49],[-49,9],[-38,-34],[69,-72],[72,-13],[-14,-100],[86,-20],[-2,-56],[11,-7]],[[16646,29478],[-58,-7],[-49,34],[8,65],[13,-10],[7,-20],[51,15],[4,5],[-5,9],[-29,12],[0,78],[-48,42],[-49,97],[-78,-51],[-84,-26],[-38,15],[-18,96],[50,74],[-13,151],[24,20],[-24,91],[-148,68],[-56,136],[15,129],[-69,61],[-5,99],[-37,74],[-12,40]],[[15998,30775],[-1,3],[-7,69],[-135,57],[35,34],[130,47],[42,109],[132,47],[17,-32],[-65,-64],[80,-19],[40,-46],[44,16],[-23,98],[-38,77],[100,33],[104,-27],[-36,81],[65,14],[8,60],[77,-1],[17,-14],[-39,-57],[29,-38],[-10,-110],[48,18],[24,-84],[-69,-19],[-87,18],[-57,-60],[-35,-68],[-49,-22],[16,-8],[64,-100],[42,83],[-6,63],[42,43],[71,-23],[60,-69],[-37,-46],[-20,0],[-23,19],[-15,-1],[-64,-141],[7,-40],[8,-6],[48,52],[25,29],[117,9],[-43,44],[31,58],[36,-20],[21,-27],[42,-39],[-32,-87],[-22,-45],[0,-6],[33,-8],[33,57],[85,-15],[-7,-76],[28,-11],[138,20],[24,-11],[-1,24],[20,50],[14,-13],[1,-52],[63,15],[20,33]],[[12032,24361],[-10,1],[-25,28],[-124,10],[-86,-27],[-137,16],[-131,-17],[-61,18]],[[10756,19795],[23,-25],[-12,-58],[57,-50],[15,-3]],[[10839,19659],[-17,-36],[-106,-11],[-45,-62],[-20,-92],[-52,-23],[-66,28],[-15,-52],[-63,-34],[-76,-14],[-13,-35],[-67,-35],[-18,-7],[-28,14]],[[10253,19300],[-58,20],[19,58],[-44,37],[-70,-17],[-30,54],[19,82],[-41,44],[-57,-29],[-31,-65],[-97,40],[-47,67],[36,31],[-45,85],[11,51],[-62,3],[-54,53],[0,69],[-78,100],[-39,-13],[-21,112],[18,37],[-132,38],[-26,83],[-110,122],[2,27],[-76,82],[55,139],[39,-3],[49,102],[-5,66],[-66,-37],[-82,30],[-62,1],[-142,60],[-12,90],[-43,79],[-106,-29],[-25,41],[-110,17],[-40,24],[-6,5],[-46,-4],[-3,-7]],[[8635,21045],[-139,88],[-24,39],[37,71],[-113,63],[-9,74]],[[8387,21380],[128,16],[13,10],[1,19],[23,13],[77,17],[2,17],[7,10],[0,21],[63,90],[16,4],[9,18],[41,36],[74,-113],[238,-36],[78,-27],[71,140],[120,27],[50,57],[63,-18],[22,53],[49,5],[-1,114],[-134,63],[-42,48],[107,81],[246,-32],[79,15],[65,-35],[153,-13]],[[10005,21980],[-37,-61],[-2,-81],[-63,-19],[-23,-117],[36,-12],[32,36],[86,-43],[43,15],[16,-130],[32,-14],[56,43],[2,-112],[55,38],[44,-41],[54,14],[126,-16],[46,-41],[58,4],[37,-35],[47,10],[108,-26],[39,4],[26,-53],[81,-68],[151,-38],[-36,-106],[52,-66],[70,33],[88,-7],[9,3],[5,11],[2,-1]],[[11245,21104],[6,-3],[6,-62],[74,-12],[-24,-75],[34,-36],[-37,-53],[-82,-40],[-29,-59],[-62,-30],[67,-49],[0,-75],[59,-35],[-118,-42],[-70,-4],[-87,28],[-32,-102],[92,-15],[-8,-55],[-42,-19],[-39,2],[-25,21],[-4,101],[-55,15],[-25,82],[-43,-30],[28,-99],[-166,17],[-16,42],[30,91],[-75,-41],[-124,20],[-58,25],[-32,-63],[-9,-81],[56,-11],[13,-61],[-67,-61],[-60,39],[-54,-25],[-16,-60],[100,-89],[2,-53],[37,-31],[68,-6],[19,-36],[88,-67],[57,-76],[76,-55],[58,-81]],[[13615,22804],[-62,-115],[-122,-52],[-42,-104],[-10,26],[-68,-22]],[[13311,22537],[-45,58],[-144,64],[43,89],[-52,86],[29,82],[67,4],[2,149],[-62,86],[0,79],[29,35],[15,134],[-71,127],[-55,69],[186,20],[-10,123],[17,48],[-23,95],[22,36],[-21,131],[13,0]],[[13251,24052],[8,0],[104,3],[101,19],[130,8],[-3,37],[61,24],[55,-44],[117,33],[14,0],[28,-56],[-27,-34],[-2,-78],[19,-102],[-39,-64],[34,-23],[-43,-164],[-17,-102],[61,-15],[237,4],[105,-22],[87,12],[22,49],[97,-54],[127,-116],[14,2],[-8,-33]],[[14533,23336],[-38,-5],[-39,-60],[-41,14],[-27,4],[-125,-141],[40,-62],[-75,-3],[-8,-35],[-111,-17],[-18,-131],[31,-56],[-74,-29],[-8,-46],[-109,47],[-59,1],[13,-63],[-97,-18],[-118,81],[-47,3],[-8,-16]],[[15794,24570],[18,-162],[-57,-32],[-18,2],[-76,0],[-150,-94]],[[15511,24284],[-143,2],[-81,42],[-40,-45],[-28,-90],[-9,-41],[67,-84],[-7,-37],[75,-61],[-13,-59],[30,-50],[-12,-205],[59,-79],[82,-15],[54,-51],[41,-90],[16,-88],[2,-34],[-5,-25],[-44,-45]],[[15555,23229],[-102,-11],[-83,-51],[-186,13],[-28,-64],[-72,-64],[-87,-20],[-37,76],[-42,-48],[-75,-16],[-70,-75],[-46,36],[-116,31],[-11,-25],[-10,-2]],[[14590,23009],[-34,5],[38,134],[-28,17],[-7,135],[-26,36]],[[13251,24052],[0,0],[-1,6],[-15,-3],[-11,6],[-26,98],[-39,60],[-94,-15]],[[10005,21980],[19,71],[81,155],[-35,89],[12,85],[1,7],[102,30],[40,60],[65,-29],[-4,-83],[66,-1],[38,-39],[17,194]],[[10407,22519],[100,112],[74,-48],[18,44],[50,1],[53,37],[-29,83],[82,49],[3,66],[118,76],[23,81],[59,-1],[55,38],[100,-30],[5,-83],[65,23],[36,-32],[-3,57],[44,-37],[56,50],[-5,49],[56,39],[48,-18],[53,37],[58,6],[-3,62],[45,4],[26,-88],[80,-2],[95,-88],[35,95],[40,8],[31,-100]],[[11875,23009],[-34,-12],[-56,-139],[-49,-33],[-39,5],[-12,-9],[-25,-74],[2,-47],[29,-41],[-21,-43],[-57,7],[-51,-37],[17,-39],[-32,-77],[13,-60],[-55,-21],[-33,-144],[-58,-5],[6,-123],[56,-46],[17,-76],[42,-26],[-22,-49],[-2,-159],[-38,-65],[13,-69],[-4,-132],[-65,-30],[15,-59],[78,-12],[6,-67],[-32,-151],[-24,6],[-1,-72],[-4,-41],[-9,-30]],[[11446,21039],[-13,2],[-45,-6],[-76,35],[-48,66],[-19,-32]],[[18087,24608],[5,-63],[-69,-84],[-128,-115],[43,-162],[35,-42],[115,14],[45,-24],[30,-18],[79,-5],[54,-43],[8,-23],[32,-71],[-31,-70],[34,-92],[-59,-72],[-146,17],[-17,-90],[9,-55],[-121,-113],[2,-130],[87,-20],[11,-94],[47,-37]],[[18152,23216],[-5,1],[-44,-40]],[[18103,23177],[-83,30],[-117,0],[-21,55],[-43,23],[-14,-76],[-91,-28],[-108,7],[-16,31],[-160,21]],[[17450,23240],[7,17],[33,43],[1,55],[38,50],[-29,75],[64,-9],[32,36],[23,1],[-3,63],[42,23],[24,89],[-73,115],[-152,138],[76,110],[-11,36],[30,125],[-142,240],[-51,13],[55,112],[88,69]],[[18885,23896],[-25,11],[-39,52],[5,84],[-66,-9],[-44,100],[-6,110],[-50,17],[-41,82],[71,19],[53,47],[-99,71],[-8,32],[27,46],[88,-26],[44,20]],[[11446,21039],[2,0],[47,-2],[71,-43],[97,4],[11,53],[59,12],[66,-43],[128,9],[-24,-95],[21,-31],[27,-14],[50,12],[65,62],[40,-84],[69,-11],[22,46],[101,-40],[70,-10]],[[12368,20864],[27,-60],[132,33],[68,-30],[14,-32],[-20,-52],[13,-61],[-62,-70],[10,-17],[15,-6],[27,3],[36,48],[51,-64],[43,-8],[3,-73],[52,-117],[6,-29],[48,-49],[45,37],[69,-8],[13,-125],[47,-1],[68,-84],[65,-111],[27,-5]],[[13165,19983],[16,-79],[-11,-11],[-69,-6],[-18,-36],[-70,12],[-35,-27],[-65,22],[-53,-126],[-87,76],[-84,-32],[-11,-115],[-36,-24],[-54,38],[-63,4],[-18,6],[-35,-11],[0,-11]],[[12472,19663],[-1,0],[-11,7],[-22,8],[-1,18],[-239,18],[-75,-19],[-33,43],[-28,8],[-21,0],[3,12],[-63,-11],[-13,49],[-31,14],[-102,8],[-58,34],[-44,-24],[-67,41],[-34,-9],[-35,13],[-3,6],[-25,7],[-37,-71],[-69,22],[-30,52],[-81,-17],[-7,-39],[-82,-55],[-59,-62],[-51,-93],[-113,48],[-44,-68],[-4,-4]],[[10992,19599],[-82,-16],[-65,75],[-6,1]],[[13311,22537],[7,-58],[-61,-71],[-57,10],[13,-131],[-135,-7],[-71,-128],[58,-3],[-4,-119],[-39,-39],[-30,-77],[68,-25],[-10,-30],[-9,-14]],[[13041,21845],[-20,1],[-16,-39],[-139,13]],[[12866,21820],[-63,80],[2,31],[-193,14],[-23,-53],[-84,-40],[-64,6],[-127,-40],[-69,23],[-45,-12],[-89,158],[-70,41],[131,242],[107,95],[12,108],[28,92],[-39,51],[-83,40],[-106,-84],[-75,33],[-64,-50],[-19,54],[41,111],[-17,59],[23,52],[-11,105],[75,17],[63,42],[-11,139],[-23,12],[-11,-4]],[[12062,23142],[-17,26],[-4,63],[4,32],[-3,104],[80,17],[0,40],[101,135],[-54,25],[18,59],[104,95],[7,55],[95,-36],[84,-90],[102,-14],[57,64],[19,87],[-13,46],[-6,17]],[[18103,23177],[16,-48],[-8,-93],[-16,-50],[39,-40],[-18,-136],[32,-53],[18,-91],[-44,-111],[62,-76],[6,-70],[-85,-33],[-32,-77],[80,-32],[40,-127],[-63,-101],[-59,-28],[-63,27],[-35,81],[-53,-6],[-52,-48],[-6,-84],[45,-83],[-73,-89],[-22,-39],[5,-74],[60,-103],[8,-202]],[[17885,21391],[-69,15],[-42,-33],[-142,-30],[-31,-95],[-28,-8],[-47,28],[-60,-3],[-67,-35],[-45,60],[-42,0],[-66,47],[-64,20],[-115,63],[-28,-141],[-33,-27],[-41,-86],[-133,115],[-130,20],[-62,67],[-24,62],[10,53],[-82,31],[-88,-19],[-3,125],[-20,46]],[[16433,21666],[48,5],[34,-43],[71,19],[15,91],[109,-3],[56,22],[108,85],[25,45],[-88,37],[-2,51],[34,72],[-69,126],[-178,174],[8,64],[-59,51],[-95,25],[-62,-9],[-13,22],[-11,49],[-4,14]],[[16360,22563],[-1,6],[50,54],[-23,90],[58,39],[-23,34],[46,-16],[43,26],[26,-13],[53,-2],[28,50],[51,-18],[34,51],[165,-40],[56,85],[72,69],[11,55],[5,4]],[[17011,23037],[3,2],[147,0],[83,157],[48,-37],[68,15],[84,59],[6,7]],[[8739,23730],[6,6],[3,50],[121,14],[25,79],[79,56],[26,41],[48,-28],[51,23],[-40,50],[96,71],[65,21],[73,-7],[18,32],[77,14],[107,-34],[20,38],[119,19],[36,-44],[56,5],[9,84],[-29,105],[45,61],[19,66],[80,-43],[55,20],[46,-26],[73,5],[19,113],[83,28],[7,148],[23,62]],[[10823,24427],[-69,-18],[-55,-106],[22,-76],[-54,-97],[-96,-41],[-14,-32],[-107,0],[-115,-78],[-6,-29],[-25,-92],[-16,-16],[51,-18],[46,-70],[-10,-139],[32,-2],[54,-81],[25,-92],[-38,-29],[41,-52],[4,-62],[-58,-41],[-37,-90],[-48,-10],[-64,-27],[-64,-3]],[[10222,23126],[-14,38],[-24,6],[-80,13],[-43,36],[-91,9],[22,132],[-140,82],[-234,-30],[-53,49],[-74,27],[-170,-1],[-158,24],[-120,-49],[-158,4],[-10,1]],[[18629,19932],[-32,-28],[-137,-9],[-79,-31],[-93,72],[-52,77],[-124,29],[-59,78]],[[18053,20120],[15,6],[34,5],[23,66],[0,101],[-23,174],[-100,29],[-5,74],[131,120],[-35,84],[39,96],[43,195],[-43,96],[-53,56],[-50,14],[-78,60],[-17,54],[-49,41]],[[18152,23216],[29,-12],[54,-28],[62,69],[44,-31],[115,-3],[104,-57],[68,31],[75,135],[15,112],[76,-25],[53,31],[63,-6],[77,19],[87,-18]],[[14069,20968],[-53,-42],[-55,10],[-9,-79],[-84,-73],[-9,-32],[21,-134],[-39,-24],[-38,-77],[-56,48],[-6,14]],[[13741,20579],[4,25],[-16,23],[-8,61],[-78,48],[21,49],[-59,35],[-141,8],[-29,69],[-15,23],[4,112],[41,65],[-1,48],[42,54],[31,111],[-40,129],[-46,30],[-86,8],[-10,99],[-119,-12],[-6,-15],[-15,-6],[-12,15],[-53,123],[-46,23],[28,91],[-42,17]],[[13090,21812],[20,44],[74,0],[10,57],[42,44],[77,-10],[21,57],[98,3],[111,52],[98,27],[38,-24],[63,-105],[157,97],[15,-86],[39,-3],[-3,-70],[10,-8],[64,42]],[[14024,21929],[0,-19],[46,-5],[0,-20],[52,-50],[1,-41],[-8,-11],[70,-13],[27,-72],[4,-9],[-36,-62],[3,-17],[73,7],[25,-71],[11,-8]],[[14292,21538],[-9,-9],[26,-20],[-6,-83],[6,-194],[36,-54],[-87,-99],[22,-30],[-134,-84],[-47,28],[-30,-25]],[[12062,23142],[-3,-12],[-79,-18],[-37,-42],[0,-75],[-68,14]],[[10407,22519],[-99,12],[-6,66],[-44,169],[-99,88],[-18,113],[57,16],[-5,46],[29,97]],[[12866,21820],[-60,-151],[-9,-139],[-53,-17],[-17,-210],[-72,-16],[-46,-105],[-78,-8],[-37,-53],[-9,-109],[-31,-54],[-80,-26],[-6,-68]],[[9295,15034],[-57,-11],[-21,79],[-79,3],[-99,26],[75,84],[-18,74],[-48,27],[53,90],[-42,79],[-12,-28],[-72,6],[-5,82],[-78,19],[-172,-8],[29,70],[141,61],[-7,57],[-142,178],[-17,51],[40,38],[-41,61],[77,76],[-95,158],[58,116],[-15,62]],[[8748,16484],[7,7],[-40,122],[13,18],[-34,44],[-42,-4],[-82,97],[48,56],[-32,84],[68,12],[-41,84],[33,51],[71,-4],[-40,159],[-60,38],[-34,38],[-68,53],[11,11]],[[8526,17350],[35,-4],[38,-22],[36,43],[106,-46],[101,-130],[38,-10],[67,-67],[-19,-59],[79,-14],[25,-101],[59,-32],[67,11],[41,-46],[45,25],[112,-21],[49,49],[24,-39],[64,-24],[40,-41],[47,40],[28,-59],[126,23],[61,-16],[36,-65],[62,-10],[50,-25],[101,-105],[-7,-10]],[[13188,18565],[-103,38],[22,81],[-20,44],[-79,5],[-44,55],[-76,-15],[-183,11],[-45,38],[-27,60],[-93,-21],[-24,33],[-15,42],[-29,30],[39,151],[-24,31],[49,75],[0,59],[-51,20],[7,64],[-63,-7],[-64,21],[29,69],[70,-15],[-25,165],[30,33],[3,31]],[[13165,19983],[5,1],[23,40],[59,32],[27,10],[129,59],[170,-12]],[[13578,20113],[19,-101],[75,-2],[-16,-138],[170,30],[-1,-91],[67,1],[22,-37],[87,-24],[-6,-75],[46,-31],[-76,-80],[60,-42],[-29,-91]],[[7166,20474],[61,4],[12,-55]],[[7239,20423],[-35,-17],[-27,-123],[-66,68],[55,123]],[[7166,20474],[-25,131],[-57,67],[19,61],[63,97]],[[7166,20830],[1,11],[28,9],[96,-47],[32,-48],[70,-66],[-40,-122],[6,-69]],[[7359,20498],[-11,-51],[-57,-46],[-52,22]],[[7113,20833],[15,2]],[[7128,20835],[19,-20],[-66,-92],[2,120],[30,-10]],[[17011,23037],[-6,12],[-17,14],[-32,8],[-71,123],[-55,16],[-83,81],[-166,55],[2,45],[-48,21],[1,48],[-80,12],[1,48],[-44,38],[-49,-29],[-107,118],[-6,96],[-124,78],[-68,30],[-26,76],[-48,0],[-80,125],[-99,75],[-169,27],[-30,69],[-44,20],[-18,18],[-3,8],[-17,16],[-14,-1]],[[13578,20113],[36,26],[-9,58],[-86,-6],[-10,54],[107,46],[53,90],[12,132],[34,67],[26,-1]],[[14292,21538],[5,-4],[142,-27],[95,-43],[43,-50],[3,-101],[159,-43],[-14,-64],[-64,-39],[0,-35],[77,-13],[76,32],[76,9],[-7,90],[28,16],[150,-14],[84,-76],[5,42],[14,11],[44,-35],[93,25],[51,103],[57,17],[17,92],[-26,61],[-40,16],[-109,-27],[-54,84],[-72,-29],[-103,97],[-58,-23],[-54,30],[-18,96],[76,128],[86,56],[99,7],[54,25],[38,-50],[98,24],[214,-50],[52,46]],[[15609,21922],[-24,-105],[69,-17],[0,-43],[44,-54],[-11,-45],[-23,-67],[-92,-40],[3,-59],[36,-84],[-23,-76],[24,-154],[-135,-53],[-57,-64],[-12,-71],[27,-36],[-21,-150],[-52,-19],[-36,27],[-125,41],[-149,117],[-136,-65],[62,-42],[-51,-51],[-36,-97],[-16,-92],[12,-77],[-61,25],[-14,-51],[-49,-15],[9,-134],[77,1],[-7,-55],[63,5],[-20,-68],[63,-5],[27,-68],[70,-42]],[[15045,20139],[-165,-58],[-79,-189],[-82,-30],[-5,-56],[27,-89],[-54,-58],[-84,-45],[-27,44],[-66,-10],[5,-123],[-63,-65],[-16,-79],[-44,-38],[10,-42],[66,-52],[-31,-28]],[[8387,21380],[-82,57],[-72,134],[-45,30]],[[8188,21601],[20,20],[-5,45],[-59,1],[-28,41],[-2,69],[-38,28],[26,51],[-17,71],[44,111],[-41,4],[-31,54],[-159,56],[-11,16],[-8,-4],[-41,27],[17,23],[-38,61]],[[12707,18143],[-11,-1],[-64,23],[-3,44],[-92,19],[-31,53],[-43,-2],[-79,-62],[-30,-3],[-16,-10],[-36,17],[15,64],[-123,79],[-143,-41],[23,126],[-121,38],[-31,-33],[-66,23],[-48,77],[-9,144],[47,58],[57,-15],[9,-43],[129,23],[30,79],[-84,83],[-28,66],[26,50],[-51,170],[-4,69],[-58,102],[-54,2],[-81,33],[-54,93],[-55,-10],[-26,-69],[32,-54],[-65,-60],[-53,14],[-56,-97],[17,-49],[-85,-8],[-64,-177],[-65,66],[-95,18],[0,133],[-43,55],[-63,121],[-82,37],[-6,155],[-3,30],[17,21],[4,5]],[[8188,21601],[-186,-56],[-132,6],[-53,-138],[-86,-19],[27,-67],[-123,-94],[-118,-31],[-57,40],[-31,-18],[-4,-49],[39,-30],[-88,-112],[-35,-78],[20,-51],[-80,-29],[-62,48],[-121,-4]],[[7098,20919],[9,35],[-64,74],[2,75],[-22,63],[55,54],[-86,80],[-19,95],[-4,184],[-34,68],[-21,177],[14,58],[-29,74],[80,66],[8,48],[-21,115],[26,18],[20,92]],[[13041,21845],[12,-16],[37,-17]],[[10253,19300],[19,-65],[-65,2],[-11,-37],[69,-60],[168,34],[54,-37],[55,-90],[92,51],[43,-6],[-24,-154],[79,2],[-23,-80],[-59,-15],[-103,-142],[143,-28],[17,-11],[-88,-72],[-83,-12],[-86,13],[-35,41],[-65,-4],[-80,25],[31,56],[-19,14],[-35,18],[-11,14],[-19,5],[-51,-10],[-72,30],[-31,1]],[[10063,18783],[-14,13],[-55,53],[-127,-37],[-48,38],[-134,-37],[-48,30],[-81,9],[-35,43],[-84,-46],[-100,50],[-115,13],[-69,40],[-31,-17],[-102,19],[-132,81],[-66,-33],[-38,26],[-6,-6],[28,-37],[-2,-58],[-37,-123],[-14,-17],[-68,7],[-33,-23],[-132,43],[-73,-33]],[[8447,18781],[-70,50],[-24,80],[17,43],[88,38],[-18,30],[-84,28],[-27,-17],[-61,44],[-14,69],[-81,40],[-11,50],[-79,9],[35,89],[-35,71],[-30,-5],[-27,174],[-96,111],[53,99],[50,41],[-53,163],[40,83],[10,74],[62,27],[47,111],[6,61],[108,38],[22,49],[-35,67],[5,118]],[[8245,20616],[6,1],[14,50],[-2,28],[107,22],[82,83],[43,8],[-29,74],[-1,13],[69,51],[127,16],[-26,83]],[[8447,18781],[-50,-73],[16,-27],[-150,-114],[-6,-10],[55,-28]],[[8312,18529],[-55,9],[-140,-46],[3,29],[-11,48],[-61,-32],[-56,121],[-27,29],[27,55],[-23,33],[-65,-3],[-12,58],[-47,19],[-65,-25],[-71,10],[-66,-75],[-58,-39],[-77,-2]],[[7508,18718],[-50,-1],[-57,185],[-29,53],[26,48],[-49,98],[-32,103],[98,-55],[66,27],[-107,62],[-33,57],[-52,21],[11,73],[-46,108],[26,122],[27,8],[-114,269],[14,41],[0,124],[81,-5],[102,28],[-7,90],[-80,-21],[-28,58],[72,130],[74,13],[46,46]],[[7467,20400],[22,12],[17,17],[1,134],[26,22],[173,-3],[28,27],[80,-102],[159,108],[252,4],[20,-3]],[[8748,16484],[-132,16],[-4,-97],[-62,2],[-54,35],[-44,-80],[-123,-54],[-62,-48],[-61,9],[-55,-45],[-72,41],[-35,-12]],[[8044,16251],[-78,33],[-21,62],[-30,29],[35,63],[-25,107],[-35,77],[17,124],[-34,18],[-1,75],[-23,59],[22,148],[-57,56],[47,58],[-63,260],[-36,93],[-39,38],[48,50],[-35,108],[-47,6],[8,200],[-61,62],[3,95],[-46,154],[32,24],[-17,73],[-110,298],[-37,29],[47,68]],[[8312,18529],[40,-49],[-20,-35],[30,-53],[-56,-122],[42,-37],[39,21],[58,-23],[71,-67],[60,-163],[-1,-48],[-54,-42],[-2,-139],[-63,-72],[28,-27],[-7,-117],[19,-14],[4,-32],[5,-5]],[[8505,17505],[2,-18],[33,-83],[-14,-54]],[[8505,17505],[34,-6],[38,27],[19,-12],[25,-34],[94,-35],[61,-63],[23,-58],[145,-42],[84,-63],[93,17],[137,79],[95,-15],[4,48],[21,-1],[35,50],[3,65],[-36,31],[-13,63],[57,37],[-49,115],[55,61],[302,-64],[61,56],[68,-9],[49,53],[52,-79],[77,-6],[0,157],[94,-20],[84,-37],[78,91],[-4,83],[37,30],[0,49],[35,38]],[[10363,18111],[9,4],[119,-145],[-69,-39],[2,-20],[61,-68],[23,23],[43,24],[20,-33],[-10,-90],[-53,-22],[-3,-25],[14,-40],[-48,-33],[-21,-91],[-81,-32],[-11,-22],[-8,-33],[-17,-15],[2,-13],[-5,-7],[-27,-42],[81,-55],[16,-53],[57,-7],[-14,74],[48,56],[14,8],[30,27],[96,-5],[30,35],[117,-7],[25,46],[86,-19],[-13,-65],[-39,-28],[17,-27],[68,0],[30,53],[112,34],[9,-74],[55,33],[29,90],[143,-43],[64,76],[73,33]],[[10063,18783],[-70,-48],[5,-42],[-65,-241],[82,32],[10,-66],[44,-45],[65,-6],[97,-54],[32,-37],[53,-4],[-8,-30],[55,-131]],[[8466,14944],[-83,213],[-63,95],[-112,46],[-37,85],[-73,329],[-22,48],[-62,238],[-49,149],[-70,154],[39,38],[18,-53],[34,-32],[58,-3]],[[7467,20400],[-46,4],[-16,97],[-46,-3]],[[7166,20830],[-38,5]],[[7113,20833],[-15,86]],[[16360,22563],[-98,-8],[-46,28],[-25,79],[-79,129],[-98,-8],[-58,52],[-47,99],[-149,-14],[-204,86],[-25,28],[-19,114],[43,81]],[[14590,23009],[-12,-58],[36,-24],[-32,-110],[-71,-7],[-40,-87],[-12,-99],[26,-13],[42,-102],[87,-28],[-34,-96],[54,-35],[-15,-108],[-71,-105],[-69,-19],[-84,107],[-93,-38],[-137,38],[-33,-43],[28,-36],[-75,-150],[-58,-35],[-3,-32]],[[16433,21666],[-9,5],[-47,-7],[-69,30],[-38,6],[-184,49],[-143,22],[-50,-48],[-27,39],[-122,33],[-21,71],[-73,7],[-41,49]],[[39634,29217],[-44,38],[-13,73],[-64,15],[11,46],[-148,55],[10,103],[19,25],[-12,154]],[[39393,29726],[62,155],[14,88]],[[39469,29969],[77,-30],[106,-15],[-24,-51],[-118,-19],[9,-77],[77,-21],[51,-40],[-20,-55]],[[39627,29661],[12,-107],[-66,-109],[13,-18],[8,-167],[40,-43]],[[39415,28745],[13,45],[22,33],[31,148],[152,144],[-24,64],[25,38]],[[39634,29217],[48,-61],[44,76],[-44,71],[12,52],[68,61],[35,105],[56,-40],[44,43],[-22,54],[82,26],[52,146],[42,22]],[[40051,29772],[12,3],[29,25],[41,-14]],[[40133,29786],[25,-12],[102,-30],[78,-77],[58,-8],[-11,-52],[62,-59]],[[40447,29548],[-3,-97],[-33,-78],[-53,-71],[-39,-5],[3,-77],[-51,-88],[-18,-100],[-32,-20],[-5,-130],[-22,-76],[-115,-182],[-14,-137],[-60,-17],[-34,78],[-77,19],[-51,55],[-75,0],[-85,40],[-151,-46],[-91,132],[-26,-3]],[[38438,29705],[16,-19],[5,155],[63,78]],[[38522,29919],[7,0],[79,-21],[-15,-48],[27,-50],[-29,-119],[-51,-63],[78,-57],[59,49],[42,71],[93,15],[126,-33],[55,21],[42,-27],[122,67],[55,-34],[24,51],[120,18]],[[39356,29759],[37,-33]],[[39415,28745],[-191,5],[-11,-62],[-122,-21],[-23,-23],[-67,40],[-8,47],[-52,104],[-45,38],[-77,22],[-26,-74]],[[38793,28821],[-76,-3],[-94,59],[-51,-51],[-24,-3]],[[38548,28823],[-13,1],[-104,32],[-36,48],[-39,-20],[-105,63],[58,148],[-24,105],[42,63],[-21,47],[4,73],[-36,21]],[[38603,30169],[47,-9],[-31,-98],[-68,-19],[-49,-124],[20,0]],[[39730,30111],[-64,65],[52,58]],[[39718,30234],[2,-4],[18,38],[80,65],[24,-8],[13,69],[68,-86],[-12,-65],[104,-2],[-61,-156],[-41,-173],[2,-18],[38,2]],[[39953,29896],[-96,-34],[-39,91],[-86,-16],[-3,-2]],[[39729,29935],[-12,54],[13,122]],[[39469,29969],[33,62],[-18,50],[42,53],[57,191],[28,9],[69,140],[17,25],[83,33],[14,-33],[-107,-92],[29,-162],[2,-11]],[[39729,29935],[-6,-6],[-47,-30],[31,-58],[-25,-151],[-55,-29]],[[39356,29759],[-21,159],[-34,143],[90,54],[20,48],[-48,95],[32,37],[105,49],[2,83],[39,19],[-67,210],[82,119],[38,12],[77,72],[78,25],[-83,117],[31,66],[-30,33],[-108,18],[-38,56]],[[39521,31174],[8,32],[-26,33],[-28,56],[88,42],[86,9],[39,-3],[20,-2],[23,-5]],[[39731,31336],[19,-10],[12,0],[20,16],[53,15],[88,-27],[35,-44],[72,-15],[22,40],[64,8]],[[40116,31319],[-6,-36],[50,-57],[122,-3],[17,0],[173,97],[7,66],[94,45],[4,-9]],[[40577,31422],[0,0],[1,-2],[-92,-163],[-85,-202],[4,-51],[-126,-181],[-62,-35],[-57,-77],[-40,-10],[-99,-107],[-17,-71],[50,-76],[-6,-38],[38,-125],[-36,-84],[-13,-114],[1,-11],[64,-57],[3,-158],[28,-74]],[[40051,29772],[-27,5],[-11,6],[-17,21],[-21,52],[31,65],[-42,-26],[-11,1]],[[39004,30914],[4,-50],[43,-43],[91,-11],[69,-75],[122,216],[81,88],[11,36],[67,62],[29,37]],[[40577,31422],[9,4],[4,6],[9,-2],[1,13],[9,6],[27,33],[12,2],[52,77],[37,-18],[-21,-87],[-43,-81],[3,-122],[104,-73],[63,-23],[25,8]],[[40868,31165],[-17,-79],[-62,-42],[-14,-84],[-36,-80],[-20,-122],[25,-34],[222,-98],[8,-122],[-13,-63],[-62,-95],[-16,-114],[-78,-85],[-24,-107],[12,-33],[-35,-71],[-51,13],[-38,-62],[-50,-127],[-94,-83],[-47,-123],[-31,-6]],[[35188,31769],[-87,-87],[59,-43],[-114,-173],[-92,-83],[-108,-9],[-19,-39],[0,-11],[-1,-2]],[[34826,31322],[-25,-11],[-74,-68],[-66,-91],[-22,-61],[-194,29],[-67,34],[-195,10],[-22,1]],[[34161,31165],[0,0],[-6,1],[20,56],[91,95],[5,82],[54,159],[-54,91],[-23,80]],[[34248,31729],[81,53],[109,-11],[-19,-82],[80,0],[49,15],[154,90],[58,-20],[46,25],[0,65],[39,48]],[[35788,30683],[-53,98],[75,57],[55,16],[71,-13],[18,30],[74,-6],[-7,157],[23,108]],[[36044,31130],[-20,121],[173,68],[26,-50],[107,87],[93,60],[17,72]],[[36440,31488],[31,-5],[134,20],[57,34],[25,-46],[121,-24],[87,10],[71,35]],[[36966,31512],[-1,-5],[-46,-101],[-12,-101],[-26,-83],[26,-137],[0,-172],[-100,20],[-96,-74],[-1,-50],[64,-105]],[[36774,30704],[-74,-19],[-102,16],[-135,-6],[-129,-44],[-59,-2],[-98,-45],[-58,28],[-37,54],[-32,-39],[-142,-9],[-120,45]],[[37445,30325],[-68,20],[9,103],[-134,37],[-43,29],[-119,43],[-51,42],[-63,11],[-31,46],[-120,54],[-51,-6]],[[36966,31512],[1,5],[9,0]],[[34248,31729],[-79,6],[2,43],[64,21],[-2,45],[62,142],[-39,103]],[[36440,31488],[-4,10],[29,17],[-29,107],[-67,27],[36,54],[-60,75],[-80,-37],[-60,16],[-111,-5],[-199,-39],[-62,24],[-91,6],[-26,49]],[[34826,31322],[-2,-6],[42,-107],[-53,-91],[12,-107],[63,1],[55,-28],[-3,-65],[57,-33]],[[34997,30886],[37,7],[90,-84],[-13,-53],[30,-68]],[[35141,30688],[-180,-30],[-90,43],[-86,-45],[-63,4],[-73,42],[-22,-16],[-201,-4],[-80,-43],[-130,31],[-62,52],[-81,4]],[[34073,30726],[-15,45],[28,99],[-13,50],[68,85],[0,97],[20,63]],[[33653,31379],[30,3],[117,-61],[-26,-76],[-56,10],[-32,-127],[-79,9],[11,-87],[-61,-76],[-19,-74]],[[33538,30900],[-38,11],[-46,-37],[-54,38],[-34,121],[46,186],[32,86]],[[35788,30683],[-81,5],[-102,51],[-30,-16],[-280,6],[-154,-41]],[[34997,30886],[29,66],[110,16],[42,-30],[60,33],[115,-19],[-4,56],[52,55],[0,67],[71,36],[78,-11],[141,49],[48,-24],[47,32],[65,-30],[0,-51],[-38,-39],[10,-46],[144,90],[-44,29],[41,49],[57,-30],[23,-54]],[[34073,30726],[-246,45],[-98,63],[-135,70],[-56,-4]],[[38548,28823],[51,-135],[-49,-45],[-29,-67],[6,-49],[-50,-94],[-93,-48],[-72,-14],[16,-67],[-9,-102],[8,-56],[-4,-97],[14,-67],[6,-41],[-10,-14],[-26,-11],[-13,-22],[0,0]],[[38294,27894],[-35,-3],[-52,45],[-123,-91],[-23,83],[-64,44],[-24,105],[-55,-25],[25,-72],[-15,-62],[6,-96],[63,-29],[0,-77],[25,-75],[-73,-41],[-92,53],[-61,-67]],[[37796,27586],[-4,3],[-20,92],[5,14],[-7,13]],[[37770,27708],[-21,65],[-12,280],[34,59],[-56,37],[47,94],[-44,58],[-7,127],[30,55],[-49,145],[11,14],[-4,17]],[[37699,28659],[12,4],[20,3],[63,41],[79,-5],[70,65],[86,-7],[31,153],[51,110],[1,20],[12,64],[-61,32],[16,68],[-19,53],[45,71],[10,54]],[[38793,28821],[0,-117],[52,-71],[43,-17],[1,-176],[27,-187],[43,-50],[-25,-48],[9,-108],[-10,-90],[-31,-43],[-15,-162],[25,-39],[-75,-56],[19,-28],[1,-136],[25,-53],[-57,-244],[-86,-116],[-76,-3],[-72,84],[-30,1]],[[38561,27162],[-17,163],[-31,134],[-24,24],[-128,-17],[-69,71],[65,154],[-24,35],[-9,126],[-41,24],[11,18]],[[37699,28659],[4,121],[-24,38],[-120,24],[-1,187]],[[37755,26436],[53,1],[3,-51],[122,-104],[32,41],[7,116],[52,4],[143,-122],[8,7]],[[38175,26328],[3,-121],[26,-135],[-108,-74],[-27,-55],[-55,15],[38,-449]],[[38052,25509],[-61,50],[-176,97],[-20,-188],[-81,-87],[-62,39],[-35,174],[49,83],[-29,83],[-2,107],[-66,358],[11,31],[-45,78],[26,42],[-22,92],[-19,160]],[[37520,26628],[46,40],[142,-171],[26,-35],[-2,-31],[23,5]],[[37796,27586],[4,-4],[8,-151],[19,-40],[24,22],[52,35],[90,-2],[50,19],[29,-106],[109,23],[28,-35],[6,-82],[95,-62],[31,-49],[133,-77]],[[38474,27077],[50,-155],[-37,0],[-54,-210]],[[38433,26712],[-35,37],[-73,-18],[-40,-71],[-39,7],[-59,53],[-34,-42],[26,-96],[-5,-72],[33,-60],[-15,-106],[-17,-16]],[[37520,26628],[-54,29],[-49,234],[-73,58],[-36,67],[27,144],[-53,79],[7,102],[-18,116],[89,13]],[[37360,27470],[-4,22],[76,54],[37,173],[133,-34],[43,59],[85,-38],[40,2]],[[37360,27470],[-62,139],[-34,179],[-29,26],[-22,180],[-37,69],[-22,86],[22,50],[-14,60]],[[37162,28259],[-18,21],[-14,144],[44,87],[34,-7],[19,12],[-3,13],[17,57],[-15,23],[-14,74],[26,32],[-23,75],[23,80],[-7,206],[-43,76]],[[38433,26712],[14,-72],[-33,-58],[36,-117],[47,-88],[-46,-53],[24,-47],[5,-86],[87,-79],[17,-244],[-17,-52],[-60,-3],[17,-109],[-132,46],[-51,-27],[4,-92],[29,-61],[-76,6],[-24,-83],[13,-120],[-33,-1],[-33,73],[-37,-14],[-41,-89],[-91,167]],[[38561,27162],[-83,-17],[-4,-68]],[[39755,31908],[11,-69],[69,-38],[-2,-24],[-15,-61],[-67,-93],[-47,-35],[-68,-81]],[[39636,31507],[-22,-19],[-92,3],[-64,-7],[-30,14],[-40,77],[-98,-29],[-54,-50],[-51,31],[-57,5],[-25,8],[-10,15]],[[41187,31387],[-50,40],[-7,66],[17,111],[-43,59],[-70,40],[-52,6],[-53,-49],[-8,12]],[[40921,31672],[-50,71],[-106,26],[-13,20],[11,31],[-57,81],[51,60],[90,137]],[[40847,32098],[150,0],[35,-24],[97,49],[61,-51],[-56,-109],[91,-3],[105,-107],[53,13]],[[41383,31866],[55,-136],[1,-61],[-66,-40],[-32,-49],[-83,-74],[-23,-89],[-48,-30]],[[39789,31942],[99,30],[93,76],[96,-19],[77,85],[72,-29],[12,5]],[[40238,32090],[0,-30],[4,-27],[20,-61],[-109,-90],[6,-43],[91,-98]],[[40250,31741],[-100,-209],[-1,-109],[-33,-104]],[[39731,31336],[-29,50],[-16,24],[32,65],[-82,32]],[[41036,33400],[30,-86],[39,-45],[-68,-56],[-1,-81],[104,-41],[40,-58],[20,-82],[9,-144],[48,-58],[-8,-33],[0,-18]],[[41249,32698],[-105,-8],[-173,137],[-58,-20]],[[40913,32807],[-5,14],[-26,126],[58,72],[13,47],[-40,68],[-59,25],[122,84],[10,53],[-32,50]],[[40913,32807],[-8,-25],[-67,-81],[-15,-59],[-124,-86],[-11,-17],[35,-72],[-1,-29]],[[40722,32438],[-17,-15],[-40,-12],[-71,45],[16,9],[-16,29],[-25,63],[-79,-144],[-75,-11],[-10,15]],[[40405,32417],[-40,60],[-1,121],[18,37],[-12,-1],[-7,57],[-42,52],[-54,27],[37,66]],[[41725,33208],[-48,-62],[-80,-49],[0,-64],[-61,-55],[9,-30],[-80,-106],[103,-131],[-12,-97]],[[41556,32614],[-53,-2],[-132,-66],[-74,23],[-35,36],[-12,85],[-1,8]],[[40250,31741],[38,-27],[192,90],[55,6],[80,-43],[30,-53],[195,-13],[81,-29]],[[41187,31387],[-85,-77],[-33,-86],[-201,-59]],[[40847,32098],[58,63],[-24,77],[-1,52],[19,33],[-13,73],[-78,42],[-31,-32],[-40,10],[-15,22]],[[41556,32614],[-11,-91],[11,-120],[-17,-67],[15,-103],[90,-27],[-31,-83],[-90,-111],[-76,-35],[-45,-46],[-19,-65]],[[40405,32417],[-40,-32],[-22,-27],[74,-93],[2,-51],[-4,-18],[-44,-106],[-127,2],[-6,-2]],[[13876,36841],[38,-19],[9,-33]],[[13923,36789],[-31,-67],[168,-129],[33,-54]],[[14093,36539],[-25,-68],[39,-59],[-66,-49],[2,-31],[66,-87]],[[25510,23087],[-35,-10],[-114,22],[-102,104],[-55,19],[-121,75],[-48,-3],[-84,36],[-23,31],[6,76],[-65,60],[-79,44]],[[24790,23541],[23,63]],[[24813,23604],[34,21],[43,21],[51,11],[65,34],[14,37],[106,135],[77,10],[83,-41],[126,53],[23,89],[62,0],[30,36]],[[25527,24010],[86,-62],[35,65],[88,-12],[65,-39],[12,65],[55,-21],[4,38],[-38,10],[-20,58],[-45,46],[95,65],[69,-14],[0,156],[-19,45],[44,78],[206,5],[75,100],[9,40],[-11,31],[-21,41],[-38,6],[-25,5]],[[26153,24716],[63,50],[4,66]],[[26220,24832],[5,-6],[79,29],[70,-167],[18,-17],[13,-4],[24,-91],[-6,-72],[-42,-35],[-60,9],[5,-15],[66,-47],[59,-92],[-22,-59],[-79,-52],[54,-48],[86,-39],[22,-70],[18,-23]],[[26530,24033],[-17,-25],[-127,11],[-50,-11],[-38,-76],[-17,-88],[-59,15],[-42,-45],[96,-61],[41,-39],[11,-23],[-22,-20],[-6,-113],[18,-36],[-2,-134],[-88,-25],[26,-57],[-29,-119],[-87,86],[-40,-79],[34,-71],[-11,-40]],[[26121,23083],[-56,-8],[-25,-49],[-78,10],[-57,-28],[-142,16],[-57,-81],[-15,-5],[0,0]],[[25691,22938],[0,0],[-40,53],[-48,35]],[[25603,23026],[-25,35],[-41,16],[-27,10]],[[22563,22335],[59,116],[-19,88],[-89,99],[-74,26],[-90,146],[32,84],[9,112],[46,93],[-35,88],[-37,8],[10,76]],[[22375,23271],[54,-1],[17,80],[42,57],[178,171],[59,-37],[60,14],[27,-77],[226,22],[95,58],[41,49],[52,-14],[58,-106],[91,34],[35,12],[66,43],[-51,57],[7,78],[-45,21],[-44,-30],[-51,51],[43,67],[108,23],[20,-16],[69,-16],[11,8]],[[23543,23819],[-14,-60],[91,-61],[101,-13],[103,9],[-33,-55],[1,-73],[-64,-50],[-6,-44],[37,-77],[56,-7],[64,-91],[-57,-104],[-28,-83],[-41,-45],[4,-114],[12,-9]],[[23769,22942],[-33,-73],[58,-61],[68,-44]],[[23862,22764],[-19,-55],[-2,-1]],[[23841,22708],[-6,-6],[-37,-59],[-74,24],[-17,49],[-116,36],[-5,64],[-99,-85],[-17,-51],[-106,-93],[-67,-22],[-23,-38],[-72,-40],[-19,-87],[-66,-53],[-59,-5],[-27,40],[-73,-4],[-104,-35],[-125,15],[-33,-51],[-133,28]],[[29212,25008],[22,-10],[21,8],[9,25],[29,11],[-9,37],[-122,88]],[[29162,25167],[11,93],[71,17],[19,13],[1,47],[114,-13],[27,-56],[-27,-42],[16,-65],[55,-95],[110,-23],[36,-29],[99,-6]],[[29694,25008],[5,-59],[43,-37],[-18,-104],[36,-31]],[[29760,24777],[-120,-116],[-252,-7],[-117,-34],[-79,-39],[-77,-74],[-128,-89],[-109,-117],[-65,-107],[-60,-124]],[[28753,24070],[-45,39],[-50,-11],[-19,-43],[3,-26],[-82,0],[-51,-26],[-46,-143],[-83,45],[-47,76],[-34,10],[-44,-38],[-74,36],[-40,103],[-103,30]],[[28038,24122],[-21,72],[6,31]],[[28023,24225],[34,14],[20,18],[134,94],[72,77],[85,165],[86,21],[17,52],[56,49],[193,21],[81,-16],[39,43],[44,-71],[70,2],[67,28],[-12,38],[51,84],[9,79],[51,-20],[39,47],[10,64],[43,-6]],[[23590,24800],[57,50],[51,117],[149,-38],[75,-53],[34,-97],[112,-107]],[[24068,24672],[72,-65],[62,-148],[-49,-28],[40,-53],[-14,-133],[64,-108],[-27,-113]],[[24216,24024],[-34,-34],[-34,-86],[-80,16],[-27,64],[-99,-55],[-161,13],[-22,-30],[-164,-115],[-42,30],[-10,-8]],[[22375,23271],[-17,78],[-9,185],[24,95],[-18,53],[6,83],[-50,91],[-22,8],[-12,14]],[[25603,23026],[-27,-76],[-50,8],[-69,-69],[-11,-95],[-44,-28],[-65,15],[-169,-59]],[[25168,22722],[-80,6],[7,66],[-58,77],[4,45],[-57,27],[-12,119],[-39,111],[-64,43],[-62,-34],[-35,-115],[-53,-30],[-67,29],[-50,-34],[-65,25],[-74,-6],[-61,-41],[-127,31],[-117,-29],[-80,-102],[10,-130],[-18,0],[-29,-33],[-93,36],[-41,-31],[-45,12]],[[23769,22942],[8,-3],[120,54],[65,76],[-19,57],[62,126],[7,99],[38,46],[98,35],[72,-13],[65,42],[78,2],[73,-25],[115,30],[128,80],[53,15],[40,-13],[18,-9]],[[28753,24070],[-10,-106],[54,-138],[48,-65],[43,-127],[69,-138],[1,-113],[-125,13],[-98,-61],[-3,-60]],[[28732,23275],[-56,20],[-24,-13],[-18,20],[-6,42],[-66,7],[-77,36],[-13,0],[-16,-12],[-2,13],[-17,-1],[-6,-3]],[[28431,23384],[-14,2],[-31,99],[-122,24],[-101,-44],[-91,34],[-59,-20],[-65,71],[-47,18],[11,187]],[[27912,23755],[50,80],[-23,35],[5,40],[-57,52],[4,13],[49,33],[20,8],[30,8],[48,98]],[[26121,23083],[47,-12],[62,-68],[19,-23],[21,-25],[40,-35],[196,-39],[43,26],[79,-42],[83,84],[120,-39],[16,40],[91,23],[93,144],[295,78],[3,25]],[[27329,23220],[71,-24],[82,-99],[66,-59],[60,48],[42,-1],[98,69],[9,-58],[101,-28],[45,-39]],[[27903,23029],[-48,-76],[39,-35],[-15,-111],[18,-49],[-39,-92]],[[27858,22666],[-28,-4],[-105,21],[-49,-32],[-77,17],[-92,57],[-19,-34],[30,-116],[69,-110],[118,-58],[-5,-83],[22,-83],[-14,-30],[49,-67]],[[27757,22144],[-19,-3],[-11,-7],[-55,-14],[-26,46],[-42,-11],[-8,74],[-11,13]],[[27585,22242],[-80,106],[-29,81],[-72,47],[-60,90],[-8,66],[-69,-10],[19,-88],[-109,54],[-23,29],[44,94],[-39,68],[-65,-49],[-68,-8],[-49,-99],[-68,-35],[-21,-46],[-157,20],[-98,-15],[-10,-32],[2,-9],[-9,-11],[-30,16],[-35,-28],[-15,5],[-5,30],[-93,5]],[[26438,22523],[1,3],[55,141],[-45,-15],[-281,35],[-65,47],[-64,16],[-203,127],[-79,7],[-45,30],[-21,24]],[[25527,24010],[-26,94],[51,15],[8,65],[-39,30],[-37,42],[-80,-6],[-98,-88],[-44,5],[-5,98],[-50,101],[-58,-30],[-27,50],[18,87],[-14,110],[41,81],[64,54],[-40,51],[-55,26],[34,76],[37,-13],[63,40],[76,-9],[38,75],[40,-10]],[[25424,24954],[65,-35],[44,-56],[10,-89],[58,67],[113,-27],[66,28],[52,-16],[27,39],[104,-19],[14,-109],[24,-29],[56,24],[96,-16]],[[26530,24033],[15,-15],[91,-81],[59,-23],[73,88],[79,-49],[130,81],[68,-71]],[[27045,23963],[-62,-21],[28,-94],[44,-73],[-21,-61],[57,-5],[103,-85],[147,-21],[3,-49],[-34,-70],[92,-32],[114,-71],[-11,-114],[-63,15],[-119,-38],[-1,-14],[7,-10]],[[24061,20415],[34,21],[69,-83],[54,7],[24,57],[60,-48],[55,52],[-35,41],[75,81],[17,81],[-62,33],[-2,79],[60,126],[13,102],[-20,48],[-109,39],[-4,37],[53,110],[-2,75],[-51,33],[-26,134],[25,8]],[[24289,21448],[51,-25],[81,20],[164,-8],[35,-77],[66,16],[13,-4],[29,-26],[21,3]],[[24749,21347],[24,-130],[74,-3],[43,89],[60,-16],[15,-75],[40,-82],[-27,-90],[41,-97],[14,-119],[-40,-75],[-48,-37],[-1,-54],[32,-77],[-54,-165],[45,-46],[60,-7],[12,-3],[9,13]],[[24749,21347],[-22,85],[31,27],[-132,154],[-44,76],[52,10],[12,11],[16,112],[144,31],[66,-2],[96,-59],[63,-11],[56,30],[-3,86],[18,58],[-56,32],[-87,12],[-28,37],[5,71],[76,34],[-15,37],[52,138],[17,85],[18,-25],[32,-75],[132,-10],[31,84]],[[25279,22375],[9,-13],[67,17],[22,22],[40,112],[35,13],[73,-61],[131,-38],[-27,-255],[70,-66],[10,-50],[60,-12],[34,-86],[-27,-46],[52,-28]],[[25828,21884],[-6,-41],[56,-33],[57,-84],[53,6],[68,-66],[63,-30],[72,-111],[14,-11]],[[26205,21514],[-22,-12],[-5,-17],[-1,-30],[-62,-86],[-1,-43],[-42,-55],[68,-67],[12,3],[33,-36]],[[26185,21171],[-92,-78],[-33,-54],[-133,-92],[-172,-149],[-120,-138],[-47,-75],[-69,20],[-55,-22]],[[27858,22666],[16,1],[81,-15],[22,1],[19,20],[142,-52],[95,-11],[49,18],[50,-27],[33,21],[118,-9],[83,-56]],[[28566,22557],[-56,-60],[-151,-66],[-86,-51],[3,-30],[-69,-115],[-99,-107],[-1,-60],[-37,-40],[-73,24],[-19,67],[-81,51],[-42,-15],[-9,-35]],[[27846,22120],[-89,24]],[[28431,23384],[0,-10],[-16,-23],[-75,-3],[-35,-35],[22,-79],[-97,-43],[-13,-2],[-44,-16],[-129,-126],[-83,28],[-58,-46]],[[27045,23963],[58,0],[28,-71],[143,-25],[70,20],[42,53],[129,20],[63,-22],[-69,-96],[30,-78],[53,-17],[21,62],[70,38],[186,-58],[43,-34]],[[23730,25116],[75,27],[21,-53],[122,-51],[60,83],[86,79],[99,68],[24,37],[100,-9],[31,-58],[74,78],[76,-27],[23,104],[35,16],[86,-17],[95,-40],[21,13],[24,40],[10,1],[1,11]],[[24793,25418],[41,30],[113,-7],[31,-6],[-92,-305],[-51,-76],[-16,-56],[-60,11],[-89,-24],[-115,58],[-118,-50],[-108,-6],[-31,-58],[30,-49],[20,-160],[-62,-31],[-15,1],[-53,-6],[-9,1],[-14,4],[-34,17],[-70,7],[-23,-41]],[[22379,22056],[51,44],[80,128],[32,-3],[21,110]],[[23841,22708],[0,-1],[8,-7],[73,-24],[23,-220],[79,-51],[30,-46],[-88,-52],[-35,-79],[-51,17],[-66,-38],[-52,24],[-42,-27],[-47,-110],[-63,-50],[-11,-54]],[[23599,21990],[-17,3],[-51,19],[-14,-66],[-53,-16],[28,-71],[6,-19],[7,-76],[8,-36],[23,-104],[-62,-94],[-45,-28],[-20,-78],[-108,-48],[-55,16],[-6,-82],[-29,-77],[-119,-123],[-50,129],[-50,30],[7,21],[-6,5],[-41,29],[-62,-16],[-15,-64],[-42,-23],[-13,-85],[-43,-17],[-10,1],[-51,-4],[4,-10],[40,-65],[7,-109],[-59,-34],[-44,-84],[18,-42],[-36,-75]],[[22646,20697],[-34,32]],[[22612,20729],[-1,4],[-6,-2],[-6,7],[-33,80],[17,114],[-78,29],[-47,-24],[-65,51],[-33,98],[-92,109],[-49,97],[-51,4],[-29,112],[34,105],[-5,103],[53,20],[-16,50]],[[25168,22722],[11,-44],[-53,-36],[6,-20],[88,-29],[2,-129],[45,-64],[12,-25]],[[24289,21448],[-35,73],[-72,-8],[-47,59],[-115,6],[-44,-97],[-61,53],[-80,-48],[-18,25],[0,10],[12,33],[-26,74],[-14,121],[-114,46],[-26,57],[52,80],[-49,41],[-53,17]],[[28732,23275],[-63,-111],[-6,-26],[36,5],[33,-15],[52,27],[82,75],[56,23],[105,-24],[-31,-48],[-177,-117],[-112,-85],[-72,-82],[-31,-74],[0,-85],[68,-13],[20,-56],[-32,-50],[-94,-62]],[[28825,23352],[179,1],[14,-93],[-100,2],[-67,-36],[-61,-64],[-36,26],[-13,-42],[-10,-16],[-15,13],[-20,1],[-12,-3],[-9,19],[35,46],[44,128],[71,18]],[[26967,25486],[-9,-71],[105,-33],[85,-65],[-7,-81],[23,-31],[9,-125],[111,-30],[36,-45],[107,-43],[66,5],[34,-74],[67,-26],[-5,-93],[-50,-93],[-59,-69],[140,-69],[53,-41],[44,-77],[-33,-28],[-74,-153],[41,-66],[139,18],[15,49],[101,105],[21,-34],[91,-59],[5,-32]],[[26220,24832],[-6,10],[0,80],[39,40],[-16,45],[60,59],[83,39],[79,11],[44,127],[-5,40],[-8,11],[-107,20],[-57,39],[-45,42],[6,6],[-1,0]],[[27585,22242],[-7,-4],[-121,-5],[-54,22],[-93,-12],[-16,106],[-34,23],[-62,-53],[-158,-26],[-55,11],[-18,-44],[4,-86],[-87,-9],[11,-69],[-31,-40],[-69,6],[-2,-91],[-61,43],[-25,-49],[89,-49],[-49,-51],[-165,12],[-68,-80],[-12,-11],[-50,-18],[-192,-137],[-30,-39],[-15,-24],[5,-24],[18,-10],[-33,-20]],[[25828,21884],[108,4],[182,56],[61,-48],[120,1],[117,35],[66,53],[89,-52],[50,62],[-49,100],[-39,21],[-24,59],[51,93],[-79,97],[-78,-53],[-64,-12],[-46,-54],[-41,30],[-20,97],[19,33],[20,22],[150,13],[25,23],[4,14],[-19,3],[0,33],[7,9]],[[21964,19544],[-24,10],[-23,31],[16,78],[49,58],[-139,39],[-68,-74],[-77,17],[-49,61],[-12,74],[-76,-60],[-63,72],[19,26],[-84,80]],[[21551,20749],[112,20],[81,-59],[72,23],[147,-58],[83,16],[41,37],[88,1],[66,-34],[32,-58],[8,6],[19,60],[184,-36],[43,-28],[84,76],[1,14]],[[22646,20697],[110,-49],[91,-67],[35,-97],[49,-21],[19,61],[95,93],[75,-37],[25,88],[45,6],[19,-49],[-56,-19],[-28,-62],[1,-130],[25,-66],[54,-5],[-4,85],[37,77],[28,87],[7,4],[22,-5],[64,-33],[12,-141]],[[20929,18558],[-85,-54],[-54,29],[-17,-10],[-17,-27],[-54,-68],[-88,1],[-112,-22],[-11,12],[-23,24],[-115,-30]],[[28588,25759],[-11,-120],[116,18],[24,-67],[64,-26],[169,-25],[59,-63],[34,-7],[26,-87],[-56,-136],[50,-70],[99,-9]],[[27846,22120],[83,-12],[41,-66],[63,-53],[-106,-30],[-102,-56],[-281,-90],[-143,-29],[-166,-48],[-281,-103],[-268,-144],[-161,-78],[-153,-96],[-187,-144]],[[27891,22151],[9,-4],[18,-32],[-53,30],[26,6]],[[24813,23604],[-11,-5],[-52,4],[-33,29],[-40,55],[-52,-2],[-20,100],[-119,26],[-35,-11],[-88,59],[-8,92],[-139,73]],[[24793,25418],[-3,48],[17,109],[73,28],[147,79],[88,27],[55,-226],[-15,-125],[28,-36],[26,-160],[-16,-79],[100,-93],[71,14],[24,1],[36,-51]],[[17987,6762],[-49,-5],[-12,8],[-25,47],[20,8],[4,26],[-13,11],[-126,66],[-19,6]],[[17767,6929],[3,8],[-11,55],[43,39],[-2,10]],[[17800,7041],[11,13],[135,-16]],[[17946,7038],[46,-6],[-5,-270]],[[10979,8828],[-8,-33],[-19,-11],[-37,-4],[-25,-31],[-41,42]],[[17897,8434],[-59,67],[-74,-18],[-44,38],[-8,1]],[[17712,8522],[-3,-1],[83,36],[-63,60],[17,80],[-74,37],[69,33],[22,-66],[64,-81],[88,57],[51,-38]],[[17966,8639],[-21,-98],[-48,-107]],[[21769,16607],[-5,-14],[-82,-38]],[[10633,41662],[29,-17],[43,14],[89,-51],[37,-70],[92,16],[22,-72],[57,-18],[104,-77]],[[11106,41387],[-132,-92],[-52,-94],[-9,0]],[[10913,41201],[-180,48],[-60,-28],[-103,79],[-107,-52],[-133,49],[-88,-19],[-80,67],[-77,-13],[-65,-63],[-39,17],[-91,-57]],[[9890,41229],[-3,113],[-35,93],[-94,165],[43,46],[16,129],[62,62],[85,55],[14,34],[67,11],[151,61],[26,60],[42,19],[52,71],[29,-3]],[[10345,42145],[40,-146],[-56,-49],[25,-86],[71,-46],[8,-34],[119,-51],[47,5],[56,-43],[-22,-33]],[[11060,39067],[9,57],[-46,99],[-27,20],[-46,195],[-68,69],[25,29],[13,27],[15,17]],[[10935,39580],[3,1],[32,42],[22,1],[17,-31],[37,-3],[89,61],[-21,52]],[[11114,39703],[95,35],[108,-16],[17,66],[96,-19],[49,19],[17,4]],[[11496,39792],[45,-45],[-41,-124],[15,-260],[29,-44],[-50,-40],[14,-43],[95,-58],[-65,-49],[-54,1],[-93,-38],[-41,-28],[25,-78],[3,-13]],[[11378,38973],[-121,10],[-55,78],[-72,-15],[-34,22],[-36,-1]],[[10036,38681],[15,74],[-33,31],[-20,114],[-79,42],[40,60],[65,-6],[35,164],[45,47],[-41,36],[92,46],[56,97]],[[10211,39386],[25,-10],[56,4],[89,-35],[63,45],[41,-12],[41,-14],[40,49],[-49,50],[39,56],[-58,26]],[[10498,39545],[81,24],[93,83],[29,44],[14,4],[39,-31],[20,-93],[122,21],[24,-19],[16,3],[-1,-1]],[[11060,39067],[-41,-118],[-44,-28],[-24,-8],[-63,-16],[0,-137],[29,-27],[-69,-72],[-78,19],[2,-142],[43,-7],[4,-36],[-41,-37]],[[10211,39386],[-16,12],[-90,-11],[4,65],[-34,52],[45,35],[-6,18],[-34,-5],[-76,46],[35,61],[-65,35],[-77,98],[-105,45],[-74,4]],[[9718,39841],[-31,10],[-20,115],[84,43],[155,105],[226,-31],[20,-34],[85,-43],[32,-39],[78,-11]],[[10347,39956],[7,-93],[62,-9],[-2,-141],[58,-77],[26,-91]],[[12445,40075],[34,114],[26,0],[15,-7],[4,4],[0,12]],[[12524,40198],[7,1],[51,49],[13,-15],[5,-15],[2,-25],[-63,-31],[27,-46],[64,3],[43,-54],[-15,-66],[131,-21],[59,32]],[[12848,40010],[21,-91],[37,-60],[1,-51],[14,6]],[[12921,39814],[12,-73],[-48,-10],[37,-29],[-62,-38],[-61,7],[-14,-78],[16,-61],[-36,-79],[-49,29],[-97,-43],[-70,47],[-5,80],[-36,94],[-151,-18],[-73,-33],[-58,-10],[-47,-15],[-31,-2]],[[12148,39582],[6,20],[-9,40],[10,29]],[[12155,39671],[8,9],[40,77],[58,66],[99,41],[198,3],[3,53],[-52,24],[-34,-21],[-65,95],[35,57]],[[9620,38645],[-213,12],[-17,-2]],[[9390,38655],[-42,0],[-282,23],[-274,2],[-16,43],[27,96],[99,123],[8,95]],[[8910,39037],[-15,129],[-37,68],[-94,134],[47,56],[37,7],[12,70],[42,-9],[40,78],[161,118],[38,82],[105,58]],[[9246,39828],[36,-41],[53,-12],[89,-131],[75,-1],[26,-3],[21,-8],[9,-10],[6,0]],[[9561,39622],[0,0],[-2,-14],[-39,-22],[-69,-114],[-103,-44],[85,-54],[-13,-31],[20,-66],[-92,-138],[39,-25],[108,14],[-31,-130],[58,-18],[32,-75],[-43,-34],[92,-103],[0,-43],[38,-82]],[[9641,38643],[-21,2]],[[9718,39841],[-64,-73],[-50,-124],[-38,13],[-5,-35]],[[9246,39828],[72,101],[64,39],[-11,32],[76,142],[73,-3],[4,66],[78,34],[7,33],[77,67],[104,46],[-10,32],[33,83],[73,-32],[111,30],[28,89]],[[10025,40587],[64,-18],[31,41],[58,-24],[12,14],[134,63],[38,1],[43,-18],[0,0]],[[10405,40646],[54,-24],[36,15],[12,2],[36,27],[18,-4],[36,-25]],[[10597,40637],[53,-46],[8,-41],[24,8],[0,0]],[[10682,40558],[-2,-22],[-8,-20],[-86,-84],[3,-111],[-114,-95],[-75,-34],[3,-90],[-46,-74],[-7,-53],[-3,-19]],[[10345,42145],[43,26],[112,-61],[73,17],[109,73],[106,2],[42,58],[41,-53],[109,113],[37,83],[44,-32]],[[11061,42371],[118,-50],[203,-28],[16,-92],[-3,-3]],[[11395,42198],[-24,-13],[-30,-129],[-43,-87],[34,-39],[13,-65],[16,-30],[-10,-36],[1,-22],[8,-55],[7,-17],[-56,-21],[-2,-59],[-62,-62],[-31,-68],[-1,-13]],[[11215,41482],[-71,-36],[-17,-21],[-8,-30],[-13,-8]],[[12473,40912],[74,-128],[-5,-6]],[[12542,40778],[-19,-15],[-126,45],[-32,-78],[-34,-13],[12,-87],[-52,-4],[-108,71],[-21,77],[-36,1],[-187,79],[-81,4]],[[11858,40858],[-59,33],[49,66],[32,4],[-94,58],[-88,-4]],[[11698,41015],[53,59],[-33,82],[-64,35],[-118,162],[-20,57],[-117,-5]],[[11399,41405],[-38,56],[-135,20],[-11,1]],[[10597,40637],[87,42],[73,-8],[54,35],[26,-50],[63,-12],[3,51],[114,89],[70,23],[108,-13],[45,56],[-55,22],[-7,50],[59,14],[38,112],[-35,19],[-61,-22],[-16,48],[45,64],[-15,81],[102,-42],[-8,86],[43,7],[77,53],[-8,63]],[[11698,41015],[-105,-90],[-53,5],[-20,-122],[4,-20],[53,-30],[-20,-66],[16,-16],[111,-1],[14,55]],[[11698,40730],[92,-25],[56,-53],[67,-97],[40,-120],[6,-4]],[[11959,40431],[-90,-20],[-82,5],[-60,-26],[-72,34],[-132,-49],[-120,-28],[-34,14],[-123,-12],[-215,30]],[[11031,40379],[-74,20],[-19,55],[-83,20],[-18,32],[-149,52],[-6,0]],[[10405,40646],[32,6],[29,9],[95,55],[51,134],[77,65],[86,161],[58,27],[69,97],[11,1]],[[11858,40858],[-160,-128]],[[11114,39703],[-42,66],[-13,99],[8,111],[29,101],[-36,79],[51,62],[-39,45],[-3,14],[-38,99]],[[11959,40431],[39,-12],[27,-38],[87,14],[121,-18],[121,34],[122,-32],[24,8]],[[12500,40387],[9,-5],[16,-96],[-4,-88],[3,0],[0,0]],[[12155,39671],[-18,3],[-9,9],[-52,50],[-3,16],[-104,-36],[-89,28],[-44,56],[6,61],[-146,-26],[-70,-51],[-108,35],[-22,-24]],[[11378,38973],[1,-3],[69,2],[33,-67],[-25,-36],[46,-77],[29,8],[19,-27],[2,-26],[-59,-43],[-10,-50],[42,-72],[91,41],[42,-69],[23,-95],[-36,-16],[-21,-26]],[[9761,38635],[-81,2],[-39,6]],[[11061,42371],[-24,54],[32,85],[-42,33],[-27,81]],[[12185,38414],[32,48],[5,31],[-11,4],[-78,-24],[-12,43],[-120,64],[14,67],[58,40],[-26,78],[7,11],[63,82],[54,9],[22,55],[-51,21],[-37,106],[45,70],[32,-8],[85,47],[27,-14],[38,82],[-64,32],[-106,-8],[-32,12],[-28,34],[-90,1],[121,188],[17,86],[-2,11]],[[12921,39814],[11,9],[-13,21],[80,21],[57,-157],[37,-24],[41,33],[62,-102],[69,-42],[22,-47],[-63,-88]],[[13164,40300],[-37,-17],[-24,3],[-139,-70],[-30,-40],[-85,-24],[39,-105],[-12,-12],[-28,-25]],[[12500,40387],[6,5],[21,1],[57,-41],[225,13],[-111,170],[-11,58],[-65,55],[-70,112],[-5,16],[-5,2]],[[10025,40587],[-21,27],[-130,4],[12,-41],[-53,-41],[-33,55],[-61,32],[-6,75],[32,110],[-14,47],[60,38],[66,164],[47,45],[23,68],[-57,59]],[[8967,31842],[61,-54],[13,-8],[4,3]],[[9045,31783],[10,-18],[2,-13],[8,-10],[40,-34],[-3,-28],[-118,-34],[-56,-51],[49,-30],[-41,-33],[-56,-46],[-35,49],[-31,8]],[[8814,31543],[11,21],[-11,71],[40,49],[29,118],[84,40]],[[9765,31848],[8,57],[-11,15],[-34,12],[-100,11],[-71,63],[-94,-54],[16,-23],[-175,-121],[-41,18],[-22,-10],[0,0]],[[9241,31816],[-16,-7],[-86,32],[-2,3]],[[9137,31844],[1,1],[-5,8],[72,96],[-45,58],[79,110],[59,21],[102,132],[23,107],[114,36],[-19,141],[-83,-66],[-58,15],[-30,42],[80,76],[-1,85],[-22,110]],[[9404,32816],[71,-10],[59,77],[83,-4],[80,19],[92,108],[80,111],[38,-48],[2,-57],[85,47],[73,136],[3,44],[-90,16],[50,99],[80,-1],[48,47],[-11,84],[48,6],[40,79],[-6,36],[38,89],[92,2],[111,-58],[-14,-80],[4,-4]],[[10460,33554],[-32,-73],[-61,-17],[47,-155],[54,31],[28,-52],[-55,-14],[2,-65],[53,5],[33,-35],[71,-25],[22,-67],[-30,-90],[65,0],[18,-54],[57,-39],[15,-69],[12,5]],[[10759,32840],[10,-29],[-19,-40],[-54,-39],[-5,-70],[19,-62],[-39,-55],[7,-54],[40,-14],[23,-102],[46,-32],[0,-89],[50,-5],[39,-48],[48,96],[46,19],[51,-27],[-49,-84],[73,-102],[-43,-34],[-31,-95],[-86,-7],[-4,-69],[23,-72],[73,1],[44,-71],[-7,-47],[-24,-31]],[[10990,31678],[0,0],[-1,-1],[-8,-15],[-81,-95],[-69,-17],[-104,54],[-61,-44],[-56,66],[-29,71],[-67,52],[42,36],[-32,46],[-111,9],[-62,32],[-136,-21],[-70,23],[-72,57],[-107,-4],[-201,-79]],[[13542,34826],[1,0],[-2,-19],[9,-44],[-73,-3],[14,-54],[84,-81],[9,58],[90,-63],[-42,-18],[-24,-15],[23,-28],[30,-27],[-10,-69],[-15,12],[17,18],[-13,14],[-55,-20],[-98,57],[-30,-40],[57,-52],[73,-20],[4,-37],[12,-6],[43,-21],[48,20],[99,-71],[94,8],[11,-25],[-91,-38],[-41,-102],[-119,-58],[65,-41],[13,-35],[-143,-26],[-46,39],[-14,-56]],[[13522,33983],[-43,-12],[-55,40],[-4,16],[17,58],[-58,40],[-33,-98],[-15,-16],[-51,-96],[-153,17],[-100,-35],[-34,138],[-91,-4],[-19,-72],[-86,-30],[-46,-60],[-32,23],[-9,30],[-50,-22],[-63,-67],[-110,12]],[[12487,33845],[0,110],[-19,84],[-104,-91],[-15,-11],[-29,22],[0,87],[-32,40],[-10,23],[-51,27],[54,125],[38,38],[75,127],[-7,42],[28,85],[-10,61],[-36,46],[-23,115],[61,5],[4,78],[23,47],[-21,102],[46,45],[-12,78],[-57,2]],[[8902,27702],[81,102],[30,172],[42,33],[18,58],[73,19],[27,136],[-23,33],[26,90],[25,36],[66,21],[185,96],[102,82]],[[9554,28580],[77,0],[70,30],[72,-69],[-3,-44],[41,-55],[8,-139],[-44,-13],[6,-102],[-18,-60],[120,-11],[69,16],[38,45],[46,-26],[38,-57],[79,-43],[1,-80]],[[13343,29470],[-69,-9],[-67,26],[-79,-67],[-47,51],[-61,-41],[-86,84],[-2,46],[-64,36],[2,91],[-26,36],[15,121],[-81,3],[-52,166],[-3,32]],[[12723,30045],[29,21],[43,44],[103,-30],[29,90],[-138,104],[-53,3],[-47,91],[-125,11],[-25,-41],[-118,136],[-46,72],[26,127],[31,48],[-2,81],[53,15],[33,80],[33,133],[62,24],[107,-15],[13,33],[173,24],[27,30]],[[4496,29867],[-52,52],[-58,144],[-139,227],[-31,100],[-48,249],[-208,218],[-23,77],[-108,113],[21,214],[-18,11],[7,228],[-23,60],[-99,10],[-101,-44],[-211,-21],[-176,58],[-63,112],[-103,89],[-54,90]],[[3009,31854],[-53,84],[-21,254],[89,115],[73,-6],[50,-50],[46,64],[77,-19],[96,-2],[67,88],[32,-32],[110,-7],[98,44],[145,-4],[85,21],[-8,-67],[63,-38],[193,-34],[101,-76],[167,101],[-60,99],[-4,38],[-103,-1],[17,41],[101,58],[43,1],[45,69],[95,-27],[78,133],[-2,42],[51,54],[103,34],[56,-68],[141,102],[73,19],[40,-68],[45,53],[89,33],[57,-43],[22,-103],[73,-58],[46,9],[79,-71],[84,-25],[47,69],[65,-54],[16,-68],[85,26],[12,5],[103,47],[74,5]],[[5990,32641],[38,-50],[86,-18],[10,-45],[64,-41],[25,-41],[79,-56],[110,78],[52,-32],[54,23],[27,79],[62,25],[131,-61],[68,26],[57,-86],[85,-69],[9,-134],[-24,-57],[10,-70],[-103,-39],[1,-48],[113,-80],[51,-14],[125,-113],[23,12],[21,5]],[[7164,31835],[22,-35],[-109,-68]],[[7077,31732],[-33,12],[-50,-89],[48,-23],[-51,-87],[-54,-32],[52,-102],[-68,5],[-139,-17],[-57,-68],[20,-50],[-77,-42],[-75,-86],[-79,-31],[-85,29],[-37,-84],[-59,-20],[-67,41],[-42,-18],[-96,48],[-87,-17],[-23,68],[-85,18],[-51,-52],[-122,-167],[45,-39],[-24,-62],[-70,-38],[-12,-61],[-48,-30],[-18,-98],[-53,-54],[-17,-53],[-85,-26],[-15,-62],[-73,-74],[-79,78],[-61,-14],[-50,-69],[-74,39],[-155,-68],[-32,3],[-70,-60],[-16,-139],[-39,-48],[-77,-44],[11,-84],[-80,-77],[-33,-84]],[[14025,35090],[-6,-21],[38,-25],[13,-82],[33,-51],[13,-92],[-48,-69],[23,-24],[22,-121],[55,-10],[32,-68],[51,-26],[-22,-61],[25,-44],[101,-29],[119,-92],[65,20],[-15,-110],[42,-31],[8,-11]],[[14574,34143],[24,-119],[-61,-2],[-27,-76],[-82,-22],[-42,-44],[19,-37],[107,-64],[90,-10],[72,-37],[-191,-116],[-151,-45],[-100,-102],[34,-39],[-17,-56],[31,-65]],[[14280,33309],[-111,-57],[-54,8]],[[14115,33260],[3,44],[-30,104],[-58,-35],[-54,65],[-75,-15],[-84,29],[-86,58],[-34,-4]],[[13697,33506],[-23,48],[-70,67],[8,31],[-21,134],[-53,78],[32,54],[-48,65]],[[10802,30462],[3,8],[-2,14],[-6,11],[18,59],[-118,29],[-17,28],[-70,-12],[-57,16],[-93,-36],[-18,56],[-52,-19],[-93,84],[-49,-53],[-64,13],[-28,87],[-42,-31],[-141,-8],[-69,-66],[-66,3],[-26,53],[-60,8],[-28,41],[-58,-65],[-67,58],[-61,-20],[18,-15],[-60,-70],[-136,-124]],[[9360,30511],[-12,7],[-97,-16],[-11,88],[-26,25],[-85,10],[-68,39],[55,46],[34,96],[-113,-10],[-36,59],[11,99],[-16,61],[75,57],[7,16],[-52,44],[-33,-10],[35,111],[31,-16],[51,43],[-33,38],[-16,70],[60,20],[18,74],[-36,62],[7,71],[150,39],[17,58],[-39,97],[3,27]],[[10990,31678],[70,-10],[40,2],[19,25],[94,-93]],[[11213,31602],[-11,-15],[-52,-39],[19,-108],[-115,-145],[20,-53],[-102,-138],[-65,-3],[96,-96],[27,-62],[148,-79],[24,-55],[-15,-170],[-59,-60],[52,-51],[22,-60],[-5,-20]],[[11197,30448],[-154,-8]],[[10802,30461],[0,1]],[[8725,34650],[-109,-70],[-60,56],[-78,-30],[-37,55],[-76,-27],[-16,-82],[-90,4],[-15,-2],[-51,-100],[-18,-123],[15,-45],[-68,-31],[-130,-91],[-37,-105],[-104,96],[-25,81],[-39,37],[-70,-81],[-52,29]],[[7665,34221],[-28,158],[-19,19],[-49,13],[-90,2],[-85,-45],[-60,34],[-14,72],[-69,5],[-41,-14],[-57,39],[-8,92],[33,21],[-18,76],[-95,-27],[-12,-67],[-59,50],[-49,85],[-38,-103],[-73,47],[-31,59],[-67,19],[-90,-58],[-81,3],[-18,-40],[-107,-57],[-14,-65],[-34,35],[-55,-20],[-53,-67],[-23,83],[43,9],[25,50],[-19,10]],[[6310,34639],[1,0],[-33,15],[30,17],[63,110],[30,96],[-67,26],[-112,-84],[-52,60],[-117,28],[-36,43],[95,73],[-16,154],[-83,50],[-91,77],[-60,-11],[-64,-52],[-43,16],[-41,68]],[[5714,35325],[25,152],[32,132],[97,133],[201,161],[90,91],[37,70],[144,441],[128,165],[208,108],[191,117]],[[6867,36895],[152,-200],[28,29],[261,-118],[36,19],[82,-43],[53,58],[161,60],[15,18],[-1,38],[71,59],[-13,52],[47,76],[81,18],[100,109],[65,7],[61,-30],[92,34],[52,-29],[74,3],[85,69],[50,-31],[52,28],[63,-15],[64,42],[42,-17],[-2,-57],[121,-110],[124,52],[28,-113],[78,49],[4,124],[68,-72],[61,-40]],[[9122,36964],[1,-68],[27,-40],[-52,-153],[61,21],[38,-31]],[[9197,36693],[-2,-14],[54,-95],[-173,-71],[37,-142],[-70,-91],[12,-189],[-56,-28],[-2,-38],[50,-82],[-104,-12],[-121,-48],[-77,24],[-39,40],[-42,-46],[-70,-22],[-42,-49],[-28,-150],[-30,-43],[-100,-47],[41,-75],[46,-10],[7,-87],[-45,-77],[70,-22],[112,-71],[16,-59],[68,-140],[-18,-88],[44,-216],[-10,-95]],[[11213,31602],[15,15],[58,15],[81,-66],[90,-32],[14,52],[97,87],[81,-16],[40,119],[100,-31],[-6,51],[92,58],[18,-91],[64,3],[15,81],[99,6],[62,-14],[-11,-67],[74,-16],[85,-80]],[[12281,31676],[1,-57],[51,-37],[76,-24],[32,-37],[41,35],[54,-58],[-34,-38],[-12,-146],[-28,-56],[-101,-45],[-37,14],[-15,-90],[-29,-45],[-6,-126],[-135,-13],[-62,-23],[14,-62],[-81,-62],[-49,59],[-72,-69],[-101,10],[-66,30],[-24,-103],[-65,-51],[34,-91],[-23,-65],[-72,-70],[-111,-57]],[[11461,30399],[-15,35],[-250,10],[1,4]],[[10064,29579],[-38,-27],[-134,-11],[-21,13],[-21,-4],[-20,-22],[-43,-126],[-47,-39],[23,-105],[-66,-104]],[[9697,29154],[-17,6],[-39,48],[-7,57],[-78,-10],[-47,139],[31,43],[-39,38],[-42,-17],[-6,86],[-41,29],[-75,-82],[-35,55],[46,37],[41,141],[-82,21],[-5,17],[-15,66],[-93,126],[-50,14],[-13,46],[-6,23],[6,51],[55,125]],[[9186,30213],[64,72],[18,82],[43,27],[66,-5],[71,34],[4,33],[-83,49],[-9,6]],[[11461,30399],[-1,-6],[28,-14],[23,-37],[15,-28],[146,-114],[94,-16],[-29,-137],[-22,-39]],[[11527,36265],[-2,-7],[-4,-7],[-41,-4],[-40,-2],[-19,-90],[-49,-73],[0,-49],[-86,-22],[-11,-41],[-193,-4],[-80,65],[-2,31],[-78,90],[-69,9],[-25,-108],[-103,-19],[20,-57],[-24,-89],[-74,-43],[-78,-21],[-35,-87],[3,-5]],[[10537,35732],[0,0],[-23,-10],[-22,15],[-80,-23],[-86,7],[-37,-78],[-59,-51],[-42,4],[-22,-65],[31,-33],[-24,-86],[-48,-31],[30,-54],[62,-29],[-31,-69],[-97,-12],[4,-57],[87,-30],[31,-62],[-117,-59],[-21,-78],[33,-47],[-27,-22],[-27,0],[-35,-6],[-15,-9]],[[10002,34847],[-44,-23],[-71,38],[-171,-18],[-82,43],[-152,-21],[-104,-115],[-57,-140],[-50,-34],[-2,-137],[-78,-22],[-26,83],[-85,30],[-80,93],[-87,-48],[-36,11],[-74,-28],[-78,91]],[[9197,36693],[43,49],[78,6],[60,-16],[116,80],[42,44],[59,18],[31,-89],[48,-19],[167,15],[35,-26],[55,39],[88,2],[73,29],[24,-44],[68,9],[-47,74],[2,34],[60,56],[79,21],[57,-16],[31,-62],[122,29],[59,36],[9,-148],[90,41],[72,0],[110,-25],[45,44],[-10,73],[94,34],[-6,63],[88,-28],[-35,-87],[61,-4],[47,89],[59,42],[47,-97],[8,1]],[[13697,33506],[-51,-26],[-55,-47],[-14,-30],[-81,135],[-83,79],[-114,58],[-90,-101],[10,-39],[-121,-69],[-132,-110],[-98,4],[-70,-71],[-46,-80],[-18,-70]],[[12734,33139],[-26,-42],[-14,-19],[-16,-36],[101,-138],[-58,-96],[-77,-89],[-80,38],[-30,73],[-111,-23],[-108,75]],[[12315,32882],[-31,48]],[[12284,32930],[5,48],[9,40],[31,105],[-48,104],[56,1],[39,47],[-20,105],[83,27],[10,48],[-47,46],[-61,0],[7,172],[62,98],[70,40],[7,34]],[[14153,32684],[-39,80],[-57,42],[-74,-18],[-55,171],[124,74],[77,30],[46,66],[-26,47],[-36,60],[2,24]],[[14280,33309],[49,12],[27,157],[35,-44],[136,21],[165,78],[13,70],[63,25],[165,-54],[58,14],[205,2],[69,-22],[44,60],[-1,28],[117,-14],[39,12],[57,-82],[-74,-45],[10,-65],[-2,-4]],[[7988,28423],[58,-12],[43,51],[58,17],[74,140],[115,58],[120,-44],[40,32],[64,-25],[105,3],[79,-14],[80,75],[141,-21],[73,20],[49,-20],[81,82],[41,-7],[16,-61],[54,-36],[33,-76],[71,70],[13,11],[32,4],[19,-25],[18,-15]],[[9465,28630],[62,-4],[27,-46]],[[9390,38655],[64,-243],[-67,-113],[-34,-131],[-162,27],[-53,-11],[35,-64],[-45,-20],[-65,8],[-116,53],[-22,-27],[-22,-115],[5,-53],[25,-69],[38,-34],[178,-300],[135,-162],[-106,-6],[-9,-44],[63,-48],[-5,-32],[-106,-47],[49,-185],[-9,-39],[-14,-17],[-25,-19]],[[6867,36895],[151,82],[288,120],[24,16],[87,196],[121,143],[174,326],[123,213],[107,354],[69,261],[43,39],[306,122],[282,79],[67,65],[133,98],[68,28]],[[12284,32930],[-14,18],[-35,6],[-185,-62],[-53,17],[-268,47],[-61,-31],[11,-77],[-59,-1],[-26,-34],[-74,27],[-32,-31],[-108,6],[-32,67],[-40,-39],[-114,50],[-97,-19],[-58,33],[-18,46],[-7,33],[-76,25],[-77,-72],[-48,-9],[-50,-88],[-4,-2]],[[10460,33554],[24,-4],[33,11],[-1,84],[234,-20],[1,48],[58,20],[1,56],[59,15],[-34,111],[184,18],[2,77],[-39,32]],[[10982,34002],[1,58],[18,33],[97,28],[5,87],[57,31],[68,-20],[84,92],[64,-4],[12,-59],[52,14],[79,85],[92,6],[22,59],[54,-4],[30,-35],[118,59],[39,67],[90,33],[-25,33],[22,146],[-16,63],[57,57],[18,79],[68,47],[89,136],[7,29],[-15,27]],[[3009,31854],[-56,85],[-24,68],[-16,155],[21,65],[78,115],[43,131],[-9,103],[18,72],[-4,139],[12,89],[-25,106],[-94,65],[-126,15],[-165,-26],[-96,0],[-129,51],[-78,67],[-318,144],[-49,110],[26,157],[19,194],[114,269],[122,122],[226,180],[77,72],[114,166],[124,89],[141,352],[76,112],[78,85],[147,102],[97,103],[182,43],[121,-24],[169,-176],[10,-125],[122,-203],[95,-21],[136,-7],[196,95],[269,112],[99,29],[211,40],[384,5],[367,146]],[[6310,34639],[-18,-5],[-31,-21],[-10,-60],[-53,-14],[-54,-46],[-28,24],[-19,94],[-61,46],[-31,54],[-55,36],[-128,-109],[-55,16],[-75,-125],[-67,-10],[-37,-61],[20,-70],[3,-118],[-54,-68],[-8,-54],[196,-73],[17,-62],[44,14],[19,-71],[168,-38],[3,-66],[-53,-93],[9,-87],[-15,-55],[98,-81],[-6,-95],[-69,-45],[22,-140],[-44,-72],[91,-125],[-110,-170],[85,-92],[-14,-156]],[[7077,31732],[52,-46],[119,-65],[1,-66],[41,-20],[29,-73],[187,-130],[3,-87],[60,-67],[-85,-128],[-53,-38],[-53,5],[5,-66],[34,-72],[-44,-74],[-8,1],[-16,-1],[-20,-1],[-1,0],[0,0]],[[7328,30804],[-25,-3],[-50,7],[-26,9],[-72,59],[-74,-119],[3,-40],[-47,-47],[-19,-60],[-45,-35],[-33,-101],[-60,-49],[-103,-126],[-78,-19],[-49,-41],[-22,-59],[25,-87],[-4,-88],[-24,-25],[-168,18],[-91,-149],[-3,-38],[36,-40]],[[11923,29639],[4,18],[42,-13],[17,32],[108,-5],[72,29],[-25,78],[5,87],[71,29],[114,-115],[-9,68],[28,31],[5,128],[34,60],[1,60],[47,25],[23,-5],[63,-6],[80,51],[53,-55],[70,-36],[-3,-55]],[[11927,35286],[-194,-118],[-54,-41],[-89,-129],[-35,-138],[-30,1],[-50,70],[-27,-22],[-128,10],[-183,-109],[-105,94],[-93,26],[-39,80],[39,10],[1,70],[-75,-3],[-18,112],[-53,54],[-73,192],[-71,64],[40,118],[-60,41],[-13,51],[-59,1],[-18,8],[-3,4]],[[7665,34221],[-14,-72],[-34,-28],[53,-122],[-21,-68],[61,-107],[-52,-53],[-8,-54],[-59,-45],[13,-36],[86,-28],[19,-75],[34,-22],[176,-19],[169,50],[33,-23],[83,14],[28,-37],[88,8],[67,-40],[37,-52],[26,-94],[-34,-69],[36,-53],[74,-210],[53,-19],[156,-122],[26,-61]],[[8761,32784],[-42,-38],[-44,-83],[-5,-118],[-36,-85],[22,-48],[-28,-73],[37,-61],[-10,-49],[-107,26],[-59,-82],[-70,23],[4,81],[-38,34],[-79,-52],[-84,-22],[11,-65],[-97,36],[-46,71],[-47,3],[-45,44],[-56,-66],[28,-69],[-65,-69],[-64,15],[-104,55],[-65,-72],[-72,-4],[-91,-32],[-14,-74],[-116,-54],[-25,-56],[-179,-19],[-3,-33],[-8,-13]],[[13338,32125],[-17,31],[-18,21],[-88,71],[-77,94],[-29,21],[-37,-23],[-137,79],[10,97],[62,77],[11,57],[56,12],[19,33],[-5,34],[89,63],[48,14],[19,58],[77,13],[127,124],[42,-35],[45,113],[-41,81],[-206,-139],[-175,-100],[-63,92],[-76,40],[-240,86]],[[12281,31676],[15,-2],[-1,24],[7,63],[66,42],[39,-57],[17,-16],[8,0],[22,19],[26,-8],[11,-28],[5,0],[14,24],[24,18]],[[12534,31755],[20,-59],[37,-53],[134,46],[68,77],[-5,38],[31,7],[101,-13]],[[9404,32816],[-81,21],[-98,-67],[-116,42],[-45,-40],[-172,-6],[-131,18]],[[10002,34847],[124,-166],[-69,-50],[10,-61],[117,-31],[6,-54],[84,1],[26,-130],[38,-70],[74,27],[97,1],[99,64],[68,-14],[-3,-54],[80,-46],[-148,-162],[82,-14],[-11,-45],[94,-72],[189,-19],[23,50]],[[9137,31844],[-13,-22],[-14,-9],[-30,0],[-35,-30]],[[8814,31543],[0,0],[-6,-18],[-58,-39],[-88,-233],[-79,-118],[-11,-61],[-23,-36],[-99,-61],[-88,-99],[-16,-139],[-53,-56],[-114,-88],[-13,-21]],[[8166,30574],[-93,-24],[-100,-104],[-44,-84],[5,-16],[-8,-99],[-136,-131],[-13,-61],[-120,-57]],[[7657,29998],[-7,9],[22,28],[0,45],[-30,57],[-64,4],[-113,70],[-31,57],[61,138],[92,54],[36,46],[-20,72],[-95,86],[-10,-92],[-75,-5],[-4,71],[-14,10],[-65,26],[39,46],[-43,41],[-10,20],[2,23]],[[9465,28630],[13,105],[-12,77],[49,73],[30,-34],[60,-7],[22,80],[-90,78],[-22,52],[84,165],[4,-78],[79,-39],[15,52]],[[9186,30213],[-86,-40],[-32,16],[-38,53],[-68,21],[-49,-23],[-8,-72],[-60,59],[-33,-27],[-93,54],[-55,-65],[37,-46],[-64,-69],[12,-92],[-61,-136],[-53,31],[17,64],[-42,33],[-82,-61],[0,128],[-39,8],[-30,120],[-46,9],[-23,82],[-39,6],[-23,85],[9,56],[-88,36],[47,89],[-20,36],[-10,6]],[[12534,31755],[-72,24],[-81,64],[-6,83],[47,3],[12,88],[-11,88],[-92,-14],[-68,-75],[-43,49],[-64,30],[61,71],[-40,22],[14,43],[-58,40],[-104,-6],[17,78],[-20,96],[59,4],[-1,49],[113,-21],[63,98],[-6,35],[3,51],[6,18],[-19,15],[29,72],[-16,75],[58,47]],[[7657,29998],[-19,-11],[-3,-108],[-83,-86],[-2,-42],[-118,-201],[5,-14]],[[31689,33960],[-47,61],[-27,10],[-39,-30],[-32,9],[-73,45],[-109,-27]],[[31362,34028],[-53,40],[6,47],[-74,51],[11,91],[44,22],[5,83]],[[31301,34362],[57,31],[160,-17],[105,19],[37,30],[142,-4]],[[31802,34421],[56,-60],[60,-25],[59,-59],[-17,-85],[-119,-24],[-43,-24],[-25,-110],[-84,-74]],[[31301,34362],[-50,17],[-57,58],[-17,87],[-78,76],[-99,-4],[-15,-10]],[[30985,34586],[-62,36],[-49,78],[-135,54]],[[30739,34754],[47,86],[21,125],[31,10],[11,106],[24,45],[-114,74],[-25,60],[33,76],[60,-31],[46,37],[62,-31],[145,66],[80,-16],[111,69],[33,43],[78,-15],[64,82],[97,31],[45,-50],[113,3],[137,-101],[18,-41],[-7,-98],[70,-66],[-2,-91],[-40,-36],[12,-129],[-24,-116],[-62,-62],[-1,-48],[-59,-61],[33,-67],[-9,-118],[35,-69]],[[31362,34028],[2,-47],[-139,-114],[-172,58],[-24,20],[-15,-6],[-26,10]],[[30988,33949],[28,71],[51,35],[-41,53],[-2,122],[-15,46],[52,70],[43,16],[-1,35],[-15,24],[-113,-3],[-6,152],[16,16]],[[30988,33949],[-41,-9],[-97,15],[-15,0],[-10,-7],[-31,-31],[-92,41],[-53,129],[-64,9]],[[30585,34096],[27,112],[54,82],[-39,59],[14,70],[43,32],[-54,106],[63,155],[46,42]],[[17017,6983],[-90,-38],[-54,2],[-116,-45],[-21,-39],[-33,-8],[-43,12]],[[16660,6867],[-5,32],[-6,18],[-52,47],[28,69],[39,29],[-1,82]],[[16663,7144],[93,82],[-10,57],[59,150],[35,30],[-15,64],[6,12],[22,65],[39,9],[-7,37],[17,13],[2,11],[8,4]],[[16912,7678],[11,-6],[50,16],[11,8],[27,6],[100,-19],[-7,53],[116,11],[35,-34],[4,-74],[66,4],[42,-65],[36,-4],[16,-20],[22,-129],[-72,-95],[-11,-34]],[[17358,7296],[-58,-91],[-43,-53],[-57,-27],[-128,-96],[-55,-46]],[[18562,10336],[-22,-12],[-29,30],[16,36],[-38,33],[-4,6]],[[18485,10429],[-2,17],[26,145],[87,26],[26,-4],[19,6]],[[18641,10619],[43,-65],[-29,-44],[-34,-181]],[[18621,10329],[-59,7]],[[13121,7457],[95,37],[47,50],[67,-8],[31,32],[-18,55],[63,43],[25,-29],[78,50],[8,9]],[[13517,7696],[79,-26],[51,55],[31,-32],[61,40],[48,-117]],[[13787,7616],[-90,14],[-43,-75],[-14,-29],[-43,-70],[-17,-106],[50,-32],[25,-54],[66,-49],[-56,-32],[1,-125],[-38,-31],[50,-91],[-24,-81],[102,12],[41,-37],[36,-90],[-52,-94],[4,-126],[19,-47],[45,-10],[-38,-104],[-98,2],[-25,-39],[-3,-163],[-51,-64],[77,-104],[3,-86]],[[17897,8434],[12,-16],[-65,-327],[4,-124],[81,-197]],[[17929,7770],[-38,-86],[-72,-17],[-177,-148],[8,-55],[-56,0],[-21,-54],[-117,-61]],[[17456,7349],[-98,-53]],[[16912,7678],[-10,6],[-85,34],[-114,-13],[-117,29],[-27,32],[-49,69],[-29,24],[-15,25],[-7,8]],[[16459,7892],[45,-4],[29,104],[129,19],[17,46],[76,-14],[30,57],[47,-53],[104,-21],[41,80],[72,26],[60,-26],[132,74],[96,-25],[-14,95],[38,29],[-40,48],[13,68],[64,-2],[-44,106],[202,-49],[76,-69],[16,-4],[23,18],[11,2],[42,56],[-1,27],[-8,13],[0,24],[-2,4],[-1,1]],[[14728,8985],[71,11],[31,114],[91,85],[7,83],[80,-19],[33,22],[0,68],[31,58],[-81,135],[-36,0],[-7,14],[74,27],[22,-55],[96,32],[37,-53],[141,-80],[-3,-52],[76,-97],[57,-4],[69,-69],[106,-45],[75,-99],[-6,-19],[57,2],[95,-41],[27,-51],[16,2],[21,59],[94,19],[21,-41],[29,27],[7,5],[31,-11]],[[16090,9012],[3,-55],[46,-50],[114,35],[-22,-72],[-25,-80],[-7,-27],[-8,-44],[-3,-20],[9,-13],[20,-1]],[[16217,8685],[-19,-77],[29,-31],[-135,-52],[-11,-28],[-4,-6]],[[16077,8491],[-28,-30],[-19,-45],[-83,-30],[-100,21],[-110,100],[-38,-81],[-40,-52],[-39,5],[58,135],[-71,84],[-32,-18],[-68,32],[-32,67],[-138,-21],[-116,-49],[-53,-8],[-96,-59],[-165,35],[-31,-34],[-130,31],[-37,43],[-95,21]],[[14012,5773],[95,77],[-8,29],[-46,103],[15,158],[93,-1],[-24,144],[28,99],[46,50],[99,39],[43,-73],[134,115],[91,-2],[14,69],[58,25],[-2,-119],[44,-48],[59,81],[63,1]],[[14814,6520],[34,-79],[101,20],[127,-11],[-9,58],[52,2],[9,90],[-27,58],[45,26],[113,-23],[13,67],[103,-4],[-28,-97],[-12,-103],[-2,-52],[30,-62],[-50,-68],[99,-44]],[[15412,6298],[-40,-75],[55,-50],[165,-57],[-52,-114],[86,-73],[-5,-43]],[[15621,5886],[-3,-9],[-5,-115],[-98,-84],[28,-45],[-38,-104],[-67,-17],[-85,59],[-16,107],[-44,24],[-140,-16],[-86,-80],[-34,15],[-51,-95],[-66,-40],[-34,27],[-139,-32],[-82,-59]],[[14661,5422],[-2,98],[-53,63],[64,20],[9,54],[-38,69],[-9,-11],[-51,-11],[-73,38],[-29,-37],[-71,-6],[-126,-97],[-43,5],[-65,48],[-107,-56],[-88,-8]],[[14614,8638],[13,-125],[-34,1],[9,-90],[83,-49],[-47,-126],[-2,-95],[18,-47],[73,46],[-17,-95],[12,-63],[-21,-88],[-58,-88]],[[14643,7819],[-20,-65],[119,-149],[73,-109],[83,-34],[0,-105],[33,-41],[8,-125],[47,-20],[19,-4],[0,-1]],[[15005,7166],[-18,-34],[-33,-27],[-50,-15],[-64,65],[-22,12],[-32,-5],[-16,-7],[-5,-10]],[[14765,7145],[-56,48],[-117,29],[-45,38],[-83,-6],[-78,-27],[-142,40],[-65,-11],[15,131],[-51,50],[25,46],[-40,79],[-46,-81],[-44,18],[-53,94],[-10,-15],[-43,2],[4,19],[-19,41],[-27,-7],[-41,-55],[-62,38]],[[13517,7696],[9,10],[22,82],[43,-8],[5,21],[-33,54],[21,109],[-103,54],[-78,-10],[-66,21]],[[18621,10329],[-23,-215],[10,-78],[-136,-423],[-13,-90],[-63,-109],[-71,-88],[-99,-155],[-92,-68],[-9,-4]],[[18125,9099],[-45,26],[-34,-30],[-51,26],[-63,107],[-72,53],[-47,-25],[-54,19],[-50,-33],[-62,49]],[[17647,9291],[29,62],[79,74],[32,1],[33,151],[-61,51],[13,65],[-85,8],[-57,64],[23,62],[55,-1],[84,35],[13,90],[-68,55],[-82,-3],[-14,71],[-42,18],[-81,38]],[[17518,10132],[20,83],[137,50],[-2,32],[114,61],[55,51],[23,10]],[[17865,10419],[20,8],[33,-44],[6,-62],[109,-28],[52,73],[23,27],[68,141],[66,64],[76,21],[72,-58],[-3,-79],[36,-50],[62,-3]],[[13976,3025],[143,-64],[17,-36],[78,-11],[72,-95],[-11,-47],[42,-80],[72,12],[-11,-115],[48,-64],[-22,-95],[-8,-24],[7,-1],[-4,-11],[8,-71],[60,-28]],[[14467,2295],[-30,-92],[-180,32],[-201,58],[-11,30],[-88,44],[-220,203]],[[14814,6520],[24,119],[-62,8],[14,55],[12,28],[50,-33],[88,-21],[-3,31],[-30,80],[-15,12],[-31,-24],[-14,4],[-21,34],[-44,44],[-13,-24],[-29,55],[1,37],[28,120],[18,60],[-22,40]],[[15005,7166],[12,-4],[72,41],[63,3],[45,-29],[76,-9],[95,-97]],[[15368,7071],[47,-86],[123,11],[77,-13],[83,10],[68,-30],[96,-91],[92,-28],[58,-77],[-64,-62],[34,-92],[-83,-74],[-170,0],[-40,55],[-102,-40],[-49,10],[-27,-200],[-25,-48],[-74,-18]],[[15744,9760],[-2,-9],[0,-29],[19,-55],[-5,-137],[52,-61],[-22,-89],[82,-16],[40,30],[83,-32],[73,-81],[-16,-124],[69,-8]],[[16117,9149],[28,-83],[-55,-54]],[[15621,5886],[71,15]],[[15692,5901],[9,-66],[40,-95],[-25,-58],[94,-130],[-9,-66],[16,-83],[-7,-71],[-98,-25],[-32,-34],[-83,-15],[-10,-97],[-92,13],[-151,1],[-43,-50],[18,-54],[24,17],[4,10],[24,3],[31,-36],[-73,-39]],[[15329,5026],[-56,3],[-71,-74],[39,-109],[-74,2],[-39,-62],[-79,10],[-186,-15],[-104,8],[-16,66],[-62,22],[-86,-27],[-39,48],[-50,-12],[-38,-53],[-102,-46],[-34,-103],[-31,-23]],[[14301,4661],[-22,27],[95,136],[68,145],[47,48],[43,99],[-8,46],[70,80],[20,37],[27,131],[20,12]],[[17987,6762],[7,-365],[35,-499],[-66,-33],[-141,-1],[20,62],[-75,19],[-111,-9]],[[17656,5936],[18,55],[0,151],[82,74],[28,52],[0,91],[-50,41],[49,87],[49,37],[-11,89],[81,114],[-133,5],[-105,45],[14,70],[41,66],[48,16]],[[17800,7041],[-38,11],[-48,21],[-75,-13],[-17,-38],[-81,-6],[-56,-29],[-22,9],[-20,-2]],[[17443,6994],[-1,18],[31,77],[18,137],[43,63],[-78,60]],[[17929,7770],[35,-167],[35,-298],[-6,-273],[-47,6]],[[14643,7819],[66,-29],[47,63],[121,-82],[70,-25],[29,59],[92,25],[15,101],[101,-19],[87,63],[85,-29],[133,27],[92,55],[37,-50],[89,45],[100,18],[3,-91],[28,-39],[-48,-36],[6,-160],[45,7],[11,3],[8,8],[-1,-9]],[[15859,7724],[-5,-25],[-48,-101],[22,-28],[-88,-192],[-43,-14],[1,-81],[-51,-5],[-36,-63],[-3,-69],[-116,58],[-19,-42],[-82,3],[-27,-32],[4,-62]],[[16663,7144],[-52,60],[-140,14],[-67,-41],[-49,6],[3,54],[-75,16],[-38,-23],[5,-55],[-61,-6],[-44,155],[45,48],[17,93],[41,76],[-10,45],[-120,17],[17,68]],[[16135,7671],[-21,80],[74,56],[64,-10],[75,-104],[50,66],[-49,45],[40,93],[44,20]],[[16412,7917],[21,-1],[20,-10],[2,-9],[4,-5]],[[16588,5393],[-35,12],[-8,97],[43,39],[-82,58],[-3,37],[-93,-44],[-46,74],[-10,70],[-66,-30],[0,-48],[-56,-8],[-91,23],[-9,19],[-30,122],[-101,45],[-13,-47],[-81,-38],[-19,-77],[-54,27],[25,49],[-53,55],[32,4],[61,-5],[12,101],[-39,44],[16,38]],[[15888,6010],[16,51],[11,51],[57,-9],[41,41],[-27,53],[-112,-5],[-23,92],[-28,5],[-13,108],[43,50],[54,22],[0,14],[78,33],[40,-37],[52,79],[83,-59],[39,101],[52,-36],[-9,-63],[38,-31],[18,1],[26,-9],[48,77],[78,21]],[[16450,6560],[57,-58],[46,25],[193,-31],[11,-53],[115,-55],[58,-47],[5,-59],[-41,-14],[-31,-56],[10,-82],[-23,-38],[35,-45],[-8,-94],[-29,-10],[-14,-5],[16,-101],[-23,-60],[99,-32],[-45,-85],[79,-11],[22,-36],[47,13]],[[17029,5626],[-4,-64],[40,-51],[-17,-63],[-177,-219],[-9,-65],[-40,-39]],[[16822,5125],[-106,24],[-86,143]],[[16630,5292],[21,53],[16,3],[-79,45]],[[17159,4285],[18,-109],[139,-130],[-208,116],[-89,10],[-5,54],[73,2],[72,57]],[[16822,5125],[-59,-98],[-99,-107],[-53,-131],[-38,-36],[-31,-190],[-22,-40],[70,-119],[67,-75],[116,-90],[105,-21],[-60,-45],[-168,25],[-91,-15],[-30,-28],[-71,7],[-162,-64],[-79,-41],[-51,13],[-143,-112],[-105,7],[-154,-39],[-73,-44],[-27,4]],[[15664,3886],[-64,52],[-73,17],[35,104],[-41,-2],[7,101],[10,20]],[[15538,4178],[75,-23],[71,51],[-2,44],[-60,79],[-63,39],[-79,-20],[-39,112],[86,3],[85,55],[28,60],[55,1],[-12,84],[65,49]],[[15748,4712],[36,35],[53,-10],[62,-48],[39,4],[116,-82],[99,41],[-5,63],[117,-35],[102,26],[-54,96],[22,68],[-35,45],[-80,-15],[-24,42],[37,51],[-37,79],[38,137],[25,-20],[79,8],[38,-28],[9,-91],[40,-104],[41,-1],[-17,179],[90,103],[40,-3],[51,40]],[[16077,8491],[105,-30],[-7,-78],[-77,-65],[19,-80],[-3,-80],[86,36],[150,-1],[-39,-136],[76,-46],[-20,-51],[45,-43]],[[16135,7671],[-34,-49],[-100,-46],[-35,1],[-6,70],[-101,77]],[[15692,5901],[54,87],[33,2],[15,74],[94,-54]],[[15748,4712],[-39,89],[-64,26],[-96,101],[-22,45],[-114,25],[-55,-24],[-29,52]],[[17443,6994],[0,-26],[-47,-57],[35,-38],[-77,-55],[-98,54],[-100,35],[-38,-23],[2,-322],[17,-80],[60,-23],[-18,-89],[89,-29],[-3,-39],[129,-110],[-22,-48],[10,-143],[47,-16]],[[17429,5985],[-6,-20],[33,-45],[-178,15],[-90,-54],[-101,-88],[21,-31],[-61,-53],[-18,-83]],[[16450,6560],[-10,47],[21,89],[-35,94],[122,46],[14,26],[86,8],[12,-5],[0,2]],[[14301,4661],[-1,-5],[3,-13],[-86,-20],[-32,-22]],[[18399,11252],[222,-60],[61,-80],[38,9],[28,-154],[0,-99],[-69,-225],[-38,-24]],[[17865,10419],[2,51],[-58,-4],[-25,75],[5,116],[-67,0],[0,42],[-57,31],[-30,-101],[-102,-22],[-134,7],[-45,-77],[-45,88],[-64,-110],[-55,-30],[-70,49],[-24,72]],[[17656,5936],[-63,-26],[-107,5],[12,50],[-69,20]],[[15664,3886],[27,-4],[-80,-88],[-158,-122],[-58,-121],[-19,-182],[18,-54],[-108,-175],[6,-62],[53,-24],[-25,-126],[12,-26],[-100,-128],[-28,-89],[-141,-74]],[[15063,2611],[-131,-14],[-9,41],[-22,2],[-20,59],[3,23],[-41,53],[-4,95],[-28,135],[-45,21],[4,58],[52,24],[-11,82],[24,86],[-15,65],[46,26],[-11,47],[-67,113],[-53,9],[0,59],[-104,9],[1,171],[22,65],[49,55],[-96,3],[45,135],[59,-43],[93,26],[55,-16],[29,47],[-20,79]],[[14868,4126],[53,1],[-2,-61],[63,-8],[55,79],[83,39],[2,53],[73,93],[170,12],[8,-52],[60,-57],[85,-19],[20,-28]],[[14088,4420],[75,-45],[48,13],[31,-74],[125,-32],[14,68],[145,-141],[134,-4],[96,-91],[35,34],[77,-22]],[[15063,2611],[-103,-82],[-117,-45],[-45,-65],[-105,-70],[-163,-26],[-63,-28]],[[16117,9149],[90,72],[40,125],[53,79],[11,87],[64,90],[62,162],[61,100],[127,-36],[22,62],[60,-17],[63,98],[102,9],[100,-29],[5,73],[49,20],[73,-27],[15,-56],[39,-7],[90,-57],[-42,-106],[45,-29],[44,47],[61,25],[22,73],[-15,67],[31,36],[-30,57],[4,59],[47,45],[38,-32],[70,-7]],[[17647,9291],[-82,7],[-92,32],[-127,16],[-73,94],[-116,26],[-137,-15],[-17,-66],[34,-38],[-41,-80],[99,-18],[-73,-142],[-7,-63],[-32,-51],[100,-71],[-28,-70],[-40,-33],[-53,13],[-52,-63],[-61,-19],[-113,29],[-55,47],[-89,3],[-66,-88],[-59,18],[-92,-28],[-92,3],[-34,-46],[-32,-3]],[[18125,9099],[33,9],[24,-28],[-143,-234],[-38,-85],[-35,-122]],[[18053,20120],[-15,-5],[-45,67],[-40,-5],[-5,-64],[28,-34],[-63,-140],[-93,-57],[-103,-6],[-42,71],[-133,85],[-77,19],[-107,100],[-94,31],[-42,-64],[-65,-17],[-60,24],[-55,60],[-83,5],[-122,130],[-52,118],[-66,53],[-123,26],[-69,-64],[-130,38],[-103,-69],[-137,12],[-52,-68],[-70,12],[-89,-74]],[[15946,20304],[-53,37],[-86,-8],[-58,48],[-55,-5],[-102,-67],[-34,-2],[-25,78],[-91,14],[-68,-30],[-43,-37],[-94,-38],[-61,-93],[-94,-7],[-37,-55]],[[15911,17819],[44,14],[-28,-121],[-10,-101],[-60,-47],[-55,72],[-61,20],[-13,93],[29,35],[57,-9],[47,76],[50,-32]],[[18736,19719],[-115,-11],[-62,-60],[-4,-208],[-12,-63],[-69,-69],[-42,41],[9,67],[-84,31],[10,43],[-80,41],[-43,-22],[-102,64],[-113,6],[62,-86],[-5,-58],[-64,34],[-37,67],[-68,-14],[22,-68],[-54,-8],[-46,69],[-65,39],[-53,2],[-43,-40],[-94,-4],[-26,-75],[10,-123],[-16,-120],[68,-144],[5,-18],[-21,-63],[-36,0],[-36,-65],[-77,-7],[-27,5],[-186,-141],[-129,-4],[-89,-62],[-202,65],[-10,10]],[[16812,18770],[48,96],[-83,1],[-56,23],[9,50],[-42,27],[-9,102],[-68,21],[-36,68],[-68,-30],[-182,43],[-33,-60],[-110,18],[-36,16],[-94,2],[-52,-34]],[[16000,19113],[-19,52],[-52,40],[44,89],[-22,50],[24,105],[-40,77],[50,99],[55,17],[26,62],[72,27],[11,59],[-34,92],[-2,62],[-88,17],[-51,144],[-9,87],[-36,65],[17,47]],[[18287,17011],[13,75],[-96,87],[-81,102],[-52,9],[-34,51],[-21,21],[33,66],[-30,83],[-83,14],[-51,72]],[[17885,17591],[41,29],[81,-6],[38,64],[139,48],[20,-63],[84,-26],[41,33],[123,45],[13,101],[-62,-14],[-1,60],[-68,76],[5,80],[-51,34],[34,93],[0,99],[93,38],[56,-37],[102,67],[32,-4],[-9,130],[46,136],[-9,99],[55,15],[55,99],[71,75],[62,-38],[33,13],[36,92],[31,29],[48,-59],[53,-2],[50,-34],[34,51],[56,35],[15,61],[-28,26],[-169,125],[-52,9],[-41,57],[-31,174],[12,71],[-94,19],[-24,10],[-20,106],[41,73],[-21,44]],[[14302,17243],[11,15],[8,97],[93,-15],[20,-43],[175,70],[149,73],[39,-121],[-27,-41],[-24,-112],[21,-71],[-10,-70],[-34,-66],[-4,-95],[89,-10],[108,-36],[159,26],[65,54],[5,81],[-54,97],[-51,19],[-15,15],[-21,56],[108,108],[96,115],[47,-1],[26,-157],[45,18],[78,-20],[-14,118],[82,59],[104,30],[21,-123],[49,-51],[76,-143],[139,-78],[48,42],[79,-54],[36,-49],[100,6],[79,-37]],[[16203,16949],[75,-39],[-30,-47],[97,-93],[-8,-122],[-40,-14],[-8,-63],[-129,-97],[68,-112],[-55,-73],[129,-6],[44,-30],[95,57],[87,0],[30,-55],[75,-40],[56,-7],[155,-111],[156,-90]],[[14512,19190],[1,0],[27,1],[13,16],[60,-3],[34,-35],[53,-3],[74,-117],[205,6],[-13,-56],[69,-80],[95,2],[110,-53],[101,-10],[44,42],[3,114],[7,33],[65,-18],[67,-53],[33,3],[67,85],[51,-46],[44,-80],[104,14],[122,85],[51,7],[1,69]],[[16812,18770],[-16,0],[-54,14],[-78,-56],[-50,58],[-26,-67],[-66,-58],[-42,7],[-58,-115],[45,-47],[-4,-96]],[[16463,18410],[-5,-7],[1,-39],[-12,-49],[-50,-16],[-23,-59],[-57,-52],[-85,-15]],[[16232,18173],[-86,49],[-74,-45],[-26,53],[-42,-22],[-69,20],[-21,-23],[-128,26],[-15,-52],[-51,-8],[-51,-236],[-88,-53],[14,-44],[-67,-77],[-68,35],[-7,77],[-72,-38],[-51,41],[-75,15],[-48,-62],[-54,26],[-148,165],[-75,12],[-28,104],[-62,-29],[-49,22],[-25,-44],[-10,-89],[-115,-66],[5,-18]],[[16203,16949],[8,49],[128,18],[63,74],[30,116],[-16,63],[-68,27],[-1,53],[50,106],[-86,37],[-24,22],[-23,146],[33,114],[-75,19],[0,143],[-39,89],[49,148]],[[16463,18410],[183,-34],[41,-115],[92,-13],[34,-56],[42,-18],[37,-125],[21,-24],[70,77],[30,-102],[125,-13],[16,-45],[131,-49],[28,26],[72,0],[78,-34],[62,11],[108,-17],[199,-102],[15,-87],[35,-95],[3,-4]],[[36554,27810],[-88,58],[11,-67],[-67,-23],[-19,82],[-34,25],[-39,137],[-29,6],[0,122],[-24,177]],[[36265,28327],[7,0],[53,-38],[-15,-62],[28,-31],[51,22],[12,86],[-20,48],[13,81],[-8,153],[-24,13],[-15,256],[14,109]],[[36361,28964],[-24,180],[152,-83],[90,-100]],[[36579,28961],[16,-43],[90,-65],[56,35],[81,17],[8,-121],[-13,-67],[55,-12]],[[36872,28705],[3,-76],[54,-6],[46,-139],[2,-149],[15,-10],[6,-21]],[[36998,28304],[-45,-16],[-101,-141],[-60,0],[-61,37],[-36,102],[-54,-84],[36,-212],[-15,-48],[31,-49],[-53,-59],[-7,-47],[-79,23]],[[36554,27810],[-75,-126],[-45,-53],[-51,-101],[2,-57],[69,-203],[-5,-47]],[[36449,27223],[-51,57],[13,65],[-54,83],[-8,62],[-40,59],[8,38],[-64,93],[-72,-1],[-31,97],[-48,-43],[-51,49],[-76,-32],[-64,-5],[-51,-64],[-24,5]],[[35836,27686],[-2,22],[-55,27],[-3,195],[26,31],[-2,73],[50,37],[81,107],[26,-44],[79,38],[-19,45],[35,34],[17,66],[-2,10],[0,0]],[[36067,28327],[6,-2],[7,2],[11,-6],[18,10],[68,6],[79,-8],[9,-2]],[[36067,28327],[0,0],[0,1],[-3,33]],[[36064,28361],[0,25],[-19,169],[-40,36],[-42,123],[-35,180]],[[35928,28894],[99,-35],[74,5],[70,44],[-5,55],[34,63],[161,-62]],[[37162,28259],[-39,15],[-26,-91],[-93,62],[-6,59]],[[36872,28705],[135,164],[-26,86],[87,54],[-72,98],[-110,58],[-41,105],[12,87]],[[36857,29357],[52,16],[32,68],[47,16],[-26,101],[36,64],[65,-44]],[[35836,27686],[-8,-5],[-7,-10],[-61,-108],[-68,-39],[-32,27]],[[35660,27551],[5,38],[-46,105],[-5,63],[-39,65],[1,46],[-79,65],[11,38],[-77,131],[5,55],[49,0],[1,59],[-69,36],[36,67],[78,-20]],[[35531,28299],[83,-75],[87,77],[58,-30],[27,46],[128,-41],[36,7],[114,78]],[[36449,27223],[-51,-104],[-103,-75],[-112,-16],[-44,-55],[-115,93],[12,64],[-60,110],[2,55],[-33,34],[-14,68],[-43,96],[-55,4],[-48,-84],[-9,-55],[53,-164],[-31,-34],[-76,77],[-34,111],[-2,114],[-26,89]],[[36579,28961],[60,218],[-33,116],[119,94],[66,-29],[66,-3]],[[35531,28299],[6,85],[42,77],[-38,73],[84,170],[88,-1],[50,34],[36,78],[-34,97],[59,4],[104,-22]],[[14574,34143],[23,-4],[60,21],[122,-30],[20,37],[83,54],[85,6],[11,-84],[58,62],[19,25]],[[15055,34230],[3,1],[0,-3]],[[15058,34228],[2,-47]],[[15060,34181],[-3,-30],[61,34],[38,-22],[20,-73],[-10,-53],[22,1],[56,36],[48,-33],[143,1],[21,-40],[-17,-86],[52,-55],[83,25],[56,-27],[49,14],[89,-49],[43,-71],[51,-22],[52,-61],[88,9],[30,-63],[125,-78],[4,64],[90,6],[21,-10]],[[16272,33598],[-9,-25],[1,-16],[7,-5],[16,31],[38,-67],[43,6],[63,-99],[-89,-20],[-8,-16],[-14,-47]],[[14313,35537],[18,0],[15,-4],[27,7],[84,-1],[55,48],[77,6],[60,-55],[61,16],[9,63],[11,15],[-4,12],[24,15]],[[14750,35659],[5,-1],[74,-18],[48,53],[33,-66],[82,-64],[104,-22],[97,82],[135,-43],[9,-54],[85,25],[39,37],[16,-17],[23,13],[134,39],[50,37],[77,-89],[67,-1],[37,44]],[[15865,35614],[28,-51],[71,-50],[41,24],[19,7]],[[16024,35544],[49,-72]],[[16073,35472],[-32,-98],[-73,-118],[-34,-9],[-56,-82],[37,-67],[-48,-15],[-18,4]],[[15849,35087],[-14,2],[-89,-93],[-57,-115],[-62,-35],[-86,-5],[-65,54],[-91,38],[12,50],[-66,42],[-63,-10],[-85,13],[-35,-18],[0,-14],[35,-9],[-66,-84],[35,-50],[-82,-118],[-62,9],[-46,-34]],[[14962,34710],[-35,-10],[-18,18],[-22,111],[-51,24],[-37,28],[4,82],[32,75],[-2,58],[-49,53],[-62,131],[-46,32],[-71,12],[-19,23],[-46,-47],[-87,-30],[-64,14]],[[20583,30712],[6,8],[-39,8],[8,67],[59,7],[-22,86]],[[20595,30888],[39,32],[94,69],[86,7],[80,-12],[69,-48],[43,38],[-33,53],[56,71],[71,24],[9,2],[18,6],[5,4],[5,5],[14,25],[-63,95],[-49,-48],[-62,-24],[-58,12],[-56,58],[-88,3],[-28,109],[-53,24]],[[20694,31393],[12,82],[64,-48],[28,28],[80,1],[26,63],[11,112],[54,22],[50,-40],[127,-22],[59,47],[80,7],[36,-2],[29,-33],[-44,-42],[26,-4],[127,-70],[21,45],[49,2],[0,-5]],[[21529,31536],[-27,-36],[-2,-11],[-9,-6],[-16,-6],[52,-72],[72,-27],[42,6],[37,-14],[63,-59],[30,8],[29,-20],[-2,-2]],[[21798,31297],[0,-1],[-4,-5],[1,-11],[-35,-51],[8,-57],[66,-71],[-55,-35],[2,-95],[-26,-54],[-123,-54],[-43,-99],[16,-43],[17,-11],[44,51]],[[21666,30761],[38,-54],[24,-40],[64,-119],[-16,-43],[-17,-11],[-11,-8],[13,-22],[-24,-51],[-40,-65],[-35,-6],[-112,-121],[-47,-12],[-23,-28],[-61,-57],[37,-42]],[[22655,32615],[-13,-9],[14,-116],[-32,-69],[-9,-72],[-123,45],[-70,89],[-68,21],[-17,-8]],[[22337,32496],[-9,-5],[-36,-12],[-107,20],[-44,45],[-58,12],[-60,-22],[-114,81],[-32,87],[-68,6],[-18,4],[-11,-9],[-151,47]],[[21629,32750],[53,23],[128,259],[62,-6],[18,-49],[19,1],[43,4],[57,60],[18,56],[-16,22],[14,38]],[[22025,33158],[15,-13],[31,-16],[110,-51],[110,5],[97,-87],[114,23],[42,9],[91,-61],[46,5]],[[22681,32972],[63,-57],[115,-47],[60,-97],[21,-21]],[[22940,32750],[25,-29],[53,0],[21,-10]],[[23039,32711],[-31,-48],[-6,-119],[-64,-5],[-50,69],[-106,54],[-29,158],[-47,-41],[-11,-61],[-42,-9],[2,-94]],[[20690,32326],[-110,-56],[35,-92],[-8,-105],[20,-46],[-102,-47],[-98,-20],[2,-15]],[[20429,31945],[-34,37],[-59,7],[-102,96],[0,20],[34,48],[13,92],[36,45],[-5,123],[-25,48],[11,58],[56,34],[23,47],[1,130],[-49,90],[-3,18],[-46,125],[27,10],[12,57]],[[20319,33030],[116,-24],[22,18],[75,-67],[3,-6],[85,100],[-11,91],[36,14],[54,-40],[38,17],[17,-91],[67,15],[11,-7]],[[20832,33050],[0,-10],[-9,-106],[54,43],[116,-10],[60,-42],[23,35],[75,-44]],[[21151,32916],[3,-26],[-5,-9],[-6,-62],[60,6],[0,-52],[2,-13],[-15,-30],[-4,-17],[-32,1],[-34,-6],[-73,-80],[17,-90],[81,-42],[4,-30],[178,-106],[42,-37],[-7,-56],[42,-47],[-33,-50]],[[21371,32170],[-83,7],[-54,25],[-50,-44],[-73,47],[-37,-57],[-115,-33],[-25,70],[-68,42],[-59,-28],[-5,68],[-101,102],[-11,-43]],[[15555,36086],[-6,22],[36,64],[-51,52],[-72,8],[-14,91],[21,39],[-32,70]],[[15437,36432],[-25,92],[-71,69],[-21,99],[-23,28],[1,91],[-6,23]],[[15292,36834],[1,0],[-5,15],[-13,20],[-63,25],[3,105],[43,35],[12,82],[-26,71],[33,25]],[[15277,37212],[7,-4],[37,-6],[154,-61],[66,13],[138,-32],[75,16],[82,46],[57,-20],[42,41],[107,9],[96,99],[8,49]],[[16146,37362],[8,-46],[-11,-73],[57,-63],[-96,-105],[75,-90],[-7,-67],[-118,-175]],[[16054,36743],[-12,4],[-101,-24],[-71,-37],[-97,5],[-16,12],[-16,-67],[18,-137],[-10,-78],[39,-43],[-13,-172],[-75,-19],[-50,-56],[-57,0],[-6,-21],[-19,-12],[-4,-19]],[[15564,36079],[-9,7]],[[16773,32876],[0,0],[4,7],[96,37],[130,70],[55,98],[96,81],[-20,60],[54,54],[-25,71],[6,35],[29,74],[-16,30],[14,60],[-6,42],[9,17],[1,19],[0,0]],[[17200,33631],[5,2],[9,19],[25,-13],[117,-17],[62,-70],[106,-44],[78,53],[77,-6],[7,-39],[94,-105],[44,-25],[7,-7]],[[17831,33379],[-3,-6],[-22,-25],[-24,-17],[-79,-19],[58,-57],[14,-72],[-75,-85],[-49,-14],[-5,-164],[-62,-46],[-56,-118],[-43,-35],[-39,-39],[-8,-2]],[[17438,32680],[-2,7],[-18,64],[-26,41],[-59,1],[-146,-50],[-75,68],[-72,-25],[-77,-4],[-59,23],[-35,1]],[[23039,32711],[44,20],[104,-6],[88,-58],[76,-14],[25,-26],[135,-106],[104,10]],[[23615,32531],[-15,-25],[-42,-6],[-95,-151],[19,-47],[-21,-69],[-46,-33],[-177,79],[-3,-51],[-73,-58],[-21,-90],[17,-106],[-49,-25],[30,-91],[54,-28],[27,-5],[49,25],[107,-69],[-11,-21]],[[23365,31760],[-92,-91],[-123,19],[40,-83],[-63,-41],[-10,-40],[-57,-32],[-125,-3]],[[22935,31489],[-3,16],[-37,66],[-121,5],[-45,35],[-4,43],[-63,29],[-34,4],[-51,-7],[-27,24],[-48,75],[-44,19],[27,74],[-23,84],[-51,97],[-10,87],[-46,93],[-17,15],[3,75]],[[22341,32323],[18,6],[-7,95],[-24,32],[11,18],[-2,22],[0,0]],[[13808,37566],[82,-37],[73,7],[2,-3]],[[13965,37533],[1,-14],[82,-12],[71,-36],[56,15],[111,-48],[37,-39],[3,1]],[[14326,37400],[-10,-25],[-44,-93],[0,-160],[40,-65],[-31,-108]],[[14281,36949],[-20,-1],[-35,-75],[-25,-173],[-68,42],[-86,-17],[-32,70],[-44,-16],[-21,-5],[-14,7],[-13,8]],[[20436,34844],[31,5],[63,-19],[54,-54],[18,10],[2,-85],[93,-45],[40,-50],[77,-45],[20,-51],[-21,-128],[9,-69],[38,-29]],[[20860,34284],[-10,-10],[-50,-2],[31,-82],[-54,-53],[-58,-169],[-96,-23],[-38,-83],[-17,15],[-28,0],[-8,-17],[-6,-22]],[[20526,33838],[-41,18],[-2,53],[-48,53],[-8,69],[-10,148],[11,75],[-49,46]],[[20379,34300],[9,31],[-10,27],[-27,14],[-24,27],[-62,102],[-7,14],[-22,288],[0,37],[-25,35]],[[20211,34875],[-13,33],[17,28],[-34,78],[16,44],[16,38],[-40,117],[42,34],[-41,64],[-46,18],[-128,152],[-13,39],[44,68],[-92,100],[-40,76],[-51,35],[-11,58],[-40,32],[39,89],[-33,61],[28,41]],[[19831,36080],[54,-42],[202,-40],[37,-60],[-3,-59],[136,-153],[-4,-106],[82,14],[6,58],[111,-28],[57,-70],[-9,-59],[262,-149]],[[20762,35386],[-55,-83],[-148,9],[-53,-13],[4,-93],[53,-71],[12,-62],[95,-71],[-58,-40],[56,-86],[-57,-41],[-15,84],[-104,14],[-59,-69],[3,-20]],[[20987,35243],[-156,137]],[[20831,35380],[169,-140]],[[21000,35240],[-13,3]],[[24266,31335],[9,45],[15,-9],[-19,98],[41,141],[5,7],[-19,21],[7,10],[-110,25],[-32,50],[-78,0],[-107,89],[-20,5],[4,12]],[[23962,31829],[23,44],[13,10],[65,57],[-37,132],[-131,13],[-11,102],[50,40],[124,22],[20,45],[-37,49],[41,44]],[[24082,32387],[46,2],[89,-108],[92,7],[35,-26],[119,-31]],[[22439,34572],[-40,-49],[60,-65],[-141,-42],[-75,21],[-75,-2],[-44,-76],[-77,-22],[-25,-63],[54,-69],[-20,-66],[37,-39],[47,3],[8,-61],[-115,36],[-24,-75],[22,-3],[-16,11],[16,3],[19,-8],[2,-7]],[[22052,33999],[-86,-149],[-63,-35],[-77,83],[-188,129],[28,85],[77,-11],[17,12],[-16,41],[-15,2],[-16,13],[-9,7],[-124,97],[-58,15],[-48,102],[-49,21],[-18,-8],[-4,14]],[[21403,34417],[-31,72],[8,80],[-57,141],[10,24],[88,69],[10,53],[55,52],[23,109],[87,66],[12,60]],[[21608,35143],[166,-125],[97,-50],[54,-66],[72,-40],[143,11],[99,34],[154,18],[17,-81],[33,-46],[28,-90],[-28,-66],[-4,-70]],[[18365,30985],[19,23],[21,43],[6,18],[-20,16]],[[18391,31085],[28,82],[79,-24],[50,97],[-13,90],[95,110],[63,41],[-20,80],[25,26],[23,-2],[18,16],[-28,26],[-82,59],[-21,63],[60,63],[47,4],[32,40],[-4,48],[0,0]],[[18743,31904],[1,0],[23,11],[37,9],[104,-20],[153,-53],[-31,-53],[-84,-3],[-14,-45],[79,-49],[81,10],[-25,-95],[62,-31],[83,-10],[102,-35],[118,25],[61,53],[41,-86],[114,19],[22,-31],[-5,-80],[37,-20],[74,40],[22,-68],[-32,-62],[14,-18]],[[19780,31312],[7,-67],[-14,-11],[-53,-57],[-61,10],[-20,-45],[-66,-37],[-36,-76],[-51,-45],[-106,-48],[38,-74],[38,-19],[-7,-23],[-37,22],[-54,-48],[70,-22],[-62,-54],[-51,3],[-41,-59],[0,-54],[15,-41],[30,-55]],[[20319,33030],[-23,-48],[-64,-11],[-51,51],[-143,58],[-37,-20]],[[20001,33060],[27,44],[-25,41],[79,104],[-47,93],[-45,23],[-4,64],[-47,37],[-50,3],[13,55],[-31,64],[-60,49],[-20,78],[-47,25],[0,125],[60,-8],[20,32],[-36,39],[-17,26],[-136,51]],[[19635,34005],[9,21],[54,114],[54,-23],[111,3],[22,63],[40,14],[102,-47],[93,63],[16,57],[66,31],[36,-106],[26,1],[10,-32],[51,25],[23,92],[15,9],[-13,15],[29,-5]],[[20526,33838],[81,-15],[66,-49],[81,-28],[5,-70],[65,-9],[49,-6],[0,-13],[-22,-24],[27,-44],[32,-33],[76,-35],[41,-35],[40,-14]],[[21067,33463],[6,-48],[-79,-15],[49,-64],[-26,-69],[26,-35],[-2,-8],[-52,4],[-74,-28],[-31,-41],[11,-68],[-63,-41]],[[17593,36457],[8,-62],[51,17],[46,-34],[15,-90],[8,-9],[88,-26],[-4,-69],[-36,-19],[7,-60],[-38,-71],[-35,-116],[11,-72]],[[17714,35846],[-61,-85],[-7,-9],[-30,-96],[25,-45],[-10,-60],[-70,8],[-88,-53],[-48,-65]],[[17425,35441],[-3,69],[9,41],[-4,36],[-121,100],[-51,13],[-65,-21],[-16,-17],[-32,40],[-66,-21],[-96,41],[-33,-27],[-90,27],[-7,65],[-46,32],[10,53],[-49,86],[10,39],[-48,38],[-70,14]],[[16657,36049],[0,77],[59,12],[62,74],[95,12],[66,111],[60,26],[25,42],[-2,66],[61,50],[43,86],[129,64],[-5,61],[21,84],[17,8],[-27,14],[-15,22],[11,7],[23,-3],[0,6],[4,4]],[[17284,36872],[16,-38],[8,-11],[148,13],[56,45],[7,-68],[110,30],[18,-15]],[[17647,36828],[13,-14],[6,-122],[27,-46],[-84,-93],[-30,-88],[14,-8]],[[22015,33167],[-89,-20],[-49,21],[-86,85],[-77,60],[-55,5],[-25,99]],[[21634,33417],[20,18],[19,127],[-10,67],[53,15],[66,54],[60,-74],[60,25],[73,-23],[63,-46],[24,26],[27,52],[67,22],[42,61],[23,-3],[14,2],[2,4]],[[22237,33744],[16,-9],[75,15],[25,6],[14,14],[34,-5],[2,-34],[100,-28],[64,-76],[116,93],[3,-84],[36,-30]],[[22722,33606],[-79,41],[-22,-34],[13,-77],[-69,-37],[0,-26],[93,-39],[-8,-56],[67,-2],[80,-121],[-98,-106],[-28,-57],[22,-61],[-12,-59]],[[22025,33158],[-10,9]],[[15277,37212],[15,23],[3,23],[-13,49],[41,42],[-14,66],[15,80]],[[15324,37495],[-42,117],[-64,59],[-5,72],[-111,152],[4,74],[6,4]],[[15112,37973],[69,10],[18,69],[53,10],[19,42],[116,92],[42,51],[59,-10],[110,89],[45,64]],[[15643,38390],[30,-16],[210,-75],[33,-136],[33,-60],[71,-72],[98,-55],[83,-65],[70,-6],[89,-48],[107,-28],[14,1],[32,-6]],[[16513,37824],[1,-55],[-100,-78],[6,-7]],[[16420,37684],[-10,-7],[-22,28],[-9,-4],[-38,-66],[-42,11],[-46,-61],[59,-39],[-11,-5]],[[16301,37541],[-100,-33],[-17,-13],[-5,-88],[-47,-26],[2,-10],[12,-1],[0,-8]],[[16024,35544],[18,24],[-2,166],[51,52],[22,114],[92,135],[74,0],[97,114],[82,60],[76,-3]],[[16534,36206],[26,-50],[62,-48],[35,-59]],[[17425,35441],[-39,-98],[-18,-109],[38,-79],[-122,-37],[-21,-15],[-55,-46],[-29,-93],[28,-120],[-5,-17],[-4,1]],[[17198,34828],[-24,9],[-38,31],[-25,11],[0,-13],[-24,1],[-77,34],[-14,12],[-15,6],[1,1]],[[16982,34920],[1,4],[-1,24],[5,17],[-2,8],[-66,67],[-34,83],[-37,30],[-37,-27],[-81,9],[-92,61],[-34,-37],[-68,0],[-2,16],[-47,94],[-27,-11],[-83,70],[-87,-5],[-52,19],[-73,66],[-14,58],[-78,6]],[[14750,35659],[-16,44],[-42,58],[-78,80],[-15,168],[-107,102],[41,25],[3,8],[-10,40],[111,70],[-2,72]],[[14635,36326],[56,-9],[18,15],[17,3],[14,11],[68,86],[88,59],[69,9],[72,76],[17,16],[75,-23],[27,-45],[156,-80],[125,-12]],[[15564,36079],[7,-6],[-18,-46],[43,-106],[38,-54],[59,-23],[56,-109],[116,-121]],[[23442,30039],[-6,-9],[-44,-6],[-50,-7],[-64,-67],[-93,4],[-64,-28],[-84,73],[-47,16],[-18,51],[15,21],[10,8]],[[22997,30095],[10,-1],[-28,36],[-43,153],[14,80],[-17,100],[8,51],[75,-18],[26,94],[49,38],[24,66],[-13,15],[-73,5],[-134,88]],[[22895,30802],[12,13],[-13,117],[77,21],[85,-20],[65,102],[11,43],[-34,37],[-52,21],[7,49],[56,68]],[[23109,31253],[32,36],[32,-9],[104,-38],[28,-48],[52,-19],[62,40],[51,-1],[180,-182],[20,-108]],[[19780,31312],[20,-19],[178,-46],[63,-29],[8,-46],[-6,-13]],[[20043,31159],[-13,-15],[-50,-30],[0,-47],[19,-23],[132,-48],[24,-49],[93,37],[115,-34],[-16,-92],[109,-22],[111,31],[28,21]],[[24082,32387],[-32,65],[-75,55],[-127,-61],[-38,-5]],[[23810,32441],[14,86],[44,43],[-75,36],[-89,118],[-64,13],[-69,102],[14,24],[5,17],[96,39],[73,8],[30,143],[-2,26],[18,69]],[[23805,33165],[262,94],[16,55],[97,1],[50,-94],[83,-33],[9,-74],[68,-84],[32,-12],[26,-32],[14,-4],[1,0]],[[15617,34303],[-6,-8],[0,-12],[-14,-20],[-35,-5],[-15,45],[28,75],[-110,39],[-43,-5]],[[15422,34412],[-27,50],[99,159],[44,-4],[93,95],[82,-27],[130,87],[60,75],[7,127]],[[15910,34974],[24,49],[108,0],[15,-41],[119,-7],[16,-91],[85,-90],[40,2],[45,-42],[129,-35],[58,-47],[61,15],[33,68],[-1,57],[48,7],[15,-59],[95,-61],[39,-46],[82,28],[27,22],[2,8]],[[16950,34711],[1,1],[21,-2],[35,-76],[69,-25],[-35,-79],[1,-94],[31,-117],[-21,-15],[-6,-12]],[[17046,34292],[0,0],[-1,-3],[-52,0],[-76,86],[-32,-6],[-57,92],[-71,-25],[-98,26],[-63,-22],[-82,77],[-28,4],[-23,-53],[-51,-45],[-5,-81],[-83,-23],[-95,-5]],[[16229,34314],[-6,53],[-47,14],[-17,18],[-47,41],[25,118],[-58,20],[-26,12],[-29,-54],[-29,-6],[-38,-53],[-55,-2],[-66,-33],[29,-64],[-73,-36],[-58,17],[-23,-55],[-94,-1]],[[16272,33598],[34,47],[57,27]],[[16363,33672],[34,-10],[195,31],[68,-68],[84,88],[49,-7],[22,9],[25,26],[76,-6],[2,15],[46,-51],[120,26],[80,-50]],[[17164,33675],[25,-49],[11,5]],[[21629,32750],[-51,0],[-122,106],[-40,-1],[-145,43],[-23,25],[-97,-7]],[[21067,33463],[52,-10],[22,-28],[22,-38],[95,-18],[90,47],[78,4],[80,38],[67,2],[61,-43]],[[17198,34828],[5,-10],[65,-2],[49,-29],[27,20],[51,-27],[4,-45],[170,-9],[12,39],[85,44],[16,-243],[71,-32],[10,-5]],[[17763,34529],[26,-10],[-12,-91],[-54,-74],[49,-68],[16,-84],[-56,-42],[49,-56],[-3,-3],[1,0]],[[17779,34101],[-2,-4],[-32,7],[-11,-6],[-25,-72],[-74,21],[-109,-42],[-62,85],[-114,1],[-32,26],[-50,-50]],[[17268,34067],[-30,19],[-56,14],[2,23],[-6,8],[-30,14],[-1,11],[12,14],[-6,49],[-89,61],[-12,9],[-6,3]],[[16950,34711],[-9,0],[-10,6],[12,27],[-78,50],[2,118],[92,17],[23,-9]],[[18743,31904],[-5,-4],[-50,-15],[-20,10],[-57,63],[-39,-13],[-4,-1]],[[18568,31944],[-14,59],[-16,23],[48,31],[23,97],[60,20],[34,88],[100,52],[65,15],[29,44],[137,29],[43,49]],[[19077,32451],[5,-4],[50,0],[19,-121],[53,-6],[14,-6],[28,-39]],[[19246,32275],[49,-58],[82,-23],[101,-71],[175,59],[122,-4],[45,-48],[30,-57],[78,-46],[-3,-30],[155,-48],[12,-94],[22,-21],[89,-23],[62,-56]],[[20265,31755],[-33,-47],[-176,-104],[16,-129],[22,-78],[58,-85],[-14,-34],[-1,-16],[26,-25],[-16,-19],[-37,-22],[-12,-7],[-55,-30]],[[15060,34181],[20,12],[7,11]],[[15087,34204],[3,4],[14,39],[79,71],[46,-19],[15,95],[84,-45],[94,63]],[[16229,34314],[-1,-136],[61,-70],[-14,-25],[87,-138],[-60,-95],[6,-67],[48,-76],[10,22],[-3,-57]],[[14093,36539],[90,1],[15,-86],[107,-5],[72,36],[11,-3],[32,-21]],[[14420,36461],[84,-37],[47,-53],[32,27],[13,-8],[39,-64]],[[14281,36949],[3,-34],[114,-29],[85,5],[10,-27],[148,0],[37,-145],[-39,-38],[-3,-3]],[[14636,36678],[-18,-22],[-159,-83],[-39,-112]],[[23109,31253],[-32,-12],[-11,5],[-52,25],[-45,-49],[-38,62],[12,37]],[[22943,31321],[16,31],[-24,137]],[[23365,31760],[51,-27],[11,23],[24,41],[164,45],[69,0],[54,26],[137,-7],[87,-32]],[[20860,34284],[21,9],[153,-89],[20,76],[81,-5],[33,1],[-21,74],[35,90],[62,31],[77,-37],[82,-17]],[[22052,33999],[3,-6],[36,-58],[43,-16],[15,-86],[60,-74],[29,-14],[-1,-1]],[[22940,32750],[39,29],[1,97],[155,55],[-66,43],[-27,88],[-13,107],[-67,69],[74,46],[-32,64],[3,76],[33,96],[125,24],[4,38],[5,7],[-20,24],[26,25],[-16,13],[-27,-12],[42,76],[-8,12]],[[23171,33727],[73,-32],[65,-120],[75,98],[109,-5],[73,-33],[28,-67],[80,-16]],[[23674,33552],[-29,-59],[49,-30],[93,-138],[-1,-83],[19,-77]],[[23810,32441],[-25,37],[-61,6],[-107,49],[-2,-2]],[[18391,31085],[-140,41],[10,78],[-57,17],[11,176],[-42,61],[-35,18],[-7,0],[-13,-26],[21,-23],[-134,-61],[-21,-50],[-56,-45],[-18,-36],[-108,48],[-39,68],[-83,-41],[-28,-97],[-59,20],[-23,-14],[-41,-13],[3,19],[-38,2],[-24,1],[-11,2],[-139,18],[-58,29]],[[17262,31277],[33,39],[-13,30],[6,12],[23,11],[-5,10],[-44,-10],[-43,115],[38,69],[-19,46],[40,42],[-39,34],[-16,22],[38,1],[14,36]],[[17275,31734],[72,-14],[23,60],[65,57],[81,-59],[26,74],[-74,23],[17,24],[63,-17],[60,43],[-12,19],[7,11],[46,-7],[39,-35],[133,5],[17,-45],[40,-26],[26,0],[8,75],[17,6],[65,-18],[4,56],[-34,29],[48,23],[-21,-23],[47,20],[46,-2],[18,19],[35,79],[-16,5],[-1,53],[-38,56]],[[18082,32225],[5,1],[22,55],[34,60],[8,-9]],[[18151,32332],[8,-36],[-22,-85],[1,-7],[18,-13],[194,12],[28,-39],[-44,-93],[170,-84],[30,-52],[34,9]],[[14636,36678],[0,-1],[12,-32],[2,-1],[7,-6],[45,-4],[55,33],[30,18],[-6,15],[13,16],[95,26],[22,101],[44,7],[47,-19],[2,-13],[5,-5],[57,-1],[101,33],[84,-20],[6,7],[10,2],[25,0]],[[17764,34530],[7,9],[17,12],[-7,85],[-49,193],[47,27],[17,83],[44,-11],[66,-87],[81,-17],[31,83],[56,5],[67,42],[150,22],[22,10],[-16,38]],[[18297,35024],[45,24],[81,-51],[88,36],[76,-32],[95,-130]],[[18682,34871],[-9,-162],[74,-162],[56,-14],[119,-197],[-16,10],[-4,-11],[17,-28],[26,7],[38,-68],[5,-58],[-18,-21],[95,22],[9,38],[92,-58],[49,-50],[64,-14],[45,27],[11,-7],[36,-31],[17,-20],[30,9],[41,-67],[18,-107]],[[19477,33909],[-131,0],[-27,-24],[-20,-12],[-39,-28],[-61,26],[-48,-67],[-40,0],[-18,-9],[15,-6],[-42,-31]],[[19066,33758],[-151,-56],[-54,-59],[-18,-91],[-49,72],[-69,30],[-46,117],[-25,6],[-64,8],[-22,-61],[-12,-33],[-80,-22],[10,64],[-86,-24],[-17,9],[-26,-12],[-76,-100]],[[18281,33606],[-47,55]],[[18234,33661],[-9,41],[-62,97],[1,49],[-82,55],[-26,82],[-72,7],[1,37],[-84,-8],[-40,36],[-70,42],[-12,2]],[[17763,34529],[1,1]],[[15849,35087],[-2,-15],[14,-16],[-11,-51],[49,-30],[11,-1]],[[15087,34204],[-29,24]],[[15055,34230],[-47,40],[-8,88],[4,164],[-35,77],[-39,20],[46,61],[-14,30]],[[17438,32680],[2,-8],[32,-27],[36,-112],[52,-32],[106,-23],[-2,-53],[123,-44],[55,-2],[-31,-65],[63,-60],[39,-10],[87,20],[71,-42],[11,3]],[[17275,31734],[-120,-45],[-44,38],[-74,25],[-46,-29],[-62,27],[-81,26],[-35,67],[-53,-9],[-45,52],[36,32],[-61,56],[-82,-6],[-24,17],[-22,6],[0,0]],[[21529,31536],[43,36],[20,65],[-28,142],[22,4],[70,6],[41,14],[48,87],[78,39],[57,-11],[19,4],[-11,16],[-64,59],[19,12],[14,27],[84,-2],[11,17],[-5,12],[6,9],[2,13],[0,1]],[[21955,32086],[20,-6],[61,-8],[26,-43],[14,17],[-8,91],[-60,8],[-34,147],[141,22],[47,-8],[53,91],[88,-50],[21,-7],[17,-17]],[[22943,31321],[-48,-14],[-18,47],[-72,-28],[-27,-45],[-55,72],[-202,-30],[-29,-38],[-70,27],[-37,-105],[5,-38],[-17,-21],[26,-14],[-37,-11],[-11,-3],[-52,-52]],[[22299,31068],[-85,38],[-30,39],[-15,-50],[-44,79],[1,-15],[-133,63],[-18,43],[-81,-6],[-34,7],[9,-14],[-15,-1],[-26,33],[-15,10],[-15,3]],[[17262,31277],[-41,-61],[11,-34],[-57,-62],[-13,-48],[-67,-93],[0,-31],[5,-4]],[[15998,30775],[-17,-15],[-37,-48],[-71,-60],[-56,-37],[-3,-1]],[[17164,33675],[85,43],[30,104],[50,30],[-5,49],[-54,3],[-3,141],[1,22]],[[18234,33661],[-54,-42],[-13,21],[-38,-37],[-37,-107],[-54,-40],[8,-19]],[[18046,33437],[-14,-12],[-46,27],[-20,-87],[-113,5],[-22,9]],[[18046,33437],[81,-52],[7,-55],[41,-41],[63,-202],[158,-57],[17,-44],[61,-33],[-2,-39],[-66,-48],[27,-214],[27,-72],[-78,-68],[-31,28],[-122,-27],[-11,-11],[-8,-106],[-59,-64]],[[18281,33606],[25,-1],[35,-41],[66,-252],[83,-94],[72,1],[40,-30],[69,-106],[-11,-97],[79,-103],[89,-49],[26,-54],[171,-111],[33,-115],[13,-54],[-4,-37],[10,-12]],[[20265,31755],[102,-113],[-52,-50],[7,-25],[71,-30],[78,-78],[94,-22],[59,-86],[70,42]],[[23674,33552],[20,56],[55,-15],[42,68],[89,-15],[74,12],[45,67],[-1,91],[32,95],[42,20],[10,82],[49,136],[-2,64],[54,19],[47,-36]],[[20211,34875],[-64,-13],[4,64],[-76,5],[-45,29],[45,58],[-109,67],[-54,-30],[-26,44],[-154,16],[26,92],[-43,41],[-30,-6],[-35,-78],[-143,-53],[-29,-53],[-58,44],[-101,-19],[-134,50],[-50,-143],[-61,-2],[-72,99],[-46,-59],[-148,-94],[-84,-28],[-42,-35]],[[18297,35024],[-10,33],[-32,77],[-5,145],[57,-3],[83,125],[55,9],[119,87],[15,-1],[17,28],[4,23],[-17,20],[4,91],[78,2],[8,178],[94,122],[2,28],[-33,97],[-73,78]],[[18663,36163],[36,46],[53,-33],[92,32],[23,36],[-90,137],[-108,94],[47,71]],[[18716,36546],[6,-39],[56,-52],[81,7],[71,-31],[17,-50],[77,-23],[-28,148],[56,42],[111,-86],[61,-9],[98,-110],[82,-4],[26,-60],[109,-54],[82,1],[-5,-53],[172,-83],[43,-10]],[[20001,33060],[-60,-55],[-14,-6],[-35,-3],[-7,-27],[-61,-60],[-29,21],[-50,34]],[[19745,32964],[-167,105],[-14,56],[-62,53],[-74,-28],[-58,67],[-43,-51],[-47,55],[-3,123],[63,22],[-88,142],[-83,47],[-42,158],[-61,45]],[[19477,33909],[103,44],[40,46],[15,6]],[[23171,33727],[-12,11],[-10,28],[-68,-20],[-15,9],[-8,-12],[-6,2],[10,60],[-15,6],[-12,4]],[[23035,33815],[17,2],[11,7],[0,5],[-19,15],[-22,82],[50,52],[18,1],[13,79],[-15,42],[10,14],[37,-1],[24,62],[122,124]],[[23281,34299],[111,-2],[82,109],[-34,62],[8,62],[348,-17],[334,-166],[39,-31]],[[14326,37400],[7,4],[26,-16],[93,70],[37,48],[87,-63],[152,-13],[83,-56],[75,28],[25,41],[89,-23],[170,89],[154,-14]],[[21666,30761],[1,39],[29,50],[14,8],[33,2],[9,-4],[35,-59],[4,-24],[54,-13],[9,27],[55,49],[101,-61],[14,40],[125,-13],[88,10],[23,-43],[18,50],[48,-2]],[[22326,30817],[59,24],[73,-32],[32,46],[4,-10],[-2,-28],[18,-29],[40,44],[7,-8],[-14,-30],[-31,-41],[99,-69],[23,51],[73,23],[128,-18],[46,66],[14,-4]],[[22997,30095],[2,1],[-20,1],[-58,-30],[-66,39],[-3,130],[-19,6],[-70,-111],[-178,9],[-22,20],[-112,-56],[-42,-4],[-103,-57],[-49,6],[-68,71],[-55,-38],[13,-111],[-9,-78],[-36,-30]],[[16301,37541],[45,-36],[40,-21],[57,16],[75,-99],[9,-66],[86,-2]],[[16613,37333],[6,-16],[-15,-12],[4,-29],[-49,-101],[19,-47],[-89,-98],[16,-42],[-22,-85],[35,-57],[56,-23],[45,-144],[-46,-84],[-103,-37],[-42,62],[-8,-6],[-12,-107],[102,-94],[50,-68],[1,-88],[-5,2],[-1,0]],[[16555,36259],[-24,5],[-223,-91],[-75,40],[-69,-1],[-21,106],[25,60],[-6,59],[-74,85],[26,38],[13,129],[-57,46],[-16,8]],[[13965,37533],[63,14],[39,-24],[30,78],[36,-14],[86,74],[33,119],[-6,72],[55,73],[12,81],[36,63],[-25,49],[0,8]],[[14324,38126],[1,-1],[18,-11],[11,-2],[28,-7],[42,12],[110,-23],[39,-41],[5,-36],[67,79],[73,-18],[79,56],[42,50]],[[14839,38184],[16,-6],[81,55],[72,20],[35,-34],[4,-11],[48,-75],[0,-47],[-45,-39],[45,-44],[3,-16],[14,-14]],[[17647,36828],[54,-17],[71,54],[97,18],[77,-78],[24,-60],[111,-73],[27,-64],[36,-15],[23,-3],[31,2],[63,68],[9,9],[-14,61],[72,50]],[[18328,36780],[73,-2],[82,-78],[69,-44],[54,4],[8,-48],[102,-66]],[[18663,36163],[-84,2],[-10,-8],[18,-70],[-27,-41],[-96,-52],[-42,58],[-57,-6],[-54,-85],[-90,50],[-10,-30],[-78,-22],[-23,-34],[36,-239],[-11,-81],[-79,36],[-147,164],[16,-65],[-62,-67],[-101,82],[-48,91]],[[20265,31755],[6,49],[-15,11],[59,32],[10,9],[106,79],[-2,10]],[[21371,32170],[81,26],[124,-56],[26,-44],[68,70],[112,-28],[57,-55],[32,40],[58,-31],[26,-6]],[[19246,32275],[37,-7],[-9,32],[20,37],[114,81],[47,1],[54,57],[10,10],[53,73],[-25,40],[-21,19],[-18,73],[85,-35],[57,11],[21,-82],[72,11],[2,53],[59,49],[-11,61],[-48,49],[0,156]],[[16534,36206],[2,12],[17,30],[-2,7],[4,4]],[[16613,37333],[0,7],[2,1],[26,-20],[59,-61],[19,12],[67,45],[107,-54],[-12,-63],[48,-51],[5,-59],[54,22],[116,-107],[40,-18],[73,-3],[76,-33],[-1,-55],[-8,-24]],[[14457,39404],[6,0],[30,5],[73,5],[61,-42],[58,-78],[62,-24],[149,-76],[27,-14],[13,6],[80,-42],[9,-3]],[[15025,39141],[-3,-11],[-18,-26],[-34,-64],[-47,-52],[-15,-36],[-47,-48],[-18,-25],[-8,1],[-34,16],[-85,-193],[3,-118],[-46,-39],[-2,-30],[43,-31],[19,-73],[35,-40],[-11,-116],[39,-12],[22,-18],[-7,-26],[28,-16]],[[14324,38126],[3,16],[-58,48],[-31,-36],[-141,-7],[-64,42],[-66,4],[-53,38],[-31,-27],[-31,5],[-33,13],[-9,-6],[-11,5],[-6,7]],[[22722,33606],[107,-17],[53,78],[15,57],[45,37],[65,11],[28,43]],[[22299,31068],[85,-34],[-42,-43],[28,-43],[-1,-25],[-15,-30],[-23,-21],[-5,-55]],[[20762,35386],[69,-6]],[[21000,35240],[32,-5],[122,-82],[102,126],[159,-11],[80,-96],[113,-29]],[[22439,34572],[103,-14],[197,8],[38,-56],[124,-31],[201,14],[166,-123],[13,-71]],[[17471,38510],[63,-33],[79,-1],[39,-43],[67,17],[47,-32],[-50,-61],[66,-69],[26,-65],[92,-4],[33,30],[65,-35],[38,28]],[[18036,38242],[8,-6],[68,-21],[17,-10],[82,-218],[94,-41],[3,-7]],[[18308,37939],[1,-5],[-101,-49],[-201,-23],[-38,-65]],[[17969,37797],[-36,-12],[-65,37],[-66,-31],[-82,71],[-10,72],[-32,39],[-75,24],[-58,-23],[-73,8],[-44,-77],[-82,35],[-107,112],[-59,36],[-50,-17],[-131,-129],[-161,41],[-60,53],[-67,13]],[[16711,38049],[38,3],[39,116],[28,4],[26,81],[-11,98],[23,23],[-41,108],[-51,26],[57,48],[20,8],[92,23],[76,65],[-2,50]],[[17005,38702],[152,-81],[21,70],[25,-35],[29,-38],[85,16],[53,59],[8,17]],[[17378,38710],[56,-69],[-17,-87],[20,-28],[34,-16]],[[17378,38710],[8,31],[19,38],[87,-48],[104,40],[116,-21],[103,-2],[58,14],[36,14],[23,55],[-64,37],[-36,98],[27,70],[59,74],[-32,100],[63,8],[50,-32],[94,46],[64,-3],[28,34]],[[18185,39263],[55,-3],[62,-56],[29,-84],[48,-7],[-20,-133],[-32,-52],[1,-88],[-22,-61],[40,-96],[72,-43],[20,-69],[-138,5],[-78,-22],[-26,-91],[61,-70],[-91,-55],[-72,13],[-41,52],[-79,-50],[58,-103],[4,-8]],[[17005,38702],[-18,83],[-37,15],[-6,19],[-10,80],[-71,43],[9,73],[-69,59],[-94,54],[19,45],[66,64],[-74,20],[-13,-4]],[[16707,39253],[-8,30],[109,48],[5,44],[93,3],[5,106],[87,81],[50,120],[62,-8],[58,52],[32,90],[-74,48],[-42,83]],[[17084,39950],[15,42],[-93,93],[49,103],[35,109],[-22,41],[91,18],[-25,78],[73,28],[72,67]],[[17279,40529],[32,-71],[130,7],[62,-84],[-10,-28],[83,-51],[106,70],[61,-7],[81,41],[100,-48],[69,3],[35,-88],[57,-57],[66,-10],[93,-66],[40,-4],[66,-87]],[[18350,40049],[-19,-39],[23,-67],[-103,17],[-87,-46],[56,-73],[39,-100],[-70,-105],[62,-163],[2,-62],[-60,-89],[-12,-53],[4,-6]],[[18308,37939],[48,1],[73,-82],[169,-64]],[[18598,37794],[1,-52],[45,-25],[6,-74],[60,-73],[-21,-31],[-17,-146],[-51,15],[19,-103],[-61,-44],[-76,31],[-40,-40]],[[18463,37252],[-37,33],[-78,-18],[-45,-71],[-103,20],[-46,-56]],[[18154,37160],[-16,63],[29,38],[-87,30],[-69,46],[71,84],[-36,68],[-65,40],[-49,-11],[-19,14],[8,110],[57,-46],[20,52],[-54,100],[25,49]],[[14808,40273],[45,19],[54,20],[9,-2],[7,6],[26,11],[32,13],[42,15],[86,-28],[34,-70],[-64,-24],[13,-56],[15,-61],[106,-116],[34,-65],[-27,-77],[-85,-96],[-1,-3]],[[15134,39759],[-2,-22],[-49,-96],[8,-50],[-73,-9],[72,-68],[90,28],[88,-3],[98,-48],[98,-24],[5,-41],[-107,-46],[-32,-32],[12,-69],[58,-35],[44,13],[103,-27],[25,-86],[-80,-66],[13,-102],[45,-30],[20,-7],[22,-12]],[[15592,38927],[-2,-7],[-9,-8],[-19,-39],[-17,-28],[-52,-66],[-28,-12],[8,-40],[-63,-81]],[[15410,38646],[-6,55],[-6,9],[-27,-56],[-53,85],[-60,28],[-37,49],[1,47],[-55,59],[-45,103],[-87,122],[-10,-6]],[[15643,38390],[-14,11],[-14,39],[-13,60],[-51,39],[-16,62],[-125,45]],[[15592,38927],[6,16],[42,19],[44,-24],[64,27],[65,-112],[120,11],[53,-21],[39,41],[2,88],[82,116],[66,54],[47,-1],[51,-42],[202,78],[48,-3],[92,35],[9,11]],[[16624,39220],[57,22],[26,11]],[[16711,38049],[-43,-3],[-14,-58],[-51,-16],[-43,-113],[-41,-24],[-6,-11]],[[18154,37160],[-106,-70],[-106,-21],[-106,47],[-79,-9],[-95,74],[-38,-26],[-322,-2],[-266,226],[5,44],[47,46],[-203,49],[-37,52],[-182,68],[-68,52],[-58,-31],[-120,25]],[[18350,40049],[26,-20],[99,46],[35,-73],[50,3],[23,-41],[-27,-73],[-61,-45],[44,-42],[3,-104],[40,-27],[63,14],[140,-79],[49,7],[36,-43],[102,-27],[57,-58],[89,54],[236,-148],[60,-92],[54,-38],[163,-54],[119,-29],[-25,-54],[-75,-3],[-100,-112],[25,-61],[-52,-50],[-60,-20],[-105,-151],[-29,1],[-67,-70],[-112,1],[-37,-44],[-48,-137],[-63,-45],[-23,-46],[-132,-2],[-59,-121],[34,-95],[40,-23],[-14,-93],[-104,-142],[-63,-32],[3,-56],[-86,-31]],[[16624,39220],[4,29],[-19,31],[13,74],[88,131],[-33,19],[-11,128],[-45,74],[-42,13],[-61,74],[2,98],[25,47],[120,50],[17,8],[20,87]],[[16702,40083],[53,-11],[104,-80],[41,7],[184,-49]],[[15135,39759],[19,-4],[30,-21],[61,54],[104,5],[19,-70],[63,-22],[55,45],[59,9],[92,-93],[27,-49],[69,-54],[17,-38],[49,101],[9,55],[-2,86],[57,13],[17,-151],[74,2],[2,63],[73,95],[9,105],[94,1],[96,67],[44,-33],[84,16],[72,56],[-1,163],[38,41],[65,2],[39,-37],[82,10],[24,-23],[27,-70]],[[15134,39759],[1,0]],[[18463,37252],[-46,-87],[-2,-92],[-48,-51],[-58,-98],[19,-144]],[[16530,40828],[36,131],[78,32],[82,118],[35,74],[112,-56],[142,-199],[43,-42],[-23,-67],[44,-14],[40,-83],[-6,-43],[62,-67],[84,-16],[20,-67]],[[33387,32752],[1,2],[-8,74],[-103,10],[-103,-72],[-31,23],[-83,-30],[-62,20],[-39,-28],[-22,79],[-135,51],[-31,-33],[-69,-9],[-51,51],[-79,-20],[-191,28],[-96,38]],[[32285,32936],[-33,73],[9,45],[-30,2],[-50,27],[-9,58],[45,136],[4,78],[26,33],[9,92]],[[32256,33480],[53,-69],[91,5],[126,30],[160,56],[17,-34],[75,-2],[55,-64],[133,18],[8,-22],[132,-40],[-16,-48],[160,-28],[40,-46],[65,14],[76,-18],[15,-28]],[[29939,27492],[83,-33],[-9,-67],[66,-116],[86,-35],[23,-46],[-31,-82],[-33,-5],[-1,-15],[-12,-14],[0,0]],[[30111,27079],[-7,7],[-7,19],[-20,-13],[10,-37],[-67,-51],[-38,-116],[-34,-6],[-115,63],[-14,0]],[[29819,26945],[-7,1],[-63,-30],[-83,19],[-102,47],[-60,-15],[-53,-54],[-186,-53],[-57,-60],[-97,10],[-19,-43],[52,-143],[-77,-31],[-27,-86],[-107,3],[9,-53],[-46,-19],[-124,97],[-112,70],[-74,32],[-103,70],[-73,19]],[[28410,26726],[12,45],[57,20],[73,57],[-19,96],[29,45],[34,115],[-8,42],[26,73],[-44,45],[90,183],[-3,99],[17,86],[90,67],[11,101],[40,91],[19,215],[19,23]],[[28853,28129],[8,-10],[100,-10],[74,11],[166,-98],[138,-34],[63,-66],[199,-132],[97,-52],[84,-96],[92,-64],[65,-86]],[[29147,28408],[10,-5],[36,-55],[56,-39],[116,-13],[53,16],[44,-45],[104,-11],[86,-53],[-5,-45],[49,-71],[93,-24],[19,29],[105,-39],[128,39],[77,0],[26,-52],[7,-1],[154,-34],[36,-31],[19,13],[17,-4],[7,12],[27,-33],[74,140],[-63,60],[-6,87],[33,24],[45,121],[6,7]],[[30500,28401],[4,5],[18,58],[69,-27],[18,-103],[39,-71],[50,51],[22,2],[56,-37],[76,56],[5,2],[0,0]],[[30857,28337],[-3,-25],[7,-12],[-5,-14],[12,-13],[40,-9],[5,-24],[-101,7],[-46,-98],[28,-41],[95,-37],[58,21],[15,-3],[48,-94],[101,-28],[46,-77],[-40,-32],[-34,-90],[25,-47],[-41,-49],[-4,-90],[53,-97],[65,-70],[20,0]],[[31201,27415],[-37,-25],[-46,-88],[-1,-40],[-20,-5],[-13,26],[-21,-6],[-88,2],[-60,39],[-69,14],[-30,-20],[-31,-122],[-90,-55],[-60,4],[-20,-61],[19,-37],[-61,-42],[-31,-7],[-94,-22],[-115,-6],[-24,-8],[-20,26],[-61,-29],[-21,54],[-11,-15],[-42,13],[-29,62],[-14,12]],[[28853,28129],[-16,22],[-45,11],[-59,42],[-32,18]],[[30385,29670],[90,-79],[42,-98],[1,-71],[-24,-126],[81,-43],[13,-118],[-43,-1],[-14,-81],[-67,1],[-66,-81],[15,-79],[-53,-137],[-10,-166],[-22,-51],[62,-84],[49,7],[61,-62]],[[31226,30726],[39,90],[-34,46],[12,53],[-19,8],[-14,1],[-15,-6],[-49,-41],[-112,16],[-56,29],[-54,-39],[-34,27],[-43,-54],[-14,24]],[[30833,30880],[106,111],[41,91],[11,68],[58,103],[109,95],[86,45]],[[31244,31393],[18,-2],[68,-19],[1,-55],[73,-55],[116,-35],[62,-39],[57,4],[11,40],[80,40],[75,-19],[34,-37],[24,-214],[40,-37],[54,-3],[14,-42],[144,-16],[-24,-55],[-63,-38],[-4,-110],[-39,-16],[-92,48],[-53,8],[-26,-52],[-109,21],[-43,34],[-65,-15],[-81,12],[-63,-48],[-30,24],[-127,37],[-70,-28]],[[30726,32957],[-5,1],[0,6],[61,143],[32,34],[7,88],[32,121],[-32,110],[7,53],[-55,49],[15,36],[-39,50],[-9,64],[-59,78],[-60,2],[-40,101],[-7,76],[11,127]],[[31689,33960],[110,3],[58,-45],[44,-5],[14,-73],[-14,-169]],[[31901,33671],[-90,44],[-85,-44],[7,-66],[-152,3],[-90,-78],[-52,15],[-199,-89],[-29,-184],[-37,-85],[13,-59]],[[31187,33128],[-48,-73],[-7,-54],[-53,-108],[-42,0]],[[31037,32893],[-70,-19],[-43,-61]],[[30823,26201],[-85,-34],[35,-93],[-67,-55],[0,-115]],[[30706,25904],[-31,-83],[-40,-54],[-91,35],[-47,65],[-17,199],[-51,30]],[[30429,26096],[-61,37],[28,59],[-27,37],[8,14]],[[30377,26243],[7,7],[-69,79],[14,61]],[[30329,26390],[16,19],[35,1],[7,-2],[17,15],[41,26],[-4,93],[21,19],[15,105],[63,25],[13,-46],[-4,-79],[26,-33],[82,3],[85,22],[117,-51],[68,14],[52,-20],[106,1],[17,-24]],[[31102,26478],[12,-29],[0,0]],[[31114,26449],[7,-15],[-55,-114],[-70,-7],[-19,6]],[[30977,26319],[-1,0],[-2,1],[-39,8],[-4,-55],[-76,-36],[-32,-36]],[[31201,27415],[62,26],[25,-30],[-36,-103],[77,-40],[-14,-75],[-115,-105],[-8,-25],[-6,-60],[2,-33]],[[31188,26970],[4,-22],[-5,-80],[-46,-36],[-4,-56],[-67,-89],[45,-47],[6,-107],[-19,-55]],[[30329,26390],[-60,32],[-77,127],[-62,160],[-145,48],[-21,56],[-41,-13],[-127,101],[26,29],[-3,15]],[[32285,32936],[-77,26],[-69,-36],[-65,29],[-63,-60],[5,-35],[-149,-158],[-77,-15],[-39,36],[-58,-66]],[[31693,32657],[-50,-35],[-38,98],[-44,61],[-138,45],[-118,140],[-81,16],[-37,146]],[[31901,33671],[80,50],[45,-42],[-11,-57],[56,-29],[77,10],[101,-52],[7,-71]],[[33220,32347],[-23,-22],[-56,83],[-20,-49],[-71,4],[-19,-87],[47,-15],[-8,-100],[-68,-40],[-5,-109],[-61,2],[-30,65],[-66,-20],[-73,24],[-105,-5],[-90,65],[-78,29],[-4,62],[-49,42],[-100,20],[-30,81],[21,36],[-37,91],[-32,20],[-10,139],[-26,63],[-201,61],[-57,-92],[90,-44],[58,-83],[88,-47],[-32,-55],[-144,2],[-41,70],[-77,5],[0,-84],[-59,-7],[-38,37],[-1,71],[-30,22],[-187,-63],[-7,41],[97,44],[7,53]],[[31114,26449],[32,-3],[15,-5],[2,-57],[24,-56]],[[31187,26328],[-2,-5],[-11,1],[0,-9],[-53,-90],[-118,32],[-10,48],[-10,1],[-5,4],[-1,9]],[[30666,31199],[1,0],[1,-10],[80,-186],[-22,-67],[92,-50],[15,-6]],[[31226,30726],[40,-53],[-26,-62],[18,-80],[-9,-78],[-46,-98],[-51,-60],[-44,14],[-46,-50],[11,-76],[-105,37],[-3,44],[-57,68],[-35,-4],[-97,-67],[38,-45],[-22,-68],[-132,-165],[-5,-54],[-79,-82]],[[30576,29847],[-18,-15],[-22,8],[-38,25],[7,127],[-26,53],[-55,66],[-24,44],[0,1]],[[30576,29847],[46,-43],[97,-157],[139,-138],[107,-33],[99,-99],[96,-25],[63,20],[118,-65],[34,-1],[40,-80],[51,26],[167,6],[44,-29],[25,-73],[-15,-137],[23,-41],[-57,-44],[-8,-45]],[[31645,28889],[-81,-40],[-46,-153],[-63,81],[-52,16],[-8,-62],[-50,-29],[13,-60],[-79,-17],[-7,-85],[-86,-114],[-109,-19],[-105,5],[-106,-72],[-9,-3]],[[31190,26970],[-2,0]],[[31645,28889],[51,-52],[-3,-247],[-52,-4],[-29,-39],[-76,-45],[-64,15],[14,-83],[-46,-63],[15,-30],[-25,-86],[45,-161],[61,-12],[34,-87],[137,-124],[60,33],[16,-97],[-45,-4],[-20,-65],[22,-59],[-72,-116],[0,-70],[75,-27]],[[31743,27466],[-90,-12],[15,-88],[-24,-77],[-44,-70],[16,-115],[-38,-71],[-7,-182],[-54,12],[-31,45],[-52,10],[-93,48],[-72,12],[-58,10],[-13,-6],[-1,-13],[-7,1]],[[31924,24974],[88,-91],[-37,-94],[-46,41],[-23,61],[18,83]],[[31881,25172],[31,-19],[-1,-141],[-64,24],[3,103],[31,33]],[[31852,24743],[58,-22],[30,-70],[-64,-1],[-39,45],[15,48]],[[31847,25009],[39,-213],[-79,2],[22,54],[-13,65],[-53,35],[84,57]],[[31880,25265],[-41,31],[-84,10],[-21,16],[-15,6],[8,26],[-12,16],[19,55],[79,7],[134,-10],[12,-139],[-79,-18]],[[31910,25263],[60,17],[93,-52],[-16,-56],[-114,-84],[-19,69],[-37,59],[33,47]],[[32004,25774],[38,-45],[-46,-34],[-36,33],[44,46]],[[31901,25526],[17,-50],[-69,-34],[-3,65],[55,19]],[[31824,25605],[40,-6],[33,-61],[-95,4],[22,63]],[[32085,24903],[-2,-81],[51,-18],[-35,-63],[-46,62],[-27,99],[34,-6],[25,7]],[[32196,24935],[48,-92],[-3,-53],[-60,-27],[-47,75],[5,90],[57,7]],[[31995,25003],[65,-36],[0,-69],[-35,6],[-42,29],[12,70]],[[32106,25041],[2,-114],[-60,61],[58,53]],[[32074,25221],[72,-45],[2,-52],[-59,-40],[-64,44],[49,93]],[[32133,25483],[32,-1],[57,-113],[-28,-82],[-45,-10],[-48,39],[29,43],[-20,19],[-21,-8],[-25,16],[2,28],[-14,12],[26,66],[55,-9]],[[32031,25716],[47,-68],[-5,-59],[-36,-89],[14,-67],[0,-14],[13,-12],[-5,-27],[23,-7],[39,-136],[-103,45],[-51,109],[-17,118],[45,55],[-34,61],[70,91]],[[32110,25731],[26,-84],[44,-29],[-30,-62],[12,-64],[-83,3],[17,117],[-36,110],[50,9]],[[32077,26034],[16,-158],[59,-47],[7,-51],[46,-48],[-10,-51],[-58,-2],[-5,66],[-80,17],[-32,66],[7,116],[50,92]],[[31982,26340],[58,-26],[18,-83],[36,-53],[5,-61],[-54,-44],[-33,-157],[-53,44],[-17,73],[29,20],[16,24],[-48,100],[31,75],[-30,80],[42,8]],[[31947,26312],[-12,-136],[38,-118],[-48,-31],[-5,46],[-42,57],[3,120],[66,62]],[[31684,24791],[43,-59],[-33,-46],[-44,38],[34,67]],[[31753,24816],[-31,-75],[-38,59],[69,16]],[[31667,25075],[50,-113],[11,-89],[-72,11],[-23,103],[34,88]],[[31807,24909],[-19,-83],[-49,63],[68,20]],[[31769,24971],[-53,45],[71,30],[-18,-75]],[[31780,25195],[59,-25],[-13,-61],[-42,-21],[-44,27],[40,80]],[[31671,25241],[92,-75],[-43,-79],[-70,-1],[-14,81],[35,74]],[[31678,25283],[10,-17],[19,-1],[18,13],[48,-15],[19,3],[14,-59],[-77,-7],[-45,33],[-6,50]],[[31714,25365],[1,-33],[2,-7],[16,-6],[23,-16],[45,-14],[-24,-22],[-43,18],[-32,-15],[-13,6],[-16,29],[41,60]],[[31743,27466],[62,-34],[9,54],[110,-37],[29,10],[59,-49],[-16,-113],[-109,-102],[36,-61],[-45,-132],[58,-40],[26,-96],[62,-11],[29,-48],[-16,-84],[-50,-40],[-15,-50],[71,-75],[-46,-82],[8,-126],[-63,-11],[-43,-30],[-21,-58],[-3,-129],[6,-101],[-56,-16]],[[31825,26005],[-53,6],[-179,195],[-69,119],[-99,111],[-59,-107],[-173,10],[-6,-12],[0,1]],[[31802,25539],[-38,-58],[-51,16],[47,73],[42,-31]],[[31866,25716],[0,-80],[-116,-59],[-51,-82],[-56,36],[67,89],[103,78],[53,18]],[[31815,25870],[18,-68],[-39,-22],[23,-78],[-104,27],[7,57],[60,45],[35,39]],[[31900,25679],[26,-4],[57,-95],[-23,-35],[-73,14],[-23,44],[36,76]],[[31875,26002],[59,-30],[71,-75],[-60,-200],[-40,-11],[-103,82],[35,35],[-2,39],[-34,51],[20,105],[54,4]],[[28330,26580],[80,146]],[[30377,26243],[-57,8],[-84,-54],[-53,-9],[-76,27],[-22,29],[-60,-82],[-15,-49],[16,-21],[-16,-130],[116,-32],[-27,-65],[-7,-91],[44,-40],[-10,-31],[-31,-96],[-48,-34],[-139,-18],[-67,-22],[-65,11],[-28,-36],[-17,-67],[31,-121],[-11,-92],[-46,-20],[-11,-200]],[[30429,26096],[48,-113],[-22,-66],[11,-83],[78,-85],[68,0],[48,-33],[108,-8],[89,-120],[-57,-80],[-159,-91],[-113,-254],[-78,-95],[-54,-29],[-162,-147],[-56,8],[-21,-36],[-77,-35],[-198,-40],[-122,-12]],[[30779,25442],[-85,-154],[-62,-2],[40,106],[107,50]],[[30906,25004],[57,-48],[76,-104],[-35,-80],[27,-71],[-57,-38],[-81,98],[28,32],[-30,98],[15,113]],[[30878,24931],[-12,-71],[48,-61],[-39,-49],[-36,127],[39,54]],[[31050,24910],[51,-46],[-20,-94],[-50,12],[19,128]],[[31262,24912],[23,-57],[-30,-87],[-48,54],[-1,60],[56,30]],[[31199,24947],[-5,-74],[5,-58],[26,-36],[-68,-26],[-12,115],[54,79]],[[31127,25007],[-4,-128],[-43,39],[17,25],[-9,48],[39,16]],[[30772,25188],[53,-101],[-3,-116],[-26,-83],[2,-71],[-40,-37],[-90,10],[-45,26],[4,114],[120,246],[25,12]],[[31215,25084],[7,-18],[20,0],[-8,-26],[-23,-22],[4,-70],[-34,17],[-32,67],[57,52],[9,0]],[[31334,24725],[40,-18],[5,-69],[-77,20],[32,67]],[[31393,24794],[67,-42],[-27,-70],[-85,67],[45,45]],[[31405,24960],[60,-44],[-31,-27],[-1,-49],[-44,-36],[-32,115],[48,41]],[[31271,25048],[13,-27],[-22,-102],[-35,-11],[-15,105],[24,21],[15,29],[20,-15]],[[31450,24883],[39,-105],[-71,14],[32,91]],[[31414,25080],[13,-79],[-44,-45],[-46,29],[14,60],[63,35]],[[31520,25228],[47,-48],[-17,-102],[-74,79],[44,71]],[[31076,25168],[27,-11],[-2,-54],[41,-87],[-32,-4],[-21,-11],[-6,-16],[8,-49],[-54,21],[-18,72],[-50,61],[65,27],[11,24],[-6,15],[19,11],[18,1]],[[31213,25238],[14,-3],[11,9],[18,-3],[49,-32],[9,-77],[-61,-58],[-30,-6],[-6,16],[-13,2],[-23,-23],[-17,58],[11,64],[30,30],[8,23]],[[31825,26005],[-28,-57],[3,-77],[-22,-39],[-72,-50],[8,-13],[-4,-32],[-19,-11],[-49,23],[-55,-2],[1,-33],[-43,-51],[-31,-82],[27,-105],[-54,-92],[21,-89],[-20,-50],[-37,-29],[-12,23],[-12,-7],[-27,11],[4,-40],[-41,-42],[-42,38],[35,56],[-85,8],[-31,-11],[-13,-14],[-25,1],[-3,-22],[-27,-8],[-18,-77],[10,-42],[-44,-27],[-14,97],[-27,9],[-17,1],[-23,-11],[-15,10],[-3,-3],[17,-11],[5,-11],[-13,-27],[-65,-27],[15,-97],[-86,15],[-12,61],[-71,130],[21,78],[-36,55],[93,126],[16,95],[-21,96],[-35,62],[-110,38],[-68,1],[35,154]],[[31431,25230],[17,-16],[-20,-96],[-51,31],[31,53],[-7,39],[21,-11],[9,0]],[[31581,25430],[82,-29],[-58,-96],[-67,14],[0,74],[43,37]],[[31711,25721],[16,-5],[48,-36],[-77,-56],[-86,-90],[9,-34],[68,-40],[-17,-51],[-90,32],[-41,160],[25,71],[43,40],[5,33],[22,3],[33,-19],[42,-8]],[[31037,32893],[87,-44],[60,25],[82,-32],[61,-53],[42,-125],[-96,-4],[-74,-70],[-67,-15],[-34,-40],[-3,-100],[-48,-35],[-101,-25],[-109,-67],[-25,-100],[30,-24],[-17,-66],[-66,-75],[-28,-90],[-28,-5],[1,-92],[31,-128],[107,7],[39,-25],[62,42],[111,-124],[89,-44],[70,-68],[46,-9],[7,-62],[-22,-52]]],"transform":{"scale":[0.0006481723961916599,0.0006001712078505063],"translate":[68.1926,6.755599999999999]},"objects":{"districts":{"type":"GeometryCollection","geometries":[{"arcs":[[[0]],[[1]],[[2]],[[3]],[[4]],[[5]],[[6]]],"type":"MultiPolygon","properties":{"region_id":"IN-AN-NICOBARISLANDS","region_name":"Nicobar Islands","state_id":"IN-AN","state_name":"Andaman and Nicobar Islands"}},{"arcs":[[[7]],[[8]],[[9]],[[10]],[[11]]],"type":"MultiPolygon","properties":{"region_id":"IN-AN-NORTHANDMIDDLEANDAMAN","region_name":"North and Middle Andaman","state_id":"IN-AN","state_name":"Andaman and Nicobar Islands"}},{"arcs":[[[12]],[[13]],[[14]],[[15]],[[16]],[[17]],[[18]],[[19]],[[20]]],"type":"MultiPolygon","properties":{"region_id":"IN-AN-SOUTHANDAMAN","region_name":"South Andaman","state_id":"IN-AN","state_name":"Andaman and Nicobar Islands"}},{"arcs":[[21,22,23,24,25,26,27,28,29,30]],"type":"Polygon","properties":{"region_id":"IN-AP-ANANTAPUR","region_name":"Anantapur","state_id":"IN-AP","state_name":"Andhra Pradesh"}},{"arcs":[[-30,31,32,33,34,35,36,37]],"type":"Polygon","properties":{"region_id":"IN-AP-CHITTOOR","region_name":"Chittoor","state_id":"IN-AP","state_name":"Andhra Pradesh"}},{"arcs":[[[38]],[[39,40,41,42,43,44,45]]],"type":"MultiPolygon","properties":{"region_id":"IN-AP-EASTGODAVARI","region_name":"East Godavari","state_id":"IN-AP","state_name":"Andhra Pradesh"}},{"arcs":[[46,47,48,49,50]],"type":"Polygon","properties":{"region_id":"IN-AP-GUNTUR","region_name":"Guntur","state_id":"IN-AP","state_name":"Andhra Pradesh"}},{"arcs":[[-51,51,52,53,54]],"type":"Polygon","properties":{"region_id":"IN-AP-KRISHNA","region_name":"Krishna","state_id":"IN-AP","state_name":"Andhra Pradesh"}},{"arcs":[[-28,55,56,57,58,59]],"type":"Polygon","properties":{"region_id":"IN-AP-KURNOOL","region_name":"Kurnool","state_id":"IN-AP","state_name":"Andhra Pradesh"}},{"arcs":[[-33,60,61,62,63]],"type":"Polygon","properties":{"region_id":"IN-AP-NELLORE","region_name":"Nellore","state_id":"IN-AP","state_name":"Andhra Pradesh"}},{"arcs":[[-48,64,-62,65,-59,66]],"type":"Polygon","properties":{"region_id":"IN-AP-PRAKASAM","region_name":"Prakasam","state_id":"IN-AP","state_name":"Andhra Pradesh"}},{"arcs":[[67,68,69,70,71]],"type":"Polygon","properties":{"region_id":"IN-AP-SRIKAKULAM","region_name":"Srikakulam","state_id":"IN-AP","state_name":"Andhra Pradesh"}},{"arcs":[[-45,72,73,74,75]],"type":"Polygon","properties":{"region_id":"IN-AP-VISAKHAPATNAM","region_name":"Visakhapatnam","state_id":"IN-AP","state_name":"Andhra Pradesh"}},{"arcs":[[-68,76,-75,77,78]],"type":"Polygon","properties":{"region_id":"IN-AP-VIZIANAGARAM","region_name":"Vizianagaram","state_id":"IN-AP","state_name":"Andhra Pradesh"}},{"arcs":[[-42,79,-54,80]],"type":"Polygon","properties":{"region_id":"IN-AP-WESTGODAVARI","region_name":"West Godavari","state_id":"IN-AP","state_name":"Andhra Pradesh"}},{"arcs":[[-29,-60,-66,-61,-32]],"type":"Polygon","properties":{"region_id":"IN-AP-YSR","region_name":"Y.S.R.","state_id":"IN-AP","state_name":"Andhra Pradesh"}},{"arcs":[[81,82,83,84]],"type":"Polygon","properties":{"region_id":"IN-AR-ANJAW","region_name":"Anjaw","state_id":"IN-AR","state_name":"Arunachal Pradesh"}},{"arcs":[[-82,85,86,87,88,89]],"type":"Polygon","properties":{"region_id":"IN-AR-CHANGLANG","region_name":"Changlang","state_id":"IN-AR","state_name":"Arunachal Pradesh"}},{"arcs":[[90,91,92]],"type":"Polygon","properties":{"region_id":"IN-AR-DIBANGVALLEY","region_name":"Dibang Valley","state_id":"IN-AR","state_name":"Arunachal Pradesh"}},{"arcs":[[93,94,95,96]],"type":"Polygon","properties":{"region_id":"IN-AR-EASTKAMENG","region_name":"East Kameng","state_id":"IN-AR","state_name":"Arunachal Pradesh"}},{"arcs":[[97,98,99,100]],"type":"Polygon","properties":{"region_id":"IN-AR-EASTSIANG","region_name":"East Siang","state_id":"IN-AR","state_name":"Arunachal Pradesh"}},{"arcs":[[-97,101,102,103,104,105]],"type":"Polygon","properties":{"region_id":"IN-AR-KURUNGKUMEY","region_name":"Kurung Kumey","state_id":"IN-AR","state_name":"Arunachal Pradesh"}},{"arcs":[[-83,-90,106,107,108]],"type":"Polygon","properties":{"region_id":"IN-AR-LOHIT","region_name":"Lohit","state_id":"IN-AR","state_name":"Arunachal Pradesh"}},{"arcs":[[109,110,111,112,113]],"type":"Polygon","properties":{"region_id":"IN-AR-LONGDING","region_name":"Longding","state_id":"IN-AR","state_name":"Arunachal Pradesh"}},{"arcs":[[-84,-109,114,-101,115,-92,116]],"type":"Polygon","properties":{"region_id":"IN-AR-LOWERDIBANGVALLEY","region_name":"Lower Dibang Valley","state_id":"IN-AR","state_name":"Arunachal Pradesh"}},{"arcs":[[-105,117,118,119,120,121]],"type":"Polygon","properties":{"region_id":"IN-AR-LOWERSUBANSIRI","region_name":"Lower Subansiri","state_id":"IN-AR","state_name":"Arunachal Pradesh"}},{"arcs":[[-89,122,-107]],"type":"Polygon","properties":{"region_id":"IN-AR-NAMSAI","region_name":"Namsai","state_id":"IN-AR","state_name":"Arunachal Pradesh"}},{"arcs":[[-94,-106,-122,123,124]],"type":"Polygon","properties":{"region_id":"IN-AR-PAPUMPARE","region_name":"Papum Pare","state_id":"IN-AR","state_name":"Arunachal Pradesh"}},{"arcs":[[125,126]],"type":"Polygon","properties":{"region_id":"IN-AR-TAWANG","region_name":"Tawang","state_id":"IN-AR","state_name":"Arunachal Pradesh"}},{"arcs":[[-87,127,-111,128,129]],"type":"Polygon","properties":{"region_id":"IN-AR-TIRAP","region_name":"Tirap","state_id":"IN-AR","state_name":"Arunachal Pradesh"}},{"arcs":[[-93,-116,-100,130,131]],"type":"Polygon","properties":{"region_id":"IN-AR-UPPERSIANG","region_name":"Upper Siang","state_id":"IN-AR","state_name":"Arunachal Pradesh"}},{"arcs":[[-104,132,133,-118]],"type":"Polygon","properties":{"region_id":"IN-AR-UPPERSUBANSIRI","region_name":"Upper Subansiri","state_id":"IN-AR","state_name":"Arunachal Pradesh"}},{"arcs":[[134,135,136,-126,137,-102,-96,138]],"type":"Polygon","properties":{"region_id":"IN-AR-WESTKAMENG","region_name":"West Kameng","state_id":"IN-AR","state_name":"Arunachal Pradesh"}},{"arcs":[[-131,-99,139,-119,-134,140]],"type":"Polygon","properties":{"region_id":"IN-AR-WESTSIANG","region_name":"West Siang","state_id":"IN-AR","state_name":"Arunachal Pradesh"}},{"arcs":[[141,142,143,144,145,146,147]],"type":"Polygon","properties":{"region_id":"IN-AS-BAKSA","region_name":"Baksa","state_id":"IN-AS","state_name":"Assam"}},{"arcs":[[-144,148,149,150,151]],"type":"Polygon","properties":{"region_id":"IN-AS-BARPETA","region_name":"Barpeta","state_id":"IN-AS","state_name":"Assam"}},{"arcs":[[-152,152,153,154,155]],"type":"Polygon","properties":{"region_id":"IN-AS-BONGAIGAON","region_name":"Bongaigaon","state_id":"IN-AS","state_name":"Assam"}},{"arcs":[[156,157,158,159,160,161,162,163,164,165]],"type":"Polygon","properties":{"region_id":"IN-AS-CACHAR","region_name":"Cachar","state_id":"IN-AS","state_name":"Assam"}},{"arcs":[[-145,-156,166,167]],"type":"Polygon","properties":{"region_id":"IN-AS-CHIRANG","region_name":"Chirang","state_id":"IN-AS","state_name":"Assam"}},{"arcs":[[-148,168,169,170,171,172]],"type":"Polygon","properties":{"region_id":"IN-AS-DARRANG","region_name":"Darrang","state_id":"IN-AS","state_name":"Assam"}},{"arcs":[[-98,173,174,175,-120,-140]],"type":"Polygon","properties":{"region_id":"IN-AS-DHEMAJI","region_name":"Dhemaji","state_id":"IN-AS","state_name":"Assam"}},{"arcs":[[-154,176,177,178,179,180,181]],"type":"Polygon","properties":{"region_id":"IN-AS-DHUBRI","region_name":"Dhubri","state_id":"IN-AS","state_name":"Assam"}},{"arcs":[[-110,182,183,184,-175,185,-129]],"type":"Polygon","properties":{"region_id":"IN-AS-DIBRUGARH","region_name":"Dibrugarh","state_id":"IN-AS","state_name":"Assam"}},{"arcs":[[-158,186,187,188,189,190,191]],"type":"Polygon","properties":{"region_id":"IN-AS-DIMAHASAO","region_name":"Dima Hasao","state_id":"IN-AS","state_name":"Assam"}},{"arcs":[[-151,192,193,194,195,-177,-153]],"type":"Polygon","properties":{"region_id":"IN-AS-GOALPARA","region_name":"Goalpara","state_id":"IN-AS","state_name":"Assam"}},{"arcs":[[196,197,198,199,200,201,202,203]],"type":"Polygon","properties":{"region_id":"IN-AS-GOLAGHAT","region_name":"Golaghat","state_id":"IN-AS","state_name":"Assam"}},{"arcs":[[-164,204,205,206]],"type":"Polygon","properties":{"region_id":"IN-AS-HAILAKANDI","region_name":"Hailakandi","state_id":"IN-AS","state_name":"Assam"}},{"arcs":[[-184,207,208,209,-198,210]],"type":"Polygon","properties":{"region_id":"IN-AS-JORHAT","region_name":"Jorhat","state_id":"IN-AS","state_name":"Assam"}},{"arcs":[[-142,-173,211,212,213,214,-193,-150,215]],"type":"Polygon","properties":{"region_id":"IN-AS-KAMRUP","region_name":"Kamrup","state_id":"IN-AS","state_name":"Assam"}},{"arcs":[[-172,216,217,-212]],"type":"Polygon","properties":{"region_id":"IN-AS-KAMRUPMETROPOLITAN","region_name":"Kamrup Metropolitan","state_id":"IN-AS","state_name":"Assam"}},{"arcs":[[[-188,218,219,220,221]],[[-190,222,-202,223,224]]],"type":"MultiPolygon","properties":{"region_id":"IN-AS-KARBIANGLONG","region_name":"Karbi Anglong","state_id":"IN-AS","state_name":"Assam"}},{"arcs":[[-165,-207,225,226,227]],"type":"Polygon","properties":{"region_id":"IN-AS-KARIMGANJ","region_name":"Karimganj","state_id":"IN-AS","state_name":"Assam"}},{"arcs":[[-155,-182,228,229,230,-167]],"type":"Polygon","properties":{"region_id":"IN-AS-KOKRAJHAR","region_name":"Kokrajhar","state_id":"IN-AS","state_name":"Assam"}},{"arcs":[[-121,-176,-185,-211,-197,231,-124]],"type":"Polygon","properties":{"region_id":"IN-AS-LAKHIMPUR","region_name":"Lakhimpur","state_id":"IN-AS","state_name":"Assam"}},{"arcs":[[-171,232,233,-221,234,-217]],"type":"Polygon","properties":{"region_id":"IN-AS-MORIGAON","region_name":"Morigaon","state_id":"IN-AS","state_name":"Assam"}},{"arcs":[[-189,-222,-234,235,-203,-223]],"type":"Polygon","properties":{"region_id":"IN-AS-NAGAON","region_name":"Nagaon","state_id":"IN-AS","state_name":"Assam"}},{"arcs":[[-143,-216,-149]],"type":"Polygon","properties":{"region_id":"IN-AS-NALBARI","region_name":"Nalbari","state_id":"IN-AS","state_name":"Assam"}},{"arcs":[[-114,236,237,238,-208,-183]],"type":"Polygon","properties":{"region_id":"IN-AS-SIVASAGAR","region_name":"Sivasagar","state_id":"IN-AS","state_name":"Assam"}},{"arcs":[[-95,-125,-232,-204,-236,-233,-170,239,-135,-139]],"type":"Polygon","properties":{"region_id":"IN-AS-SONITPUR","region_name":"Sonitpur","state_id":"IN-AS","state_name":"Assam"}},{"arcs":[[-88,-130,-186,-174,-115,-108,-123]],"type":"Polygon","properties":{"region_id":"IN-AS-TINSUKIA","region_name":"Tinsukia","state_id":"IN-AS","state_name":"Assam"}},{"arcs":[[-136,-240,-169,-147,240]],"type":"Polygon","properties":{"region_id":"IN-AS-UDALGURI","region_name":"Udalguri","state_id":"IN-AS","state_name":"Assam"}},{"arcs":[[241,242,243,244,245]],"type":"Polygon","properties":{"region_id":"IN-BR-ARARIA","region_name":"Araria","state_id":"IN-BR","state_name":"Bihar"}},{"arcs":[[246,247,248,249,250,251]],"type":"Polygon","properties":{"region_id":"IN-BR-ARWAL","region_name":"Arwal","state_id":"IN-BR","state_name":"Bihar"}},{"arcs":[[-247,252,253,254]],"type":"Polygon","properties":{"region_id":"IN-BR-AURANGABAD","region_name":"Aurangabad","state_id":"IN-BR","state_name":"Bihar"}},{"arcs":[[255,256,257,258,259,260]],"type":"Polygon","properties":{"region_id":"IN-BR-BANKA","region_name":"Banka","state_id":"IN-BR","state_name":"Bihar"}},{"arcs":[[261,262,263,264,265]],"type":"Polygon","properties":{"region_id":"IN-BR-BEGUSARAI","region_name":"Begusarai","state_id":"IN-BR","state_name":"Bihar"}},{"arcs":[[-256,266,267,268,269,270,271,272]],"type":"Polygon","properties":{"region_id":"IN-BR-BHAGALPUR","region_name":"Bhagalpur","state_id":"IN-BR","state_name":"Bihar"}},{"arcs":[[-249,273,274,275,276,277]],"type":"Polygon","properties":{"region_id":"IN-BR-BHOJPUR","region_name":"Bhojpur","state_id":"IN-BR","state_name":"Bihar"}},{"arcs":[[-275,278,279,280,281]],"type":"Polygon","properties":{"region_id":"IN-BR-BUXAR","region_name":"Buxar","state_id":"IN-BR","state_name":"Bihar"}},{"arcs":[[282,283,284,285,286]],"type":"Polygon","properties":{"region_id":"IN-BR-DARBHANGA","region_name":"Darbhanga","state_id":"IN-BR","state_name":"Bihar"}},{"arcs":[[287,288,289,290,291,292,-253,-252,293]],"type":"Polygon","properties":{"region_id":"IN-BR-GAYA","region_name":"Gaya","state_id":"IN-BR","state_name":"Bihar"}},{"arcs":[[294,295,296,297,298,299,300]],"type":"Polygon","properties":{"region_id":"IN-BR-GOPALGANJ","region_name":"Gopalganj","state_id":"IN-BR","state_name":"Bihar"}},{"arcs":[[-260,301,302,303,304,305,306]],"type":"Polygon","properties":{"region_id":"IN-BR-JAMUI","region_name":"Jamui","state_id":"IN-BR","state_name":"Bihar"}},{"arcs":[[-251,307,308,-288,-294]],"type":"Polygon","properties":{"region_id":"IN-BR-JEHANABAD","region_name":"Jehanabad","state_id":"IN-BR","state_name":"Bihar"}},{"arcs":[[-280,309,310,311,312]],"type":"Polygon","properties":{"region_id":"IN-BR-KAIMUR","region_name":"Kaimur","state_id":"IN-BR","state_name":"Bihar"}},{"arcs":[[-271,313,314,315,316]],"type":"Polygon","properties":{"region_id":"IN-BR-KATIHAR","region_name":"Katihar","state_id":"IN-BR","state_name":"Bihar"}},{"arcs":[[-265,317,318,319,-268,320]],"type":"Polygon","properties":{"region_id":"IN-BR-KHAGARIA","region_name":"Khagaria","state_id":"IN-BR","state_name":"Bihar"}},{"arcs":[[-246,321,322,323,324]],"type":"Polygon","properties":{"region_id":"IN-BR-KISHANGANJ","region_name":"Kishanganj","state_id":"IN-BR","state_name":"Bihar"}},{"arcs":[[-262,325,-306,326,327,328]],"type":"Polygon","properties":{"region_id":"IN-BR-LAKHISARAI","region_name":"Lakhisarai","state_id":"IN-BR","state_name":"Bihar"}},{"arcs":[[-243,329,-269,-320,330,331]],"type":"Polygon","properties":{"region_id":"IN-BR-MADHEPURA","region_name":"Madhepura","state_id":"IN-BR","state_name":"Bihar"}},{"arcs":[[-287,332,333,334,335]],"type":"Polygon","properties":{"region_id":"IN-BR-MADHUBANI","region_name":"Madhubani","state_id":"IN-BR","state_name":"Bihar"}},{"arcs":[[-261,-307,-326,-266,-321,-267]],"type":"Polygon","properties":{"region_id":"IN-BR-MUNGER","region_name":"Munger","state_id":"IN-BR","state_name":"Bihar"}},{"arcs":[[-285,336,337,338,-295,339,340,341]],"type":"Polygon","properties":{"region_id":"IN-BR-MUZAFFARPUR","region_name":"Muzaffarpur","state_id":"IN-BR","state_name":"Bihar"}},{"arcs":[[-289,-309,342,-328,343,344]],"type":"Polygon","properties":{"region_id":"IN-BR-NALANDA","region_name":"Nalanda","state_id":"IN-BR","state_name":"Bihar"}},{"arcs":[[-290,-345,345,-304,346,347,348]],"type":"Polygon","properties":{"region_id":"IN-BR-NAWADA","region_name":"Nawada","state_id":"IN-BR","state_name":"Bihar"}},{"arcs":[[-300,349,350,351,352]],"type":"Polygon","properties":{"region_id":"IN-BR-PASHCHIMCHAMPARAN","region_name":"Pashchim Champaran","state_id":"IN-BR","state_name":"Bihar"}},{"arcs":[[-250,-278,353,354,355,-263,-329,-343,-308]],"type":"Polygon","properties":{"region_id":"IN-BR-PATNA","region_name":"Patna","state_id":"IN-BR","state_name":"Bihar"}},{"arcs":[[-301,-353,356,357,358,-340]],"type":"Polygon","properties":{"region_id":"IN-BR-PURBACHAMPARAN","region_name":"Purba Champaran","state_id":"IN-BR","state_name":"Bihar"}},{"arcs":[[-242,-325,359,-314,-270,-330]],"type":"Polygon","properties":{"region_id":"IN-BR-PURNIA","region_name":"Purnia","state_id":"IN-BR","state_name":"Bihar"}},{"arcs":[[-255,360,361,362,-310,-279,-274,-248]],"type":"Polygon","properties":{"region_id":"IN-BR-ROHTAS","region_name":"Rohtas","state_id":"IN-BR","state_name":"Bihar"}},{"arcs":[[-283,-336,363,-331,-319,364]],"type":"Polygon","properties":{"region_id":"IN-BR-SAHARSA","region_name":"Saharsa","state_id":"IN-BR","state_name":"Bihar"}},{"arcs":[[-264,-356,365,-337,-284,-365,-318]],"type":"Polygon","properties":{"region_id":"IN-BR-SAMASTIPUR","region_name":"Samastipur","state_id":"IN-BR","state_name":"Bihar"}},{"arcs":[[-277,366,367,-296,-339,368,-354]],"type":"Polygon","properties":{"region_id":"IN-BR-SARAN","region_name":"Saran","state_id":"IN-BR","state_name":"Bihar"}},{"arcs":[[-305,-346,-344,-327]],"type":"Polygon","properties":{"region_id":"IN-BR-SHEIKHPURA","region_name":"Sheikhpura","state_id":"IN-BR","state_name":"Bihar"}},{"arcs":[[-341,-359,369]],"type":"Polygon","properties":{"region_id":"IN-BR-SHEOHAR","region_name":"Sheohar","state_id":"IN-BR","state_name":"Bihar"}},{"arcs":[[-286,-342,-370,-358,370,-333]],"type":"Polygon","properties":{"region_id":"IN-BR-SITAMARHI","region_name":"Sitamarhi","state_id":"IN-BR","state_name":"Bihar"}},{"arcs":[[371,-297,-368,372,373]],"type":"Polygon","properties":{"region_id":"IN-BR-SIWAN","region_name":"Siwan","state_id":"IN-BR","state_name":"Bihar"}},{"arcs":[[-244,-332,-364,-335,374]],"type":"Polygon","properties":{"region_id":"IN-BR-SUPAUL","region_name":"Supaul","state_id":"IN-BR","state_name":"Bihar"}},{"arcs":[[-338,-366,-355,-369]],"type":"Polygon","properties":{"region_id":"IN-BR-VAISHALI","region_name":"Vaishali","state_id":"IN-BR","state_name":"Bihar"}},{"arcs":[[375,376]],"type":"Polygon","properties":{"region_id":"IN-CH-CHANDIGARH","region_name":"Chandigarh","state_id":"IN-CH","state_name":"Chandigarh"}},{"arcs":[[377,378,379,380]],"type":"Polygon","properties":{"region_id":"IN-CT-BALOD","region_name":"Balod","state_id":"IN-CT","state_name":"Chhattisgarh"}},{"arcs":[[381,382,383,384,385,386,387]],"type":"Polygon","properties":{"region_id":"IN-CT-BALODABAZAR","region_name":"Baloda Bazar","state_id":"IN-CT","state_name":"Chhattisgarh"}},{"arcs":[[388,389,390,391,392,393,394,395]],"type":"Polygon","properties":{"region_id":"IN-CT-BALRAMPUR","region_name":"Balrampur","state_id":"IN-CT","state_name":"Chhattisgarh"}},{"arcs":[[396,397,398,399,400,401,402,403]],"type":"Polygon","properties":{"region_id":"IN-CT-BASTAR","region_name":"Bastar","state_id":"IN-CT","state_name":"Chhattisgarh"}},{"arcs":[[-385,404,405,406,407,408]],"type":"Polygon","properties":{"region_id":"IN-CT-BEMETARA","region_name":"Bemetara","state_id":"IN-CT","state_name":"Chhattisgarh"}},{"arcs":[[409,410,411,412,413,414,415]],"type":"Polygon","properties":{"region_id":"IN-CT-BIJAPUR","region_name":"Bijapur","state_id":"IN-CT","state_name":"Chhattisgarh"}},{"arcs":[[-387,416,417,418,419,420,421]],"type":"Polygon","properties":{"region_id":"IN-CT-BILASPUR","region_name":"Bilaspur","state_id":"IN-CT","state_name":"Chhattisgarh"}},{"arcs":[[-398,422,-410,423]],"type":"Polygon","properties":{"region_id":"IN-CT-DANTEWADA","region_name":"Dantewada","state_id":"IN-CT","state_name":"Chhattisgarh"}},{"arcs":[[-378,424,425,426,427,428,429]],"type":"Polygon","properties":{"region_id":"IN-CT-DHAMTARI","region_name":"Dhamtari","state_id":"IN-CT","state_name":"Chhattisgarh"}},{"arcs":[[-381,430,-406,431,-425]],"type":"Polygon","properties":{"region_id":"IN-CT-DURG","region_name":"Durg","state_id":"IN-CT","state_name":"Chhattisgarh"}},{"arcs":[[-427,432,433,434,435,436]],"type":"Polygon","properties":{"region_id":"IN-CT-GARIABAND","region_name":"Gariaband","state_id":"IN-CT","state_name":"Chhattisgarh"}},{"arcs":[[-388,-422,437,438]],"type":"Polygon","properties":{"region_id":"IN-CT-JANJGIRCHAMPA","region_name":"Janjgir-Champa","state_id":"IN-CT","state_name":"Chhattisgarh"}},{"arcs":[[-395,439,440,441,442,443]],"type":"Polygon","properties":{"region_id":"IN-CT-JASHPUR","region_name":"Jashpur","state_id":"IN-CT","state_name":"Chhattisgarh"}},{"arcs":[[-408,444,445,446,447]],"type":"Polygon","properties":{"region_id":"IN-CT-KABEERDHAM","region_name":"Kabeerdham","state_id":"IN-CT","state_name":"Chhattisgarh"}},{"arcs":[[-400,448,449,-429,450]],"type":"Polygon","properties":{"region_id":"IN-CT-KONDAGAON","region_name":"Kondagaon","state_id":"IN-CT","state_name":"Chhattisgarh"}},{"arcs":[[-421,451,452,453,454,-438]],"type":"Polygon","properties":{"region_id":"IN-CT-KORBA","region_name":"Korba","state_id":"IN-CT","state_name":"Chhattisgarh"}},{"arcs":[[-420,455,456,457,458,459,-452]],"type":"Polygon","properties":{"region_id":"IN-CT-KORIYA","region_name":"Koriya","state_id":"IN-CT","state_name":"Chhattisgarh"}},{"arcs":[[-383,460,461,462,-434,463]],"type":"Polygon","properties":{"region_id":"IN-CT-MAHASAMUND","region_name":"Mahasamund","state_id":"IN-CT","state_name":"Chhattisgarh"}},{"arcs":[[-386,-409,-448,464,-417]],"type":"Polygon","properties":{"region_id":"IN-CT-MUNGELI","region_name":"Mungeli","state_id":"IN-CT","state_name":"Chhattisgarh"}},{"arcs":[[-399,-424,-416,465,466,-449]],"type":"Polygon","properties":{"region_id":"IN-CT-NARAYANPUR","region_name":"Narayanpur","state_id":"IN-CT","state_name":"Chhattisgarh"}},{"arcs":[[-382,-439,-455,467,-443,468,469,470,-461]],"type":"Polygon","properties":{"region_id":"IN-CT-RAIGARH","region_name":"Raigarh","state_id":"IN-CT","state_name":"Chhattisgarh"}},{"arcs":[[-384,-464,-433,-426,-432,-405]],"type":"Polygon","properties":{"region_id":"IN-CT-RAIPUR","region_name":"Raipur","state_id":"IN-CT","state_name":"Chhattisgarh"}},{"arcs":[[-380,471,472,473,474,475,-445,-407,-431]],"type":"Polygon","properties":{"region_id":"IN-CT-RAJNANDGAON","region_name":"Rajnandgaon","state_id":"IN-CT","state_name":"Chhattisgarh"}},{"arcs":[[-397,-404,476,477,-411,-423]],"type":"Polygon","properties":{"region_id":"IN-CT-SUKMA","region_name":"Sukma","state_id":"IN-CT","state_name":"Chhattisgarh"}},{"arcs":[[-389,478,-453,-460,479]],"type":"Polygon","properties":{"region_id":"IN-CT-SURAJPUR","region_name":"Surajpur","state_id":"IN-CT","state_name":"Chhattisgarh"}},{"arcs":[[-396,-444,-468,-454,-479]],"type":"Polygon","properties":{"region_id":"IN-CT-SURGUJA","region_name":"Surguja","state_id":"IN-CT","state_name":"Chhattisgarh"}},{"arcs":[[-379,-430,-450,-467,480,-472]],"type":"Polygon","properties":{"region_id":"IN-CT-UTTARBASTARKANKER","region_name":"Uttar Bastar Kanker","state_id":"IN-CT","state_name":"Chhattisgarh"}},{"arcs":[[481,482,483]],"type":"Polygon","properties":{"region_id":"IN-DH-DADRAANDNAGARHAVELI","region_name":"Dadra and Nagar Haveli","state_id":"IN-DH","state_name":"Dadra and Nagar Haveli and Daman and Diu"}},{"arcs":[[484,485]],"type":"Polygon","properties":{"region_id":"IN-DH-DAMAN","region_name":"Daman","state_id":"IN-DH","state_name":"Dadra and Nagar Haveli and Daman and Diu"}},{"arcs":[[486,487]],"type":"Polygon","properties":{"region_id":"IN-DH-DIU","region_name":"Diu","state_id":"IN-DH","state_name":"Dadra and Nagar Haveli and Daman and Diu"}},{"arcs":[[488,489,490,491,492]],"type":"Polygon","properties":{"region_id":"IN-GA-NORTHGOA","region_name":"North Goa","state_id":"IN-GA","state_name":"Goa"}},{"arcs":[[-493,493,494]],"type":"Polygon","properties":{"region_id":"IN-GA-SOUTHGOA","region_name":"South Goa","state_id":"IN-GA","state_name":"Goa"}},{"arcs":[[495,496,497,498,499,500,501,502,503,504]],"type":"Polygon","properties":{"region_id":"IN-GJ-AHMADABAD","region_name":"Ahmadabad","state_id":"IN-GJ","state_name":"Gujarat"}},{"arcs":[[505,506,507,508,509]],"type":"Polygon","properties":{"region_id":"IN-GJ-AMRELI","region_name":"Amreli","state_id":"IN-GJ","state_name":"Gujarat"}},{"arcs":[[[510,511]],[[-504,512,513,514]]],"type":"MultiPolygon","properties":{"region_id":"IN-GJ-ANAND","region_name":"Anand","state_id":"IN-GJ","state_name":"Gujarat"}},{"arcs":[[515,516,517,518,519,520]],"type":"Polygon","properties":{"region_id":"IN-GJ-ARAVALLI","region_name":"Aravalli","state_id":"IN-GJ","state_name":"Gujarat"}},{"arcs":[[521,522,523,524,525,526,527]],"type":"Polygon","properties":{"region_id":"IN-GJ-BANASKANTHA","region_name":"Banas Kantha","state_id":"IN-GJ","state_name":"Gujarat"}},{"arcs":[[528,529,530,531,532]],"type":"Polygon","properties":{"region_id":"IN-GJ-BHARUCH","region_name":"Bharuch","state_id":"IN-GJ","state_name":"Gujarat"}},{"arcs":[[[-498,533,-509,534]],[[-496,535,-511,536]]],"type":"MultiPolygon","properties":{"region_id":"IN-GJ-BHAVNAGAR","region_name":"Bhavnagar","state_id":"IN-GJ","state_name":"Gujarat"}},{"arcs":[[-499,-535,-508,537,538]],"type":"Polygon","properties":{"region_id":"IN-GJ-BOTAD","region_name":"Botad","state_id":"IN-GJ","state_name":"Gujarat"}},{"arcs":[[539,540,541,542,543,544]],"type":"Polygon","properties":{"region_id":"IN-GJ-CHHOTAUDAIPUR","region_name":"Chhota Udaipur","state_id":"IN-GJ","state_name":"Gujarat"}},{"arcs":[[-542,545,546,547,548,549]],"type":"Polygon","properties":{"region_id":"IN-GJ-DAHOD","region_name":"Dahod","state_id":"IN-GJ","state_name":"Gujarat"}},{"arcs":[[[550,551,552,553]],[[554]]],"type":"MultiPolygon","properties":{"region_id":"IN-GJ-DEVBHUMIDWARKA","region_name":"Devbhumi Dwarka","state_id":"IN-GJ","state_name":"Gujarat"}},{"arcs":[[-502,555,556,-517,557]],"type":"Polygon","properties":{"region_id":"IN-GJ-GANDHINAGAR","region_name":"Gandhinagar","state_id":"IN-GJ","state_name":"Gujarat"}},{"arcs":[[558,559,560,561]],"type":"Polygon","properties":{"region_id":"IN-GJ-GIRSOMNATH","region_name":"Gir Somnath","state_id":"IN-GJ","state_name":"Gujarat"}},{"arcs":[[[-553,562,563,564,565,566]],[[567]]],"type":"MultiPolygon","properties":{"region_id":"IN-GJ-JAMNAGAR","region_name":"Jamnagar","state_id":"IN-GJ","state_name":"Gujarat"}},{"arcs":[[[-559,568]],[[-487,569,-561,570,571,572,-506,573]]],"type":"MultiPolygon","properties":{"region_id":"IN-GJ-JUNAGADH","region_name":"Junagadh","state_id":"IN-GJ","state_name":"Gujarat"}},{"arcs":[[[574]],[[575]],[[576]],[[577]],[[-523,578,579,580,-564,581,582,583]],[[584]],[[585]],[[586]],[[587]],[[588]],[[589]]],"type":"MultiPolygon","properties":{"region_id":"IN-GJ-KACHCHH","region_name":"Kachchh","state_id":"IN-GJ","state_name":"Gujarat"}},{"arcs":[[-503,-558,-516,590,591,592,-513]],"type":"Polygon","properties":{"region_id":"IN-GJ-KHEDA","region_name":"Kheda","state_id":"IN-GJ","state_name":"Gujarat"}},{"arcs":[[-501,593,594,-527,595,-556]],"type":"Polygon","properties":{"region_id":"IN-GJ-MAHESANA","region_name":"Mahesana","state_id":"IN-GJ","state_name":"Gujarat"}},{"arcs":[[-521,596,597,-547,598,-591]],"type":"Polygon","properties":{"region_id":"IN-GJ-MAHISAGAR","region_name":"Mahisagar","state_id":"IN-GJ","state_name":"Gujarat"}},{"arcs":[[-565,-581,599,600]],"type":"Polygon","properties":{"region_id":"IN-GJ-MORBI","region_name":"Morbi","state_id":"IN-GJ","state_name":"Gujarat"}},{"arcs":[[-532,601,-545,602,603,604]],"type":"Polygon","properties":{"region_id":"IN-GJ-NARMADA","region_name":"Narmada","state_id":"IN-GJ","state_name":"Gujarat"}},{"arcs":[[605,606,607,608,609,610,611]],"type":"Polygon","properties":{"region_id":"IN-GJ-NAVSARI","region_name":"Navsari","state_id":"IN-GJ","state_name":"Gujarat"}},{"arcs":[[-541,612,-592,-599,-546]],"type":"Polygon","properties":{"region_id":"IN-GJ-PANCHMAHALS","region_name":"Panch Mahals","state_id":"IN-GJ","state_name":"Gujarat"}},{"arcs":[[-522,-528,-595,613,-579]],"type":"Polygon","properties":{"region_id":"IN-GJ-PATAN","region_name":"Patan","state_id":"IN-GJ","state_name":"Gujarat"}},{"arcs":[[-551,-554,-567,614,-572,615]],"type":"Polygon","properties":{"region_id":"IN-GJ-PORBANDAR","region_name":"Porbandar","state_id":"IN-GJ","state_name":"Gujarat"}},{"arcs":[[-507,-573,-615,-566,-601,616,-538]],"type":"Polygon","properties":{"region_id":"IN-GJ-RAJKOT","region_name":"Rajkot","state_id":"IN-GJ","state_name":"Gujarat"}},{"arcs":[[-518,-557,-596,-526,617,618]],"type":"Polygon","properties":{"region_id":"IN-GJ-SABARKANTHA","region_name":"Sabar Kantha","state_id":"IN-GJ","state_name":"Gujarat"}},{"arcs":[[-529,-533,-605,619,-611,620]],"type":"Polygon","properties":{"region_id":"IN-GJ-SURAT","region_name":"Surat","state_id":"IN-GJ","state_name":"Gujarat"}},{"arcs":[[-500,-539,-617,-600,-580,-614,-594]],"type":"Polygon","properties":{"region_id":"IN-GJ-SURENDRANAGAR","region_name":"Surendranagar","state_id":"IN-GJ","state_name":"Gujarat"}},{"arcs":[[-604,621,622,623,-606,-612,-620]],"type":"Polygon","properties":{"region_id":"IN-GJ-TAPI","region_name":"Tapi","state_id":"IN-GJ","state_name":"Gujarat"}},{"arcs":[[-607,-624,624,625]],"type":"Polygon","properties":{"region_id":"IN-GJ-THEDANGS","region_name":"The Dangs","state_id":"IN-GJ","state_name":"Gujarat"}},{"arcs":[[-514,-593,-613,-540,-602,-531,626]],"type":"Polygon","properties":{"region_id":"IN-GJ-VADODARA","region_name":"Vadodara","state_id":"IN-GJ","state_name":"Gujarat"}},{"arcs":[[-482,-484,627,628,-486,629,-609,630,631]],"type":"Polygon","properties":{"region_id":"IN-GJ-VALSAD","region_name":"Valsad","state_id":"IN-GJ","state_name":"Gujarat"}},{"arcs":[[632,633,634,635,636,637]],"type":"Polygon","properties":{"region_id":"IN-HR-AMBALA","region_name":"Ambala","state_id":"IN-HR","state_name":"Haryana"}},{"arcs":[[638,639,640,641,642,643,644]],"type":"Polygon","properties":{"region_id":"IN-HR-BHIWANI","region_name":"Bhiwani","state_id":"IN-HR","state_name":"Haryana"}},{"arcs":[[[645,646,647]],[[648,649,650,651,652]]],"type":"MultiPolygon","properties":{"region_id":"IN-HR-FARIDABAD","region_name":"Faridabad","state_id":"IN-HR","state_name":"Haryana"}},{"arcs":[[653,654,655,656,657,658]],"type":"Polygon","properties":{"region_id":"IN-HR-FATEHABAD","region_name":"Fatehabad","state_id":"IN-HR","state_name":"Haryana"}},{"arcs":[[-650,659,660,661,662,663]],"type":"Polygon","properties":{"region_id":"IN-HR-GURGAON","region_name":"Gurgaon","state_id":"IN-HR","state_name":"Haryana"}},{"arcs":[[-642,664,-659,665,666]],"type":"Polygon","properties":{"region_id":"IN-HR-HISAR","region_name":"Hisar","state_id":"IN-HR","state_name":"Haryana"}},{"arcs":[[-644,667,668,669,-663,670,671]],"type":"Polygon","properties":{"region_id":"IN-HR-JHAJJAR","region_name":"Jhajjar","state_id":"IN-HR","state_name":"Haryana"}},{"arcs":[[-658,672,673,674,675,676,677,678,-666]],"type":"Polygon","properties":{"region_id":"IN-HR-JIND","region_name":"Jind","state_id":"IN-HR","state_name":"Haryana"}},{"arcs":[[-675,679,680,681]],"type":"Polygon","properties":{"region_id":"IN-HR-KAITHAL","region_name":"Kaithal","state_id":"IN-HR","state_name":"Haryana"}},{"arcs":[[-676,-682,682,683,684,685]],"type":"Polygon","properties":{"region_id":"IN-HR-KARNAL","region_name":"Karnal","state_id":"IN-HR","state_name":"Haryana"}},{"arcs":[[-633,686,687,-683,-681,688]],"type":"Polygon","properties":{"region_id":"IN-HR-KURUKSHETRA","region_name":"Kurukshetra","state_id":"IN-HR","state_name":"Haryana"}},{"arcs":[[-645,-672,689,690,691,692,693]],"type":"Polygon","properties":{"region_id":"IN-HR-MAHENDRAGARH","region_name":"Mahendragarh","state_id":"IN-HR","state_name":"Haryana"}},{"arcs":[[-646,-648,694,695,696,697,698,-661,699]],"type":"Polygon","properties":{"region_id":"IN-HR-MEWAT","region_name":"Mewat","state_id":"IN-HR","state_name":"Haryana"}},{"arcs":[[-647,-700,-660,-649,-653,700,701,702,-695]],"type":"Polygon","properties":{"region_id":"IN-HR-PALWAL","region_name":"Palwal","state_id":"IN-HR","state_name":"Haryana"}},{"arcs":[[-376,703,704,705,-636,706]],"type":"Polygon","properties":{"region_id":"IN-HR-PANCHKULA","region_name":"Panchkula","state_id":"IN-HR","state_name":"Haryana"}},{"arcs":[[-677,-686,707,708,709]],"type":"Polygon","properties":{"region_id":"IN-HR-PANIPAT","region_name":"Panipat","state_id":"IN-HR","state_name":"Haryana"}},{"arcs":[[-662,-699,710,-690,-671]],"type":"Polygon","properties":{"region_id":"IN-HR-REWARI","region_name":"Rewari","state_id":"IN-HR","state_name":"Haryana"}},{"arcs":[[-643,-667,-679,711,-668]],"type":"Polygon","properties":{"region_id":"IN-HR-ROHTAK","region_name":"Rohtak","state_id":"IN-HR","state_name":"Haryana"}},{"arcs":[[-655,712,713,714,715]],"type":"Polygon","properties":{"region_id":"IN-HR-SIRSA","region_name":"Sirsa","state_id":"IN-HR","state_name":"Haryana"}},{"arcs":[[-669,-712,-678,-710,716,717]],"type":"Polygon","properties":{"region_id":"IN-HR-SONIPAT","region_name":"Sonipat","state_id":"IN-HR","state_name":"Haryana"}},{"arcs":[[-638,718,719,-687]],"type":"Polygon","properties":{"region_id":"IN-HR-YAMUNANAGAR","region_name":"Yamunanagar","state_id":"IN-HR","state_name":"Haryana"}},{"arcs":[[720,721,722,723,724,725]],"type":"Polygon","properties":{"region_id":"IN-HP-BILASPUR","region_name":"Bilaspur","state_id":"IN-HP","state_name":"Himachal Pradesh"}},{"arcs":[[726,727,728,729,730,731,732]],"type":"Polygon","properties":{"region_id":"IN-HP-CHAMBA","region_name":"Chamba","state_id":"IN-HP","state_name":"Himachal Pradesh"}},{"arcs":[[-724,733,734,735]],"type":"Polygon","properties":{"region_id":"IN-HP-HAMIRPUR","region_name":"Hamirpur","state_id":"IN-HP","state_name":"Himachal Pradesh"}},{"arcs":[[-727,-733,736,737,738,-735,739,740,741]],"type":"Polygon","properties":{"region_id":"IN-HP-KANGRA","region_name":"Kangra","state_id":"IN-HP","state_name":"Himachal Pradesh"}},{"arcs":[[742,743,744,745,746]],"type":"Polygon","properties":{"region_id":"IN-HP-KINNAUR","region_name":"Kinnaur","state_id":"IN-HP","state_name":"Himachal Pradesh"}},{"arcs":[[-738,747,-745,748,749]],"type":"Polygon","properties":{"region_id":"IN-HP-KULLU","region_name":"Kullu","state_id":"IN-HP","state_name":"Himachal Pradesh"}},{"arcs":[[-732,750,751,752,753,-746,-748,-737]],"type":"Polygon","properties":{"region_id":"IN-HP-LAHULSPITI","region_name":"Lahul & Spiti","state_id":"IN-HP","state_name":"Himachal Pradesh"}},{"arcs":[[-725,-736,-739,-750,754,755]],"type":"Polygon","properties":{"region_id":"IN-HP-MANDI","region_name":"Mandi","state_id":"IN-HP","state_name":"Himachal Pradesh"}},{"arcs":[[-744,756,757,758,759,-755,-749]],"type":"Polygon","properties":{"region_id":"IN-HP-SHIMLA","region_name":"Shimla","state_id":"IN-HP","state_name":"Himachal Pradesh"}},{"arcs":[[-706,760,-759,761,762,-719,-637]],"type":"Polygon","properties":{"region_id":"IN-HP-SIRMAUR","region_name":"Sirmaur","state_id":"IN-HP","state_name":"Himachal Pradesh"}},{"arcs":[[-705,763,764,-721,-726,-756,-760,-761]],"type":"Polygon","properties":{"region_id":"IN-HP-SOLAN","region_name":"Solan","state_id":"IN-HP","state_name":"Himachal Pradesh"}},{"arcs":[[-723,765,766,-740,-734]],"type":"Polygon","properties":{"region_id":"IN-HP-UNA","region_name":"Una","state_id":"IN-HP","state_name":"Himachal Pradesh"}},{"arcs":[[767,768,769,770,771,772,773,774,775]],"type":"Polygon","properties":{"region_id":"IN-JK-ANANTNAG","region_name":"Anantnag","state_id":"IN-JK","state_name":"Jammu and Kashmir"}},{"arcs":[[776,777,778,779,780,781]],"type":"Polygon","properties":{"region_id":"IN-JK-BADGAM","region_name":"Badgam","state_id":"IN-JK","state_name":"Jammu and Kashmir"}},{"arcs":[[782,783,784,785,786]],"type":"Polygon","properties":{"region_id":"IN-JK-BANDIPORE","region_name":"Bandipore","state_id":"IN-JK","state_name":"Jammu and Kashmir"}},{"arcs":[[-779,787,788,789,-786,790,791]],"type":"Polygon","properties":{"region_id":"IN-JK-BARAMULLA","region_name":"Baramulla","state_id":"IN-JK","state_name":"Jammu and Kashmir"}},{"arcs":[[-730,792,793,794,-768,795]],"type":"Polygon","properties":{"region_id":"IN-JK-DODA","region_name":"Doda","state_id":"IN-JK","state_name":"Jammu and Kashmir"}},{"arcs":[[-774,796,-791,-785,797]],"type":"Polygon","properties":{"region_id":"IN-JK-GANDERBAL","region_name":"Ganderbal","state_id":"IN-JK","state_name":"Jammu and Kashmir"}},{"arcs":[[798,799,800,801,802]],"type":"Polygon","properties":{"region_id":"IN-JK-JAMMU","region_name":"Jammu","state_id":"IN-JK","state_name":"Jammu and Kashmir"}},{"arcs":[[-752,803,-775,-798,-784,804,805]],"type":"Polygon","properties":{"region_id":"IN-LA-KARGIL","region_name":"Kargil","state_id":"IN-LA","state_name":"Ladakh"}},{"arcs":[[-729,806,807,808,809,-793]],"type":"Polygon","properties":{"region_id":"IN-JK-KATHUA","region_name":"Kathua","state_id":"IN-JK","state_name":"Jammu and Kashmir"}},{"arcs":[[-731,-796,-776,-804,-751]],"type":"Polygon","properties":{"region_id":"IN-JK-KISHTWAR","region_name":"Kishtwar","state_id":"IN-JK","state_name":"Jammu and Kashmir"}},{"arcs":[[-770,810,811,812,813,-777,814]],"type":"Polygon","properties":{"region_id":"IN-JK-KULGAM","region_name":"Kulgam","state_id":"IN-JK","state_name":"Jammu and Kashmir"}},{"arcs":[[-787,-790,815]],"type":"Polygon","properties":{"region_id":"IN-JK-KUPWARA","region_name":"Kupwara","state_id":"IN-JK","state_name":"Jammu and Kashmir"}},{"arcs":[[-753,-806,816]],"type":"Polygon","properties":{"region_id":"IN-LA-LEHLADAKH","region_name":"Leh (Ladakh)","state_id":"IN-LA","state_name":"Ladakh"}},{"arcs":[[-778,-814,817,818,-788]],"type":"Polygon","properties":{"region_id":"IN-JK-POONCH","region_name":"Poonch","state_id":"IN-JK","state_name":"Jammu and Kashmir"}},{"arcs":[[-772,819,-781,820]],"type":"Polygon","properties":{"region_id":"IN-JK-PULWAMA","region_name":"Pulwama","state_id":"IN-JK","state_name":"Jammu and Kashmir"}},{"arcs":[[-799,821,-818,-813,822]],"type":"Polygon","properties":{"region_id":"IN-JK-RAJOURI","region_name":"Rajouri","state_id":"IN-JK","state_name":"Jammu and Kashmir"}},{"arcs":[[-769,-795,823,824,-811]],"type":"Polygon","properties":{"region_id":"IN-JK-RAMBAN","region_name":"Ramban","state_id":"IN-JK","state_name":"Jammu and Kashmir"}},{"arcs":[[-800,-823,-812,-825,825]],"type":"Polygon","properties":{"region_id":"IN-JK-REASI","region_name":"Reasi","state_id":"IN-JK","state_name":"Jammu and Kashmir"}},{"arcs":[[-802,826,-809,827]],"type":"Polygon","properties":{"region_id":"IN-JK-SAMBA","region_name":"Samba","state_id":"IN-JK","state_name":"Jammu and Kashmir"}},{"arcs":[[-771,-815,-782,-820]],"type":"Polygon","properties":{"region_id":"IN-JK-SHUPIYAN","region_name":"Shupiyan","state_id":"IN-JK","state_name":"Jammu and Kashmir"}},{"arcs":[[-773,-821,-780,-792,-797]],"type":"Polygon","properties":{"region_id":"IN-JK-SRINAGAR","region_name":"Srinagar","state_id":"IN-JK","state_name":"Jammu and Kashmir"}},{"arcs":[[-794,-810,-827,-801,-826,-824]],"type":"Polygon","properties":{"region_id":"IN-JK-UDHAMPUR","region_name":"Udhampur","state_id":"IN-JK","state_name":"Jammu and Kashmir"}},{"arcs":[[828,829,830,831,832,833]],"type":"Polygon","properties":{"region_id":"IN-JH-BOKARO","region_name":"Bokaro","state_id":"IN-JH","state_name":"Jharkhand"}},{"arcs":[[-292,834,835,836,837]],"type":"Polygon","properties":{"region_id":"IN-JH-CHATRA","region_name":"Chatra","state_id":"IN-JH","state_name":"Jharkhand"}},{"arcs":[[-259,838,839,840,-302]],"type":"Polygon","properties":{"region_id":"IN-JH-DEOGHAR","region_name":"Deoghar","state_id":"IN-JH","state_name":"Jharkhand"}},{"arcs":[[-830,841,842,843,844]],"type":"Polygon","properties":{"region_id":"IN-JH-DHANBAD","region_name":"Dhanbad","state_id":"IN-JH","state_name":"Jharkhand"}},{"arcs":[[-258,845,846,847,848,-839]],"type":"Polygon","properties":{"region_id":"IN-JH-DUMKA","region_name":"Dumka","state_id":"IN-JH","state_name":"Jharkhand"}},{"arcs":[[-362,849,850,-392,851]],"type":"Polygon","properties":{"region_id":"IN-JH-GARHWA","region_name":"Garhwa","state_id":"IN-JH","state_name":"Jharkhand"}},{"arcs":[[-303,-841,852,-842,-829,-834,853,854,-347]],"type":"Polygon","properties":{"region_id":"IN-JH-GIRIDIH","region_name":"Giridih","state_id":"IN-JH","state_name":"Jharkhand"}},{"arcs":[[-257,-273,855,856,-846]],"type":"Polygon","properties":{"region_id":"IN-JH-GODDA","region_name":"Godda","state_id":"IN-JH","state_name":"Jharkhand"}},{"arcs":[[-394,857,858,859,860,861,-440]],"type":"Polygon","properties":{"region_id":"IN-JH-GUMLA","region_name":"Gumla","state_id":"IN-JH","state_name":"Jharkhand"}},{"arcs":[[-291,-349,862,-854,-833,863,864,-835]],"type":"Polygon","properties":{"region_id":"IN-JH-HAZARIBAGH","region_name":"Hazaribagh","state_id":"IN-JH","state_name":"Jharkhand"}},{"arcs":[[-840,-849,865,866,-843,-853]],"type":"Polygon","properties":{"region_id":"IN-JH-JAMTARA","region_name":"Jamtara","state_id":"IN-JH","state_name":"Jharkhand"}},{"arcs":[[-861,867,868,869,870]],"type":"Polygon","properties":{"region_id":"IN-JH-KHUNTI","region_name":"Khunti","state_id":"IN-JH","state_name":"Jharkhand"}},{"arcs":[[-348,-855,-863]],"type":"Polygon","properties":{"region_id":"IN-JH-KODARMA","region_name":"Kodarma","state_id":"IN-JH","state_name":"Jharkhand"}},{"arcs":[[-393,-851,871,-837,872,873,-858]],"type":"Polygon","properties":{"region_id":"IN-JH-LATEHAR","region_name":"Latehar","state_id":"IN-JH","state_name":"Jharkhand"}},{"arcs":[[-859,-874,874]],"type":"Polygon","properties":{"region_id":"IN-JH-LOHARDAGA","region_name":"Lohardaga","state_id":"IN-JH","state_name":"Jharkhand"}},{"arcs":[[-847,-857,875,876,877]],"type":"Polygon","properties":{"region_id":"IN-JH-PAKUR","region_name":"Pakur","state_id":"IN-JH","state_name":"Jharkhand"}},{"arcs":[[-254,-293,-838,-872,-850,-361]],"type":"Polygon","properties":{"region_id":"IN-JH-PALAMU","region_name":"Palamu","state_id":"IN-JH","state_name":"Jharkhand"}},{"arcs":[[-870,878,879,880,881,882]],"type":"Polygon","properties":{"region_id":"IN-JH-PASHCHIMISINGHBHUM","region_name":"Pashchimi Singhbhum","state_id":"IN-JH","state_name":"Jharkhand"}},{"arcs":[[883,884,885,886]],"type":"Polygon","properties":{"region_id":"IN-JH-PURBISINGHBHUM","region_name":"Purbi Singhbhum","state_id":"IN-JH","state_name":"Jharkhand"}},{"arcs":[[-832,887,888,-864]],"type":"Polygon","properties":{"region_id":"IN-JH-RAMGARH","region_name":"Ramgarh","state_id":"IN-JH","state_name":"Jharkhand"}},{"arcs":[[-836,-865,-889,889,890,-868,-860,-875,-873]],"type":"Polygon","properties":{"region_id":"IN-JH-RANCHI","region_name":"Ranchi","state_id":"IN-JH","state_name":"Jharkhand"}},{"arcs":[[-272,-317,891,892,-876,-856]],"type":"Polygon","properties":{"region_id":"IN-JH-SAHIBGANJ","region_name":"Sahibganj","state_id":"IN-JH","state_name":"Jharkhand"}},{"arcs":[[-869,-891,893,-885,894,-879]],"type":"Polygon","properties":{"region_id":"IN-JH-SARAIKELAKHARSAWAN","region_name":"Saraikela-Kharsawan","state_id":"IN-JH","state_name":"Jharkhand"}},{"arcs":[[-441,-862,-871,-883,895]],"type":"Polygon","properties":{"region_id":"IN-JH-SIMDEGA","region_name":"Simdega","state_id":"IN-JH","state_name":"Jharkhand"}},{"arcs":[[896,897,898,899,900]],"type":"Polygon","properties":{"region_id":"IN-KA-BAGALKOT","region_name":"Bagalkot","state_id":"IN-KA","state_name":"Karnataka"}},{"arcs":[[901,902,903]],"type":"Polygon","properties":{"region_id":"IN-KA-BANGALORE","region_name":"Bangalore","state_id":"IN-KA","state_name":"Karnataka"}},{"arcs":[[-904,904,905,906,907,908]],"type":"Polygon","properties":{"region_id":"IN-KA-BANGALORERURAL","region_name":"Bangalore Rural","state_id":"IN-KA","state_name":"Karnataka"}},{"arcs":[[-491,909,910,911,912,-898,913,914,915]],"type":"Polygon","properties":{"region_id":"IN-KA-BELGAUM","region_name":"Belgaum","state_id":"IN-KA","state_name":"Karnataka"}},{"arcs":[[-27,916,917,918,919,920,921,-56]],"type":"Polygon","properties":{"region_id":"IN-KA-BELLARY","region_name":"Bellary","state_id":"IN-KA","state_name":"Karnataka"}},{"arcs":[[922,923,924,925,926,927,928]],"type":"Polygon","properties":{"region_id":"IN-KA-BIDAR","region_name":"Bidar","state_id":"IN-KA","state_name":"Karnataka"}},{"arcs":[[-899,-913,929,930,931,932,933]],"type":"Polygon","properties":{"region_id":"IN-KA-BIJAPUR","region_name":"Bijapur","state_id":"IN-KA","state_name":"Karnataka"}},{"arcs":[[934,935,936,937,938,939,940,941,942]],"type":"Polygon","properties":{"region_id":"IN-KA-CHAMRAJNAGAR","region_name":"Chamrajnagar","state_id":"IN-KA","state_name":"Karnataka"}},{"arcs":[[-22,-31,-38,943,-907,944]],"type":"Polygon","properties":{"region_id":"IN-KA-CHIKBALLAPURA","region_name":"Chikballapura","state_id":"IN-KA","state_name":"Karnataka"}},{"arcs":[[945,946,947,948,949,950,951]],"type":"Polygon","properties":{"region_id":"IN-KA-CHIKMAGALUR","region_name":"Chikmagalur","state_id":"IN-KA","state_name":"Karnataka"}},{"arcs":[[-24,952,-950,953,-917,-26,954]],"type":"Polygon","properties":{"region_id":"IN-KA-CHITRADURGA","region_name":"Chitradurga","state_id":"IN-KA","state_name":"Karnataka"}},{"arcs":[[-946,955,956,957,958,959]],"type":"Polygon","properties":{"region_id":"IN-KA-DAKSHINAKANNADA","region_name":"Dakshina Kannada","state_id":"IN-KA","state_name":"Karnataka"}},{"arcs":[[-918,-954,-949,960,961]],"type":"Polygon","properties":{"region_id":"IN-KA-DAVANAGERE","region_name":"Davanagere","state_id":"IN-KA","state_name":"Karnataka"}},{"arcs":[[-915,962,963,964]],"type":"Polygon","properties":{"region_id":"IN-KA-DHARWAD","region_name":"Dharwad","state_id":"IN-KA","state_name":"Karnataka"}},{"arcs":[[-897,965,-920,966,-963,-914]],"type":"Polygon","properties":{"region_id":"IN-KA-GADAG","region_name":"Gadag","state_id":"IN-KA","state_name":"Karnataka"}},{"arcs":[[-924,967,968,969,970,-932,971,972]],"type":"Polygon","properties":{"region_id":"IN-KA-GULBARGA","region_name":"Gulbarga","state_id":"IN-KA","state_name":"Karnataka"}},{"arcs":[[-952,973,974,975,976,-956]],"type":"Polygon","properties":{"region_id":"IN-KA-HASSAN","region_name":"Hassan","state_id":"IN-KA","state_name":"Karnataka"}},{"arcs":[[-919,-962,977,978,-964,-967]],"type":"Polygon","properties":{"region_id":"IN-KA-HAVERI","region_name":"Haveri","state_id":"IN-KA","state_name":"Karnataka"}},{"arcs":[[-957,-977,979,980,981,982]],"type":"Polygon","properties":{"region_id":"IN-KA-KODAGU","region_name":"Kodagu","state_id":"IN-KA","state_name":"Karnataka"}},{"arcs":[[-37,983,-908,-944]],"type":"Polygon","properties":{"region_id":"IN-KA-KOLAR","region_name":"Kolar","state_id":"IN-KA","state_name":"Karnataka"}},{"arcs":[[-901,984,-921,-966]],"type":"Polygon","properties":{"region_id":"IN-KA-KOPPAL","region_name":"Koppal","state_id":"IN-KA","state_name":"Karnataka"}},{"arcs":[[-939,985,-975,986,987]],"type":"Polygon","properties":{"region_id":"IN-KA-MANDYA","region_name":"Mandya","state_id":"IN-KA","state_name":"Karnataka"}},{"arcs":[[-938,988,-980,-976,-986]],"type":"Polygon","properties":{"region_id":"IN-KA-MYSORE","region_name":"Mysore","state_id":"IN-KA","state_name":"Karnataka"}},{"arcs":[[-57,-922,-985,-900,-934,989,990]],"type":"Polygon","properties":{"region_id":"IN-KA-RAICHUR","region_name":"Raichur","state_id":"IN-KA","state_name":"Karnataka"}},{"arcs":[[-903,991,-940,-988,992,-905]],"type":"Polygon","properties":{"region_id":"IN-KA-RAMANAGARA","region_name":"Ramanagara","state_id":"IN-KA","state_name":"Karnataka"}},{"arcs":[[-948,993,994,-978,-961]],"type":"Polygon","properties":{"region_id":"IN-KA-SHIMOGA","region_name":"Shimoga","state_id":"IN-KA","state_name":"Karnataka"}},{"arcs":[[[-23,-945,-906,-993,-987,-974,-951,-953]],[[-25,-955]]],"type":"MultiPolygon","properties":{"region_id":"IN-KA-TUMKUR","region_name":"Tumkur","state_id":"IN-KA","state_name":"Karnataka"}},{"arcs":[[-947,-960,995,996,-994]],"type":"Polygon","properties":{"region_id":"IN-KA-UDUPI","region_name":"Udupi","state_id":"IN-KA","state_name":"Karnataka"}},{"arcs":[[-492,-916,-965,-979,-995,-997,997,-494]],"type":"Polygon","properties":{"region_id":"IN-KA-UTTARAKANNADA","region_name":"Uttara Kannada","state_id":"IN-KA","state_name":"Karnataka"}},{"arcs":[[-933,-971,998,-990]],"type":"Polygon","properties":{"region_id":"IN-KA-YADGIR","region_name":"Yadgir","state_id":"IN-KA","state_name":"Karnataka"}},{"arcs":[[999,1000,1001,1002,1003,1004,1005]],"type":"Polygon","properties":{"region_id":"IN-KL-ALAPPUZHA","region_name":"Alappuzha","state_id":"IN-KL","state_name":"Kerala"}},{"arcs":[[[-1002,1006]],[[1007,1008,1009,1010,1011]]],"type":"MultiPolygon","properties":{"region_id":"IN-KL-ERNAKULAM","region_name":"Ernakulam","state_id":"IN-KL","state_name":"Kerala"}},{"arcs":[[-1011,1012,1013,1014,1015,1016,1017,1018,1019,1020]],"type":"Polygon","properties":{"region_id":"IN-KL-IDUKKI","region_name":"Idukki","state_id":"IN-KL","state_name":"Kerala"}},{"arcs":[[-982,1021,1022,1023,1024,1025,1026]],"type":"Polygon","properties":{"region_id":"IN-KL-KANNUR","region_name":"Kannur","state_id":"IN-KL","state_name":"Kerala"}},{"arcs":[[-958,-983,-1027,1027]],"type":"Polygon","properties":{"region_id":"IN-KL-KASARAGOD","region_name":"Kasaragod","state_id":"IN-KL","state_name":"Kerala"}},{"arcs":[[1028,1029,1030,1031,-1000,-1006,1032]],"type":"Polygon","properties":{"region_id":"IN-KL-KOLLAM","region_name":"Kollam","state_id":"IN-KL","state_name":"Kerala"}},{"arcs":[[-1004,1033,-1008,-1012,-1021,1034]],"type":"Polygon","properties":{"region_id":"IN-KL-KOTTAYAM","region_name":"Kottayam","state_id":"IN-KL","state_name":"Kerala"}},{"arcs":[[-1023,1035,1036,1037]],"type":"Polygon","properties":{"region_id":"IN-KL-KOZHIKODE","region_name":"Kozhikode","state_id":"IN-KL","state_name":"Kerala"}},{"arcs":[[-1037,1038,1039,1040,1041,1042]],"type":"Polygon","properties":{"region_id":"IN-KL-MALAPPURAM","region_name":"Malappuram","state_id":"IN-KL","state_name":"Kerala"}},{"arcs":[[-1041,1043,1044,1045]],"type":"Polygon","properties":{"region_id":"IN-KL-PALAKKAD","region_name":"Palakkad","state_id":"IN-KL","state_name":"Kerala"}},{"arcs":[[-1005,-1035,-1020,1046,-1029,-1033]],"type":"Polygon","properties":{"region_id":"IN-KL-PATHANAMTHITTA","region_name":"Pathanamthitta","state_id":"IN-KL","state_name":"Kerala"}},{"arcs":[[-1031,1047,1048,1049]],"type":"Polygon","properties":{"region_id":"IN-KL-THIRUVANANTHAPURAM","region_name":"Thiruvananthapuram","state_id":"IN-KL","state_name":"Kerala"}},{"arcs":[[-1010,1050,-1042,-1046,1051,-1013]],"type":"Polygon","properties":{"region_id":"IN-KL-THRISSUR","region_name":"Thrissur","state_id":"IN-KL","state_name":"Kerala"}},{"arcs":[[-937,1052,-1039,-1036,-1022,-981,-989]],"type":"Polygon","properties":{"region_id":"IN-KL-WAYANAD","region_name":"Wayanad","state_id":"IN-KL","state_name":"Kerala"}},{"arcs":[[1053]],"type":"Polygon","properties":{"region_id":"IN-LD-LAKSHADWEEP","region_name":"Lakshadweep","state_id":"IN-LD","state_name":"Lakshadweep"}},{"arcs":[[1054,1055,1056,1057,1058,1059]],"type":"Polygon","properties":{"region_id":"IN-MP-AGARMALWA","region_name":"Agar Malwa","state_id":"IN-MP","state_name":"Madhya Pradesh"}},{"arcs":[[-543,-550,1060,1061,1062,1063]],"type":"Polygon","properties":{"region_id":"IN-MP-ALIRAJPUR","region_name":"Alirajpur","state_id":"IN-MP","state_name":"Madhya Pradesh"}},{"arcs":[[-419,1064,-456]],"type":"Polygon","properties":{"region_id":"IN-MP-ANUPPUR","region_name":"Anuppur","state_id":"IN-MP","state_name":"Madhya Pradesh"}},{"arcs":[[1065,1066,1067,1068,1069]],"type":"Polygon","properties":{"region_id":"IN-MP-ASHOKNAGAR","region_name":"Ashoknagar","state_id":"IN-MP","state_name":"Madhya Pradesh"}},{"arcs":[[-446,-476,1070,1071,1072,1073,1074,1075,1076]],"type":"Polygon","properties":{"region_id":"IN-MP-BALAGHAT","region_name":"Balaghat","state_id":"IN-MP","state_name":"Madhya Pradesh"}},{"arcs":[[1077,1078,1079,1080,1081,-1063,1082]],"type":"Polygon","properties":{"region_id":"IN-MP-BARWANI","region_name":"Barwani","state_id":"IN-MP","state_name":"Madhya Pradesh"}},{"arcs":[[1083,1084,1085,1086,1087,1088]],"type":"Polygon","properties":{"region_id":"IN-MP-BETUL","region_name":"Betul","state_id":"IN-MP","state_name":"Madhya Pradesh"}},{"arcs":[[1089,1090,1091,1092,1093,1094,1095,1096,1097]],"type":"Polygon","properties":{"region_id":"IN-MP-BHIND","region_name":"Bhind","state_id":"IN-MP","state_name":"Madhya Pradesh"}},{"arcs":[[1098,1099,1100,1101,1102,1103]],"type":"Polygon","properties":{"region_id":"IN-MP-BHOPAL","region_name":"Bhopal","state_id":"IN-MP","state_name":"Madhya Pradesh"}},{"arcs":[[1104,1105,1106,1107,1108]],"type":"Polygon","properties":{"region_id":"IN-MP-BURHANPUR","region_name":"Burhanpur","state_id":"IN-MP","state_name":"Madhya Pradesh"}},{"arcs":[[1109,1110,1111,1112,1113,1114,1115,1116,1117]],"type":"Polygon","properties":{"region_id":"IN-MP-CHHATARPUR","region_name":"Chhatarpur","state_id":"IN-MP","state_name":"Madhya Pradesh"}},{"arcs":[[-1088,1118,1119,1120,1121,1122]],"type":"Polygon","properties":{"region_id":"IN-MP-CHHINDWARA","region_name":"Chhindwara","state_id":"IN-MP","state_name":"Madhya Pradesh"}},{"arcs":[[-1111,1123,1124,1125,1126,1127]],"type":"Polygon","properties":{"region_id":"IN-MP-DAMOH","region_name":"Damoh","state_id":"IN-MP","state_name":"Madhya Pradesh"}},{"arcs":[[-1092,1128,1129,1130]],"type":"Polygon","properties":{"region_id":"IN-MP-DATIA","region_name":"Datia","state_id":"IN-MP","state_name":"Madhya Pradesh"}},{"arcs":[[1131,1132,1133,1134,1135,1136,1137,1138]],"type":"Polygon","properties":{"region_id":"IN-MP-DEWAS","region_name":"Dewas","state_id":"IN-MP","state_name":"Madhya Pradesh"}},{"arcs":[[-1062,1139,1140,1141,1142,1143,-1078,-1083]],"type":"Polygon","properties":{"region_id":"IN-MP-DHAR","region_name":"Dhar","state_id":"IN-MP","state_name":"Madhya Pradesh"}},{"arcs":[[-447,-1077,1144,1145,1146,1147,-465]],"type":"Polygon","properties":{"region_id":"IN-MP-DINDORI","region_name":"Dindori","state_id":"IN-MP","state_name":"Madhya Pradesh"}},{"arcs":[[-1085,1148,-1105,1149,-1134,1150]],"type":"Polygon","properties":{"region_id":"IN-MP-EASTNIMAR","region_name":"East Nimar","state_id":"IN-MP","state_name":"Madhya Pradesh"}},{"arcs":[[-1068,1151,-1102,1152,1153,1154,1155]],"type":"Polygon","properties":{"region_id":"IN-MP-GUNA","region_name":"Guna","state_id":"IN-MP","state_name":"Madhya Pradesh"}},{"arcs":[[-1131,1156,1157,-1093]],"type":"Polygon","properties":{"region_id":"IN-MP-GWALIOR","region_name":"Gwalior","state_id":"IN-MP","state_name":"Madhya Pradesh"}},{"arcs":[[-1086,-1151,-1133,1158,1159]],"type":"Polygon","properties":{"region_id":"IN-MP-HARDA","region_name":"Harda","state_id":"IN-MP","state_name":"Madhya Pradesh"}},{"arcs":[[-1087,-1160,1160,1161,1162,-1119]],"type":"Polygon","properties":{"region_id":"IN-MP-HOSHANGABAD","region_name":"Hoshangabad","state_id":"IN-MP","state_name":"Madhya Pradesh"}},{"arcs":[[-1136,1163,-1143,1164]],"type":"Polygon","properties":{"region_id":"IN-MP-INDORE","region_name":"Indore","state_id":"IN-MP","state_name":"Madhya Pradesh"}},{"arcs":[[-1126,1165,1166,-1146,1167,1168,1169]],"type":"Polygon","properties":{"region_id":"IN-MP-JABALPUR","region_name":"Jabalpur","state_id":"IN-MP","state_name":"Madhya Pradesh"}},{"arcs":[[-549,1170,1171,-1140,-1061]],"type":"Polygon","properties":{"region_id":"IN-MP-JHABUA","region_name":"Jhabua","state_id":"IN-MP","state_name":"Madhya Pradesh"}},{"arcs":[[-1125,1172,1173,1174,-1166]],"type":"Polygon","properties":{"region_id":"IN-MP-KATNI","region_name":"Katni","state_id":"IN-MP","state_name":"Madhya Pradesh"}},{"arcs":[[-1076,1175,-1168,-1145]],"type":"Polygon","properties":{"region_id":"IN-MP-MANDLA","region_name":"Mandla","state_id":"IN-MP","state_name":"Madhya Pradesh"}},{"arcs":[[1176,1177,1178,1179,1180,1181,1182]],"type":"Polygon","properties":{"region_id":"IN-MP-MANDSAUR","region_name":"Mandsaur","state_id":"IN-MP","state_name":"Madhya Pradesh"}},{"arcs":[[-1094,-1158,1183,1184,1185,1186,1187]],"type":"Polygon","properties":{"region_id":"IN-MP-MORENA","region_name":"Morena","state_id":"IN-MP","state_name":"Madhya Pradesh"}},{"arcs":[[-1120,-1163,1188,1189,-1127,-1170,1190]],"type":"Polygon","properties":{"region_id":"IN-MP-NARSIMHAPUR","region_name":"Narsimhapur","state_id":"IN-MP","state_name":"Madhya Pradesh"}},{"arcs":[[-1179,1191,1192,1193,1194]],"type":"Polygon","properties":{"region_id":"IN-MP-NEEMUCH","region_name":"Neemuch","state_id":"IN-MP","state_name":"Madhya Pradesh"}},{"arcs":[[-1110,-1118,1195,1196,-1173,-1124]],"type":"Polygon","properties":{"region_id":"IN-MP-PANNA","region_name":"Panna","state_id":"IN-MP","state_name":"Madhya Pradesh"}},{"arcs":[[-1162,1197,-1099,-1104,1198,1199,-1189]],"type":"Polygon","properties":{"region_id":"IN-MP-RAISEN","region_name":"Raisen","state_id":"IN-MP","state_name":"Madhya Pradesh"}},{"arcs":[[-1059,1200,-1153,-1101,1201,1202]],"type":"Polygon","properties":{"region_id":"IN-MP-RAJGARH","region_name":"Rajgarh","state_id":"IN-MP","state_name":"Madhya Pradesh"}},{"arcs":[[-1141,-1172,1203,1204,-1177,-1183,1205,-1057,1206]],"type":"Polygon","properties":{"region_id":"IN-MP-RATLAM","region_name":"Ratlam","state_id":"IN-MP","state_name":"Madhya Pradesh"}},{"arcs":[[1207,1208,1209,1210,1211,1212,1213]],"type":"Polygon","properties":{"region_id":"IN-MP-REWA","region_name":"Rewa","state_id":"IN-MP","state_name":"Madhya Pradesh"}},{"arcs":[[-1066,1214,-1112,-1128,-1190,-1200,1215]],"type":"Polygon","properties":{"region_id":"IN-MP-SAGAR","region_name":"Sagar","state_id":"IN-MP","state_name":"Madhya Pradesh"}},{"arcs":[[-1174,-1197,1216,1217,-1209,1218,1219,1220]],"type":"Polygon","properties":{"region_id":"IN-MP-SATNA","region_name":"Satna","state_id":"IN-MP","state_name":"Madhya Pradesh"}},{"arcs":[[-1100,-1198,-1161,-1159,-1132,-1139,1221,-1202]],"type":"Polygon","properties":{"region_id":"IN-MP-SEHORE","region_name":"Sehore","state_id":"IN-MP","state_name":"Madhya Pradesh"}},{"arcs":[[-1075,1222,-1121,-1191,-1169,-1176]],"type":"Polygon","properties":{"region_id":"IN-MP-SEONI","region_name":"Seoni","state_id":"IN-MP","state_name":"Madhya Pradesh"}},{"arcs":[[-418,-1148,1223,-1220,1224,-457,-1065]],"type":"Polygon","properties":{"region_id":"IN-MP-SHAHDOL","region_name":"Shahdol","state_id":"IN-MP","state_name":"Madhya Pradesh"}},{"arcs":[[-1055,-1060,-1203,-1222,-1138,1225]],"type":"Polygon","properties":{"region_id":"IN-MP-SHAJAPUR","region_name":"Shajapur","state_id":"IN-MP","state_name":"Madhya Pradesh"}},{"arcs":[[-1185,1226,1227,1228,1229,1230]],"type":"Polygon","properties":{"region_id":"IN-MP-SHEOPUR","region_name":"Sheopur","state_id":"IN-MP","state_name":"Madhya Pradesh"}},{"arcs":[[-1069,-1156,1231,-1227,-1184,-1157,-1130,1232,1233]],"type":"Polygon","properties":{"region_id":"IN-MP-SHIVPURI","region_name":"Shivpuri","state_id":"IN-MP","state_name":"Madhya Pradesh"}},{"arcs":[[-458,-1225,-1219,-1208,-1214,1234]],"type":"Polygon","properties":{"region_id":"IN-MP-SIDHI","region_name":"Sidhi","state_id":"IN-MP","state_name":"Madhya Pradesh"}},{"arcs":[[-390,-480,-459,-1235,-1213,1235,1236]],"type":"Polygon","properties":{"region_id":"IN-MP-SINGRAULI","region_name":"Singrauli","state_id":"IN-MP","state_name":"Madhya Pradesh"}},{"arcs":[[-1114,1237,1238]],"type":"Polygon","properties":{"region_id":"IN-MP-TIKAMGARH","region_name":"Tikamgarh","state_id":"IN-MP","state_name":"Madhya Pradesh"}},{"arcs":[[-1056,-1226,-1137,-1165,-1142,-1207]],"type":"Polygon","properties":{"region_id":"IN-MP-UJJAIN","region_name":"Ujjain","state_id":"IN-MP","state_name":"Madhya Pradesh"}},{"arcs":[[-1147,-1167,-1175,-1221,-1224]],"type":"Polygon","properties":{"region_id":"IN-MP-UMARIA","region_name":"Umaria","state_id":"IN-MP","state_name":"Madhya Pradesh"}},{"arcs":[[-1067,-1216,-1199,-1103,-1152]],"type":"Polygon","properties":{"region_id":"IN-MP-VIDISHA","region_name":"Vidisha","state_id":"IN-MP","state_name":"Madhya Pradesh"}},{"arcs":[[-1079,-1144,-1164,-1135,-1150,-1109,1239]],"type":"Polygon","properties":{"region_id":"IN-MP-WESTNIMAR","region_name":"West Nimar","state_id":"IN-MP","state_name":"Madhya Pradesh"}},{"arcs":[[1240,1241,1242,1243,1244,1245,1246]],"type":"Polygon","properties":{"region_id":"IN-MH-AHMADNAGAR","region_name":"Ahmadnagar","state_id":"IN-MH","state_name":"Maharashtra"}},{"arcs":[[1247,1248,1249,1250]],"type":"Polygon","properties":{"region_id":"IN-MH-AKOLA","region_name":"Akola","state_id":"IN-MH","state_name":"Maharashtra"}},{"arcs":[[-1084,-1089,-1123,1251,1252,1253,1254,-1250,1255,-1106,-1149]],"type":"Polygon","properties":{"region_id":"IN-MH-AMRAVATI","region_name":"Amravati","state_id":"IN-MH","state_name":"Maharashtra"}},{"arcs":[[-1246,1256,1257,1258,1259]],"type":"Polygon","properties":{"region_id":"IN-MH-AURANGABAD","region_name":"Aurangabad","state_id":"IN-MH","state_name":"Maharashtra"}},{"arcs":[[[-1073,1260,1261,1262,1263]],[[-475,1264,-1071]]],"type":"MultiPolygon","properties":{"region_id":"IN-MH-BHANDARA","region_name":"Bhandara","state_id":"IN-MH","state_name":"Maharashtra"}},{"arcs":[[-1241,-1247,-1260,1265,1266,1267,1268,1269]],"type":"Polygon","properties":{"region_id":"IN-MH-BID","region_name":"Bid","state_id":"IN-MH","state_name":"Maharashtra"}},{"arcs":[[-1107,-1256,-1249,1270,1271,1272,1273]],"type":"Polygon","properties":{"region_id":"IN-MH-BULDANA","region_name":"Buldana","state_id":"IN-MH","state_name":"Maharashtra"}},{"arcs":[[-1263,1274,1275,1276,1277,1278]],"type":"Polygon","properties":{"region_id":"IN-MH-CHANDRAPUR","region_name":"Chandrapur","state_id":"IN-MH","state_name":"Maharashtra"}},{"arcs":[[1279,-1081,1280,1281,-625,-623]],"type":"Polygon","properties":{"region_id":"IN-MH-DHULE","region_name":"Dhule","state_id":"IN-MH","state_name":"Maharashtra"}},{"arcs":[[-415,1282,1283,-1275,-1262,1284,-473,-481,-466]],"type":"Polygon","properties":{"region_id":"IN-MH-GARHCHIROLI","region_name":"Garhchiroli","state_id":"IN-MH","state_name":"Maharashtra"}},{"arcs":[[-474,-1285,-1261,-1072,-1265]],"type":"Polygon","properties":{"region_id":"IN-MH-GONDIYA","region_name":"Gondiya","state_id":"IN-MH","state_name":"Maharashtra"}},{"arcs":[[1285,1286,1287,1288,1289]],"type":"Polygon","properties":{"region_id":"IN-MH-HINGOLI","region_name":"Hingoli","state_id":"IN-MH","state_name":"Maharashtra"}},{"arcs":[[-1080,-1240,-1108,-1274,1290,-1258,1291,-1281]],"type":"Polygon","properties":{"region_id":"IN-MH-JALGAON","region_name":"Jalgaon","state_id":"IN-MH","state_name":"Maharashtra"}},{"arcs":[[-1259,-1291,-1273,1292,-1266]],"type":"Polygon","properties":{"region_id":"IN-MH-JALNA","region_name":"Jalna","state_id":"IN-MH","state_name":"Maharashtra"}},{"arcs":[[-911,1293,1294,1295]],"type":"Polygon","properties":{"region_id":"IN-MH-KOLHAPUR","region_name":"Kolhapur","state_id":"IN-MH","state_name":"Maharashtra"}},{"arcs":[[-926,1296,-1268,1297,1298]],"type":"Polygon","properties":{"region_id":"IN-MH-LATUR","region_name":"Latur","state_id":"IN-MH","state_name":"Maharashtra"}},{"arcs":[[1299,1300]],"type":"Polygon","properties":{"region_id":"IN-MH-MUMBAICITY","region_name":"Mumbai City","state_id":"IN-MH","state_name":"Maharashtra"}},{"arcs":[[[-1300,1301,1302,1303]],[[1304,1305]]],"type":"MultiPolygon","properties":{"region_id":"IN-MH-MUMBAISUBURBAN","region_name":"Mumbai Suburban","state_id":"IN-MH","state_name":"Maharashtra"}},{"arcs":[[-1074,-1264,-1279,1306,-1252,-1122,-1223]],"type":"Polygon","properties":{"region_id":"IN-MH-NAGPUR","region_name":"Nagpur","state_id":"IN-MH","state_name":"Maharashtra"}},{"arcs":[[-927,-1299,1307,-1286,-1290,1308,1309,1310]],"type":"Polygon","properties":{"region_id":"IN-MH-NANDED","region_name":"Nanded","state_id":"IN-MH","state_name":"Maharashtra"}},{"arcs":[[-622,-603,-544,-1064,-1082,-1280]],"type":"Polygon","properties":{"region_id":"IN-MH-NANDURBAR","region_name":"Nandurbar","state_id":"IN-MH","state_name":"Maharashtra"}},{"arcs":[[-608,-626,-1282,-1292,-1257,-1245,1311,1312,-631]],"type":"Polygon","properties":{"region_id":"IN-MH-NASHIK","region_name":"Nashik","state_id":"IN-MH","state_name":"Maharashtra"}},{"arcs":[[-925,-973,1313,-1269,-1297]],"type":"Polygon","properties":{"region_id":"IN-MH-OSMANABAD","region_name":"Osmanabad","state_id":"IN-MH","state_name":"Maharashtra"}},{"arcs":[[-483,-632,-1313,1314,1315,-628]],"type":"Polygon","properties":{"region_id":"IN-MH-PALGHAR","region_name":"Palghar","state_id":"IN-MH","state_name":"Maharashtra"}},{"arcs":[[-1267,-1293,-1272,1316,-1287,-1308,-1298]],"type":"Polygon","properties":{"region_id":"IN-MH-PARBHANI","region_name":"Parbhani","state_id":"IN-MH","state_name":"Maharashtra"}},{"arcs":[[-1243,1317,1318,1319,1320]],"type":"Polygon","properties":{"region_id":"IN-MH-PUNE","region_name":"Pune","state_id":"IN-MH","state_name":"Maharashtra"}},{"arcs":[[-1320,1321,1322,1323,1324]],"type":"Polygon","properties":{"region_id":"IN-MH-RAIGARH","region_name":"Raigarh","state_id":"IN-MH","state_name":"Maharashtra"}},{"arcs":[[-1295,1325,1326,-1323,1327,1328]],"type":"Polygon","properties":{"region_id":"IN-MH-RATNAGIRI","region_name":"Ratnagiri","state_id":"IN-MH","state_name":"Maharashtra"}},{"arcs":[[-912,-1296,-1329,1329,1330,-930]],"type":"Polygon","properties":{"region_id":"IN-MH-SANGLI","region_name":"Sangli","state_id":"IN-MH","state_name":"Maharashtra"}},{"arcs":[[-1319,1331,-1330,-1328,-1322]],"type":"Polygon","properties":{"region_id":"IN-MH-SATARA","region_name":"Satara","state_id":"IN-MH","state_name":"Maharashtra"}},{"arcs":[[-490,1332,-1326,-1294,-910]],"type":"Polygon","properties":{"region_id":"IN-MH-SINDHUDURG","region_name":"Sindhudurg","state_id":"IN-MH","state_name":"Maharashtra"}},{"arcs":[[-931,-1331,-1332,-1318,-1242,-1270,-1314,-972]],"type":"Polygon","properties":{"region_id":"IN-MH-SOLAPUR","region_name":"Solapur","state_id":"IN-MH","state_name":"Maharashtra"}},{"arcs":[[-1244,-1321,-1325,1333,-1303,1334,-1305,1335,-1315,-1312]],"type":"Polygon","properties":{"region_id":"IN-MH-THANE","region_name":"Thane","state_id":"IN-MH","state_name":"Maharashtra"}},{"arcs":[[-1253,-1307,-1278,1336]],"type":"Polygon","properties":{"region_id":"IN-MH-WARDHA","region_name":"Wardha","state_id":"IN-MH","state_name":"Maharashtra"}},{"arcs":[[-1248,-1251,-1255,1337,-1288,-1317,-1271]],"type":"Polygon","properties":{"region_id":"IN-MH-WASHIM","region_name":"Washim","state_id":"IN-MH","state_name":"Maharashtra"}},{"arcs":[[-1254,-1337,-1277,1338,-1309,-1289,-1338]],"type":"Polygon","properties":{"region_id":"IN-MH-YAVATMAL","region_name":"Yavatmal","state_id":"IN-MH","state_name":"Maharashtra"}},{"arcs":[[1339,1340,1341,1342]],"type":"Polygon","properties":{"region_id":"IN-MN-BISHNUPUR","region_name":"Bishnupur","state_id":"IN-MN","state_name":"Manipur"}},{"arcs":[[1343,1344,1345,1346,1347]],"type":"Polygon","properties":{"region_id":"IN-MN-CHANDEL","region_name":"Chandel","state_id":"IN-MN","state_name":"Manipur"}},{"arcs":[[-161,1348,1349,1350,-1340,-1344,1351,1352,1353]],"type":"Polygon","properties":{"region_id":"IN-MN-CHURACHANDPUR","region_name":"Churachandpur","state_id":"IN-MN","state_name":"Manipur"}},{"arcs":[[[-160,1354,-1349]],[[1355,1356,1357,1358]]],"type":"MultiPolygon","properties":{"region_id":"IN-MN-IMPHALEAST","region_name":"Imphal East","state_id":"IN-MN","state_name":"Manipur"}},{"arcs":[[-1342,1359,-1356,-1359,1360]],"type":"Polygon","properties":{"region_id":"IN-MN-IMPHALWEST","region_name":"Imphal West","state_id":"IN-MN","state_name":"Manipur"}},{"arcs":[[-1341,-1351,1361,1362,1363,1364,1365,-1346,1366,-1357,-1360]],"type":"Polygon","properties":{"region_id":"IN-MN-SENAPATI","region_name":"Senapati","state_id":"IN-MN","state_name":"Manipur"}},{"arcs":[[-159,-192,1367,-1362,-1350,-1355]],"type":"Polygon","properties":{"region_id":"IN-MN-TAMENGLONG","region_name":"Tamenglong","state_id":"IN-MN","state_name":"Manipur"}},{"arcs":[[-1343,-1361,-1358,-1367,-1345]],"type":"Polygon","properties":{"region_id":"IN-MN-THOUBAL","region_name":"Thoubal","state_id":"IN-MN","state_name":"Manipur"}},{"arcs":[[-1347,-1366,1368,1369]],"type":"Polygon","properties":{"region_id":"IN-MN-UKHRUL","region_name":"Ukhrul","state_id":"IN-MN","state_name":"Manipur"}},{"arcs":[[-194,-215,1370,1371,1372,1373]],"type":"Polygon","properties":{"region_id":"IN-ML-EASTGAROHILLS","region_name":"East Garo Hills","state_id":"IN-ML","state_name":"Meghalaya"}},{"arcs":[[1374,1375,1376,1377,1378]],"type":"Polygon","properties":{"region_id":"IN-ML-EASTKHASIHILLS","region_name":"East Khasi Hills","state_id":"IN-ML","state_name":"Meghalaya"}},{"arcs":[[-157,1379,-1378,1380,-219,-187]],"type":"Polygon","properties":{"region_id":"IN-ML-JAINTIAHILLS","region_name":"Jaintia Hills","state_id":"IN-ML","state_name":"Meghalaya"}},{"arcs":[[-195,-1374,1381]],"type":"Polygon","properties":{"region_id":"IN-ML-NORTHGAROHILLS","region_name":"North Garo Hills","state_id":"IN-ML","state_name":"Meghalaya"}},{"arcs":[[-213,-218,-235,-220,-1381,-1377,1382]],"type":"Polygon","properties":{"region_id":"IN-ML-RIBHOI","region_name":"Ri Bhoi","state_id":"IN-ML","state_name":"Meghalaya"}},{"arcs":[[-1372,1383,1384,1385,1386]],"type":"Polygon","properties":{"region_id":"IN-ML-SOUTHGAROHILLS","region_name":"South Garo Hills","state_id":"IN-ML","state_name":"Meghalaya"}},{"arcs":[[-179,1387,1388]],"type":"Polygon","properties":{"region_id":"IN-ML-SOUTHWESTGAROHILLS","region_name":"South West Garo Hills","state_id":"IN-ML","state_name":"Meghalaya"}},{"arcs":[[-1375,1389,-1385,1390]],"type":"Polygon","properties":{"region_id":"IN-ML-SOUTHWESTKHASIHILLS","region_name":"South West Khasi Hills","state_id":"IN-ML","state_name":"Meghalaya"}},{"arcs":[[-178,-196,-1382,-1373,-1387,1391,-1388]],"type":"Polygon","properties":{"region_id":"IN-ML-WESTGAROHILLS","region_name":"West Garo Hills","state_id":"IN-ML","state_name":"Meghalaya"}},{"arcs":[[-214,-1383,-1376,-1391,-1384,-1371]],"type":"Polygon","properties":{"region_id":"IN-ML-WESTKHASIHILLS","region_name":"West Khasi Hills","state_id":"IN-ML","state_name":"Meghalaya"}},{"arcs":[[-162,-1354,1392,1393,1394,1395,1396]],"type":"Polygon","properties":{"region_id":"IN-MZ-AIZAWL","region_name":"Aizawl","state_id":"IN-MZ","state_name":"Mizoram"}},{"arcs":[[-1353,1397,1398,-1393]],"type":"Polygon","properties":{"region_id":"IN-MZ-CHAMPHAI","region_name":"Champhai","state_id":"IN-MZ","state_name":"Mizoram"}},{"arcs":[[-163,-1397,1399,-205]],"type":"Polygon","properties":{"region_id":"IN-MZ-KOLASIB","region_name":"Kolasib","state_id":"IN-MZ","state_name":"Mizoram"}},{"arcs":[[1400,1401,1402,1403]],"type":"Polygon","properties":{"region_id":"IN-MZ-LAWANGTLAI","region_name":"Lawangtlai","state_id":"IN-MZ","state_name":"Mizoram"}},{"arcs":[[-1395,1404,1405,1406,-1401,-1404,1407,1408]],"type":"Polygon","properties":{"region_id":"IN-MZ-LUNGLEI","region_name":"Lunglei","state_id":"IN-MZ","state_name":"Mizoram"}},{"arcs":[[-206,-1400,-1396,-1409,1409,1410,-226]],"type":"Polygon","properties":{"region_id":"IN-MZ-MAMIT","region_name":"Mamit","state_id":"IN-MZ","state_name":"Mizoram"}},{"arcs":[[-1402,-1407,1411]],"type":"Polygon","properties":{"region_id":"IN-MZ-SAIHA","region_name":"Saiha","state_id":"IN-MZ","state_name":"Mizoram"}},{"arcs":[[-1394,-1399,1412,-1405]],"type":"Polygon","properties":{"region_id":"IN-MZ-SERCHHIP","region_name":"Serchhip","state_id":"IN-MZ","state_name":"Mizoram"}},{"arcs":[[-201,1413,1414,-224]],"type":"Polygon","properties":{"region_id":"IN-NL-DIMAPUR","region_name":"Dimapur","state_id":"IN-NL","state_name":"Nagaland"}},{"arcs":[[1415,1416,1417,1418]],"type":"Polygon","properties":{"region_id":"IN-NL-KIPHIRE","region_name":"Kiphire","state_id":"IN-NL","state_name":"Nagaland"}},{"arcs":[[-200,1419,1420,1421,-1364,1422,-1414]],"type":"Polygon","properties":{"region_id":"IN-NL-KOHIMA","region_name":"Kohima","state_id":"IN-NL","state_name":"Nagaland"}},{"arcs":[[-238,1423,1424,1425]],"type":"Polygon","properties":{"region_id":"IN-NL-LONGLENG","region_name":"Longleng","state_id":"IN-NL","state_name":"Nagaland"}},{"arcs":[[-209,-239,-1426,1426,1427,1428]],"type":"Polygon","properties":{"region_id":"IN-NL-MOKOKCHUNG","region_name":"Mokokchung","state_id":"IN-NL","state_name":"Nagaland"}},{"arcs":[[-113,1429,1430,-1424,-237]],"type":"Polygon","properties":{"region_id":"IN-NL-MON","region_name":"Mon","state_id":"IN-NL","state_name":"Nagaland"}},{"arcs":[[-191,-225,-1415,-1423,-1363,-1368]],"type":"Polygon","properties":{"region_id":"IN-NL-PEREN","region_name":"Peren","state_id":"IN-NL","state_name":"Nagaland"}},{"arcs":[[-1365,-1422,1431,-1416,1432,-1369]],"type":"Polygon","properties":{"region_id":"IN-NL-PHEK","region_name":"Phek","state_id":"IN-NL","state_name":"Nagaland"}},{"arcs":[[-1418,1433,-1427,-1425,-1431,1434]],"type":"Polygon","properties":{"region_id":"IN-NL-TUENSANG","region_name":"Tuensang","state_id":"IN-NL","state_name":"Nagaland"}},{"arcs":[[-199,-210,-1429,1435,-1420]],"type":"Polygon","properties":{"region_id":"IN-NL-WOKHA","region_name":"Wokha","state_id":"IN-NL","state_name":"Nagaland"}},{"arcs":[[-1417,-1432,-1421,-1436,-1428,-1434]],"type":"Polygon","properties":{"region_id":"IN-NL-ZUNHEBOTO","region_name":"Zunheboto","state_id":"IN-NL","state_name":"Nagaland"}},{"arcs":[[-651,-664,-670,-718,1436,1437,1438]],"type":"Polygon","properties":{"region_id":"IN-DL-DELHI","region_name":"Delhi","state_id":"IN-DL","state_name":"Delhi"}},{"arcs":[[1439,1440,1441,1442,1443,1444,1445,1446,1447,1448]],"type":"Polygon","properties":{"region_id":"IN-OR-ANUGUL","region_name":"Anugul","state_id":"IN-OR","state_name":"Odisha"}},{"arcs":[[1449,1450,1451,1452,1453,1454]],"type":"Polygon","properties":{"region_id":"IN-OR-BALANGIR","region_name":"Balangir","state_id":"IN-OR","state_name":"Odisha"}},{"arcs":[[1455,1456,1457,1458,1459,1460,1461]],"type":"Polygon","properties":{"region_id":"IN-OR-BALESHWAR","region_name":"Baleshwar","state_id":"IN-OR","state_name":"Odisha"}},{"arcs":[[-462,-471,1462,1463,1464,-1451,1465]],"type":"Polygon","properties":{"region_id":"IN-OR-BARGARH","region_name":"Bargarh","state_id":"IN-OR","state_name":"Odisha"}},{"arcs":[[-1440,-1449,1466,1467,-1453,1468]],"type":"Polygon","properties":{"region_id":"IN-OR-BAUDA","region_name":"Bauda","state_id":"IN-OR","state_name":"Odisha"}},{"arcs":[[-1460,1469,1470,1471,1472]],"type":"Polygon","properties":{"region_id":"IN-OR-BHADRAK","region_name":"Bhadrak","state_id":"IN-OR","state_name":"Odisha"}},{"arcs":[[-1447,1473,1474,1475,1476,1477,1478,1479]],"type":"Polygon","properties":{"region_id":"IN-OR-CUTTACK","region_name":"Cuttack","state_id":"IN-OR","state_name":"Odisha"}},{"arcs":[[-1443,1480,1481]],"type":"Polygon","properties":{"region_id":"IN-OR-DEBAGARH","region_name":"Debagarh","state_id":"IN-OR","state_name":"Odisha"}},{"arcs":[[-1446,1482,1483,-1474]],"type":"Polygon","properties":{"region_id":"IN-OR-DHENKANAL","region_name":"Dhenkanal","state_id":"IN-OR","state_name":"Odisha"}},{"arcs":[[-70,1484,1485,1486]],"type":"Polygon","properties":{"region_id":"IN-OR-GAJAPATI","region_name":"Gajapati","state_id":"IN-OR","state_name":"Odisha"}},{"arcs":[[-71,-1487,1487,1488,1489,1490,1491]],"type":"Polygon","properties":{"region_id":"IN-OR-GANJAM","region_name":"Ganjam","state_id":"IN-OR","state_name":"Odisha"}},{"arcs":[[-1477,1492,1493,1494]],"type":"Polygon","properties":{"region_id":"IN-OR-JAGATSINGHAPUR","region_name":"Jagatsinghapur","state_id":"IN-OR","state_name":"Odisha"}},{"arcs":[[-1472,1495,-1475,-1484,1496]],"type":"Polygon","properties":{"region_id":"IN-OR-JAJAPUR","region_name":"Jajapur","state_id":"IN-OR","state_name":"Odisha"}},{"arcs":[[-470,1497,1498,-1463]],"type":"Polygon","properties":{"region_id":"IN-OR-JHARSUGUDA","region_name":"Jharsuguda","state_id":"IN-OR","state_name":"Odisha"}},{"arcs":[[-436,1499,-1455,1500,1501,1502,1503]],"type":"Polygon","properties":{"region_id":"IN-OR-KALAHANDI","region_name":"Kalahandi","state_id":"IN-OR","state_name":"Odisha"}},{"arcs":[[-1501,-1454,-1468,1504,-1488,-1486,1505]],"type":"Polygon","properties":{"region_id":"IN-OR-KANDHAMAL","region_name":"Kandhamal","state_id":"IN-OR","state_name":"Odisha"}},{"arcs":[[[-1471,1506,-1493,-1476,-1496]],[[1507]]],"type":"MultiPolygon","properties":{"region_id":"IN-OR-KENDRAPARA","region_name":"Kendrapara","state_id":"IN-OR","state_name":"Odisha"}},{"arcs":[[-881,1508,-1461,-1473,-1497,-1483,-1445,1509]],"type":"Polygon","properties":{"region_id":"IN-OR-KENDUJHAR","region_name":"Kendujhar","state_id":"IN-OR","state_name":"Odisha"}},{"arcs":[[-1479,1510,-1490,1511]],"type":"Polygon","properties":{"region_id":"IN-OR-KHORDHA","region_name":"Khordha","state_id":"IN-OR","state_name":"Odisha"}},{"arcs":[[-74,1512,-402,1513,-1503,1514,-78]],"type":"Polygon","properties":{"region_id":"IN-OR-KORAPUT","region_name":"Koraput","state_id":"IN-OR","state_name":"Odisha"}},{"arcs":[[-44,1515,-477,-403,-1513,-73]],"type":"Polygon","properties":{"region_id":"IN-OR-MALKANGIRI","region_name":"Malkangiri","state_id":"IN-OR","state_name":"Odisha"}},{"arcs":[[-880,-895,-884,1516,-1456,-1462,-1509]],"type":"Polygon","properties":{"region_id":"IN-OR-MAYURBHANJ","region_name":"Mayurbhanj","state_id":"IN-OR","state_name":"Odisha"}},{"arcs":[[-401,-451,-428,-437,-1504,-1514]],"type":"Polygon","properties":{"region_id":"IN-OR-NABARANGAPUR","region_name":"Nabarangapur","state_id":"IN-OR","state_name":"Odisha"}},{"arcs":[[-1448,-1480,-1512,-1489,-1505,-1467]],"type":"Polygon","properties":{"region_id":"IN-OR-NAYAGARH","region_name":"Nayagarh","state_id":"IN-OR","state_name":"Odisha"}},{"arcs":[[-435,-463,-1466,-1450,-1500]],"type":"Polygon","properties":{"region_id":"IN-OR-NUAPADA","region_name":"Nuapada","state_id":"IN-OR","state_name":"Odisha"}},{"arcs":[[[-1478,-1495,1517,-1491,-1511]],[[1518]]],"type":"MultiPolygon","properties":{"region_id":"IN-OR-PURI","region_name":"Puri","state_id":"IN-OR","state_name":"Odisha"}},{"arcs":[[-69,-79,-1515,-1502,-1506,-1485]],"type":"Polygon","properties":{"region_id":"IN-OR-RAYAGADA","region_name":"Rayagada","state_id":"IN-OR","state_name":"Odisha"}},{"arcs":[[-1442,1519,-1464,-1499,1520,-1481]],"type":"Polygon","properties":{"region_id":"IN-OR-SAMBALPUR","region_name":"Sambalpur","state_id":"IN-OR","state_name":"Odisha"}},{"arcs":[[-1441,-1469,-1452,-1465,-1520]],"type":"Polygon","properties":{"region_id":"IN-OR-SUBARNAPUR","region_name":"Subarnapur","state_id":"IN-OR","state_name":"Odisha"}},{"arcs":[[-442,-896,-882,-1510,-1444,-1482,-1521,-1498,-469]],"type":"Polygon","properties":{"region_id":"IN-OR-SUNDARGARH","region_name":"Sundargarh","state_id":"IN-OR","state_name":"Odisha"}},{"arcs":[[1521,1522,1523,1524]],"type":"Polygon","properties":{"region_id":"IN-PY-KARAIKAL","region_name":"Karaikal","state_id":"IN-PY","state_name":"Puducherry"}},{"arcs":[[-1025,1525]],"type":"Polygon","properties":{"region_id":"IN-PY-MAHE","region_name":"Mahe","state_id":"IN-PY","state_name":"Puducherry"}},{"arcs":[[1526,1527,1528]],"type":"Polygon","properties":{"region_id":"IN-PY-PUDUCHERRY","region_name":"Puducherry","state_id":"IN-PY","state_name":"Puducherry"}},{"arcs":[[-40,1529]],"type":"Polygon","properties":{"region_id":"IN-PY-YANAM","region_name":"Yanam","state_id":"IN-PY","state_name":"Puducherry"}},{"arcs":[[1530,1531,1532,1533,1534]],"type":"Polygon","properties":{"region_id":"IN-PB-AMRITSAR","region_name":"Amritsar","state_id":"IN-PB","state_name":"Punjab"}},{"arcs":[[1535,1536,1537,1538,1539]],"type":"Polygon","properties":{"region_id":"IN-PB-BARNALA","region_name":"Barnala","state_id":"IN-PB","state_name":"Punjab"}},{"arcs":[[-715,1540,1541,1542,-1536,1543]],"type":"Polygon","properties":{"region_id":"IN-PB-BATHINDA","region_name":"Bathinda","state_id":"IN-PB","state_name":"Punjab"}},{"arcs":[[-1542,1544,1545,1546]],"type":"Polygon","properties":{"region_id":"IN-PB-FARIDKOT","region_name":"Faridkot","state_id":"IN-PB","state_name":"Punjab"}},{"arcs":[[1547,1548,1549,1550,1551,1552]],"type":"Polygon","properties":{"region_id":"IN-PB-FATEHGARHSAHIB","region_name":"Fatehgarh Sahib","state_id":"IN-PB","state_name":"Punjab"}},{"arcs":[[1553,1554,1555,1556,1557,1558]],"type":"Polygon","properties":{"region_id":"IN-PB-FAZILKA","region_name":"Fazilka","state_id":"IN-PB","state_name":"Punjab"}},{"arcs":[[-1546,1559,-1557,1560,1561,1562,1563,1564]],"type":"Polygon","properties":{"region_id":"IN-PB-FIROZPUR","region_name":"Firozpur","state_id":"IN-PB","state_name":"Punjab"}},{"arcs":[[-1531,-1535,1565,1566,1567,1568]],"type":"Polygon","properties":{"region_id":"IN-PB-GURDASPUR","region_name":"Gurdaspur","state_id":"IN-PB","state_name":"Punjab"}},{"arcs":[[-741,-767,1569,1570,1571,1572,1573,-1568]],"type":"Polygon","properties":{"region_id":"IN-PB-HOSHIARPUR","region_name":"Hoshiarpur","state_id":"IN-PB","state_name":"Punjab"}},{"arcs":[[-1564,1574,-1573,1575,1576,1577,1578]],"type":"Polygon","properties":{"region_id":"IN-PB-JALANDHAR","region_name":"Jalandhar","state_id":"IN-PB","state_name":"Punjab"}},{"arcs":[[[-1532,-1569,-1574,-1575,-1563,1579]],[[-1572,1580,-1576]]],"type":"MultiPolygon","properties":{"region_id":"IN-PB-KAPURTHALA","region_name":"Kapurthala","state_id":"IN-PB","state_name":"Punjab"}},{"arcs":[[-1538,1581,-1578,1582,1583,-1548,-1553,1584]],"type":"Polygon","properties":{"region_id":"IN-PB-LUDHIANA","region_name":"Ludhiana","state_id":"IN-PB","state_name":"Punjab"}},{"arcs":[[-656,-716,-1544,-1540,1585]],"type":"Polygon","properties":{"region_id":"IN-PB-MANSA","region_name":"Mansa","state_id":"IN-PB","state_name":"Punjab"}},{"arcs":[[-1543,-1547,-1565,-1579,-1582,-1537]],"type":"Polygon","properties":{"region_id":"IN-PB-MOGA","region_name":"Moga","state_id":"IN-PB","state_name":"Punjab"}},{"arcs":[[-714,1586,-1558,-1560,-1545,-1541]],"type":"Polygon","properties":{"region_id":"IN-PB-MUKTSAR","region_name":"Muktsar","state_id":"IN-PB","state_name":"Punjab"}},{"arcs":[[-728,-742,-1567,1587,-807]],"type":"Polygon","properties":{"region_id":"IN-PB-PATHANKOT","region_name":"Pathankot","state_id":"IN-PB","state_name":"Punjab"}},{"arcs":[[-634,-689,-680,-674,1588,-1551,1589]],"type":"Polygon","properties":{"region_id":"IN-PB-PATIALA","region_name":"Patiala","state_id":"IN-PB","state_name":"Punjab"}},{"arcs":[[-722,-765,1590,-1549,-1584,1591,-1570,-766]],"type":"Polygon","properties":{"region_id":"IN-PB-RUPNAGAR","region_name":"Rupnagar","state_id":"IN-PB","state_name":"Punjab"}},{"arcs":[[-377,-707,-635,-1590,-1550,-1591,-764,-704]],"type":"Polygon","properties":{"region_id":"IN-PB-SAHIBZADAAJITSINGHNAGAR","region_name":"Sahibzada Ajit Singh Nagar","state_id":"IN-PB","state_name":"Punjab"}},{"arcs":[[-1586,-1539,-1585,-1552,-1589,-673,-657]],"type":"Polygon","properties":{"region_id":"IN-PB-SANGRUR","region_name":"Sangrur","state_id":"IN-PB","state_name":"Punjab"}},{"arcs":[[-1571,-1592,-1583,-1577,-1581]],"type":"Polygon","properties":{"region_id":"IN-PB-SHAHIDBHAGATSINGHNAGAR","region_name":"Shahid Bhagat Singh Nagar","state_id":"IN-PB","state_name":"Punjab"}},{"arcs":[[-1533,-1580,-1562,1592]],"type":"Polygon","properties":{"region_id":"IN-PB-TARNTARAN","region_name":"Tarn Taran","state_id":"IN-PB","state_name":"Punjab"}},{"arcs":[[[1593,1594,1595]],[[1596,1597,1598,1599,1600,1601,1602]]],"type":"MultiPolygon","properties":{"region_id":"IN-RJ-AJMER","region_name":"Ajmer","state_id":"IN-RJ","state_name":"Rajasthan"}},{"arcs":[[-691,-711,-698,1603,1604,1605]],"type":"Polygon","properties":{"region_id":"IN-RJ-ALWAR","region_name":"Alwar","state_id":"IN-RJ","state_name":"Rajasthan"}},{"arcs":[[-548,-598,1606,1607,-1204,-1171]],"type":"Polygon","properties":{"region_id":"IN-RJ-BANSWARA","region_name":"Banswara","state_id":"IN-RJ","state_name":"Rajasthan"}},{"arcs":[[-1155,1608,1609,-1228,-1232]],"type":"Polygon","properties":{"region_id":"IN-RJ-BARAN","region_name":"Baran","state_id":"IN-RJ","state_name":"Rajasthan"}},{"arcs":[[-583,1610,1611,1612,1613,1614]],"type":"Polygon","properties":{"region_id":"IN-RJ-BARMER","region_name":"Barmer","state_id":"IN-RJ","state_name":"Rajasthan"}},{"arcs":[[-697,1615,1616,1617,1618,1619,-1604]],"type":"Polygon","properties":{"region_id":"IN-RJ-BHARATPUR","region_name":"Bharatpur","state_id":"IN-RJ","state_name":"Rajasthan"}},{"arcs":[[1620,1621,-1597,-1603,1622,1623,1624,-1194,1625]],"type":"Polygon","properties":{"region_id":"IN-RJ-BHILWARA","region_name":"Bhilwara","state_id":"IN-RJ","state_name":"Rajasthan"}},{"arcs":[[1626,1627,1628,1629,1630,1631,1632]],"type":"Polygon","properties":{"region_id":"IN-RJ-BIKANER","region_name":"Bikaner","state_id":"IN-RJ","state_name":"Rajasthan"}},{"arcs":[[-1624,1633,1634,1635]],"type":"Polygon","properties":{"region_id":"IN-RJ-BUNDI","region_name":"Bundi","state_id":"IN-RJ","state_name":"Rajasthan"}},{"arcs":[[[-1193,1636,1637,1638,-1621,-1626]],[[-1195,-1625,-1636,1639,-1180]]],"type":"MultiPolygon","properties":{"region_id":"IN-RJ-CHITTAURGARH","region_name":"Chittaurgarh","state_id":"IN-RJ","state_name":"Rajasthan"}},{"arcs":[[-640,1640,1641,1642,-1633,1643]],"type":"Polygon","properties":{"region_id":"IN-RJ-CHURU","region_name":"Churu","state_id":"IN-RJ","state_name":"Rajasthan"}},{"arcs":[[-1605,-1620,1644,1645,1646,1647]],"type":"Polygon","properties":{"region_id":"IN-RJ-DAUSA","region_name":"Dausa","state_id":"IN-RJ","state_name":"Rajasthan"}},{"arcs":[[-1187,1648,-1618,1649]],"type":"Polygon","properties":{"region_id":"IN-RJ-DHAULPUR","region_name":"Dhaulpur","state_id":"IN-RJ","state_name":"Rajasthan"}},{"arcs":[[-520,1650,1651,-1607,-597]],"type":"Polygon","properties":{"region_id":"IN-RJ-DUNGARPUR","region_name":"Dungarpur","state_id":"IN-RJ","state_name":"Rajasthan"}},{"arcs":[[-1555,1652,-1631,1653]],"type":"Polygon","properties":{"region_id":"IN-RJ-GANGANAGAR","region_name":"Ganganagar","state_id":"IN-RJ","state_name":"Rajasthan"}},{"arcs":[[-641,-1644,-1632,-1653,-1554,-1559,-1587,-713,-654,-665]],"type":"Polygon","properties":{"region_id":"IN-RJ-HANUMANGARH","region_name":"Hanumangarh","state_id":"IN-RJ","state_name":"Rajasthan"}},{"arcs":[[-692,-1606,-1648,1654,-1601,1655,1656]],"type":"Polygon","properties":{"region_id":"IN-RJ-JAIPUR","region_name":"Jaipur","state_id":"IN-RJ","state_name":"Rajasthan"}},{"arcs":[[-1612,1657,-1629,1658]],"type":"Polygon","properties":{"region_id":"IN-RJ-JAISALMER","region_name":"Jaisalmer","state_id":"IN-RJ","state_name":"Rajasthan"}},{"arcs":[[-524,-584,-1615,1659,1660]],"type":"Polygon","properties":{"region_id":"IN-RJ-JALOR","region_name":"Jalor","state_id":"IN-RJ","state_name":"Rajasthan"}},{"arcs":[[-1058,-1206,-1182,1661,-1609,-1154,-1201]],"type":"Polygon","properties":{"region_id":"IN-RJ-JHALAWAR","region_name":"Jhalawar","state_id":"IN-RJ","state_name":"Rajasthan"}},{"arcs":[[-639,-694,1662,-1641]],"type":"Polygon","properties":{"region_id":"IN-RJ-JHUNJHUNUN","region_name":"Jhunjhunun","state_id":"IN-RJ","state_name":"Rajasthan"}},{"arcs":[[-1613,-1659,-1628,1663,1664]],"type":"Polygon","properties":{"region_id":"IN-RJ-JODHPUR","region_name":"Jodhpur","state_id":"IN-RJ","state_name":"Rajasthan"}},{"arcs":[[-1231,1665,-1645,-1619,-1649,-1186]],"type":"Polygon","properties":{"region_id":"IN-RJ-KARAULI","region_name":"Karauli","state_id":"IN-RJ","state_name":"Rajasthan"}},{"arcs":[[-1181,-1640,-1635,1666,1667,-1229,-1610,-1662]],"type":"Polygon","properties":{"region_id":"IN-RJ-KOTA","region_name":"Kota","state_id":"IN-RJ","state_name":"Rajasthan"}},{"arcs":[[-1600,1668,-1664,-1627,-1643,1669,-1656]],"type":"Polygon","properties":{"region_id":"IN-RJ-NAGAUR","region_name":"Nagaur","state_id":"IN-RJ","state_name":"Rajasthan"}},{"arcs":[[-1660,-1614,-1665,-1669,-1599,1670,-1594,-1596,1671,1672,1673]],"type":"Polygon","properties":{"region_id":"IN-RJ-PALI","region_name":"Pali","state_id":"IN-RJ","state_name":"Rajasthan"}},{"arcs":[[-1178,-1205,-1608,-1652,1674,-1637,-1192]],"type":"Polygon","properties":{"region_id":"IN-RJ-PRATAPGARH","region_name":"Pratapgarh","state_id":"IN-RJ","state_name":"Rajasthan"}},{"arcs":[[-1595,-1671,-1598,-1622,-1639,1675,-1672]],"type":"Polygon","properties":{"region_id":"IN-RJ-RAJSAMAND","region_name":"Rajsamand","state_id":"IN-RJ","state_name":"Rajasthan"}},{"arcs":[[-1230,-1668,1676,-1646,-1666]],"type":"Polygon","properties":{"region_id":"IN-RJ-SAWAIMADHOPUR","region_name":"Sawai Madhopur","state_id":"IN-RJ","state_name":"Rajasthan"}},{"arcs":[[-693,-1657,-1670,-1642,-1663]],"type":"Polygon","properties":{"region_id":"IN-RJ-SIKAR","region_name":"Sikar","state_id":"IN-RJ","state_name":"Rajasthan"}},{"arcs":[[-525,-1661,-1674,1677,-618]],"type":"Polygon","properties":{"region_id":"IN-RJ-SIROHI","region_name":"Sirohi","state_id":"IN-RJ","state_name":"Rajasthan"}},{"arcs":[[-1602,-1655,-1647,-1677,-1667,-1634,-1623]],"type":"Polygon","properties":{"region_id":"IN-RJ-TONK","region_name":"Tonk","state_id":"IN-RJ","state_name":"Rajasthan"}},{"arcs":[[-519,-619,-1678,-1673,-1676,-1638,-1675,-1651]],"type":"Polygon","properties":{"region_id":"IN-RJ-UDAIPUR","region_name":"Udaipur","state_id":"IN-RJ","state_name":"Rajasthan"}},{"arcs":[[1678,1679,1680,1681]],"type":"Polygon","properties":{"region_id":"IN-SK-EASTSIKKIM","region_name":"East Sikkim","state_id":"IN-SK","state_name":"Sikkim"}},{"arcs":[[-1681,1682,1683,1684]],"type":"Polygon","properties":{"region_id":"IN-SK-NORTHSIKKIM","region_name":"North Sikkim","state_id":"IN-SK","state_name":"Sikkim"}},{"arcs":[[-1680,1685,1686,-1683]],"type":"Polygon","properties":{"region_id":"IN-SK-SOUTHSIKKIM","region_name":"South Sikkim","state_id":"IN-SK","state_name":"Sikkim"}},{"arcs":[[-1684,-1687,1687,1688]],"type":"Polygon","properties":{"region_id":"IN-SK-WESTSIKKIM","region_name":"West Sikkim","state_id":"IN-SK","state_name":"Sikkim"}},{"arcs":[[1689,1690,1691,1692,1693]],"type":"Polygon","properties":{"region_id":"IN-TN-ARIYALUR","region_name":"Ariyalur","state_id":"IN-TN","state_name":"Tamil Nadu"}},{"arcs":[[1694,1695,1696,1697]],"type":"Polygon","properties":{"region_id":"IN-TN-CHENNAI","region_name":"Chennai","state_id":"IN-TN","state_name":"Tamil Nadu"}},{"arcs":[[-1014,-1052,-1045,1698,1699,1700]],"type":"Polygon","properties":{"region_id":"IN-TN-COIMBATORE","region_name":"Coimbatore","state_id":"IN-TN","state_name":"Tamil Nadu"}},{"arcs":[[-1527,1701,1702,1703,-1693,1704,1705]],"type":"Polygon","properties":{"region_id":"IN-TN-CUDDALORE","region_name":"Cuddalore","state_id":"IN-TN","state_name":"Tamil Nadu"}},{"arcs":[[-942,1706,1707,1708,1709]],"type":"Polygon","properties":{"region_id":"IN-TN-DHARMAPURI","region_name":"Dharmapuri","state_id":"IN-TN","state_name":"Tamil Nadu"}},{"arcs":[[-1016,1710,1711,1712,1713,1714]],"type":"Polygon","properties":{"region_id":"IN-TN-DINDIGUL","region_name":"Dindigul","state_id":"IN-TN","state_name":"Tamil Nadu"}},{"arcs":[[-935,-943,1715,1716,1717,1718,-1700,1719]],"type":"Polygon","properties":{"region_id":"IN-TN-ERODE","region_name":"Erode","state_id":"IN-TN","state_name":"Tamil Nadu"}},{"arcs":[[-1695,-1698,1720,1721,1722,1723,1724]],"type":"Polygon","properties":{"region_id":"IN-TN-KANCHEEPURAM","region_name":"Kancheepuram","state_id":"IN-TN","state_name":"Tamil Nadu"}},{"arcs":[[-1049,1725,1726]],"type":"Polygon","properties":{"region_id":"IN-TN-KANNIYAKUMARI","region_name":"Kanniyakumari","state_id":"IN-TN","state_name":"Tamil Nadu"}},{"arcs":[[-1712,1727,-1718,1728,1729]],"type":"Polygon","properties":{"region_id":"IN-TN-KARUR","region_name":"Karur","state_id":"IN-TN","state_name":"Tamil Nadu"}},{"arcs":[[-36,1730,1731,-1707,-941,-992,-902,-909,-984]],"type":"Polygon","properties":{"region_id":"IN-TN-KRISHNAGIRI","region_name":"Krishnagiri","state_id":"IN-TN","state_name":"Tamil Nadu"}},{"arcs":[[-1714,1732,1733,1734,1735]],"type":"Polygon","properties":{"region_id":"IN-TN-MADURAI","region_name":"Madurai","state_id":"IN-TN","state_name":"Tamil Nadu"}},{"arcs":[[[-1522,1736,1737]],[[-1524,1738,1739,-1703,1740]]],"type":"MultiPolygon","properties":{"region_id":"IN-TN-NAGAPPATTINAM","region_name":"Nagappattinam","state_id":"IN-TN","state_name":"Tamil Nadu"}},{"arcs":[[-1717,1741,1742,-1729]],"type":"Polygon","properties":{"region_id":"IN-TN-NAMAKKAL","region_name":"Namakkal","state_id":"IN-TN","state_name":"Tamil Nadu"}},{"arcs":[[-1692,1743,1744,1745,-1705]],"type":"Polygon","properties":{"region_id":"IN-TN-PERAMBALUR","region_name":"Perambalur","state_id":"IN-TN","state_name":"Tamil Nadu"}},{"arcs":[[1746,1747,1748,1749,1750,1751]],"type":"Polygon","properties":{"region_id":"IN-TN-PUDUKKOTTAI","region_name":"Pudukkottai","state_id":"IN-TN","state_name":"Tamil Nadu"}},{"arcs":[[[1752]],[[-1751,1753,1754,1755,1756]]],"type":"MultiPolygon","properties":{"region_id":"IN-TN-RAMANATHAPURAM","region_name":"Ramanathapuram","state_id":"IN-TN","state_name":"Tamil Nadu"}},{"arcs":[[-1710,1757,-1745,1758,-1742,-1716]],"type":"Polygon","properties":{"region_id":"IN-TN-SALEM","region_name":"Salem","state_id":"IN-TN","state_name":"Tamil Nadu"}},{"arcs":[[-1734,1759,-1747,-1752,-1757,1760]],"type":"Polygon","properties":{"region_id":"IN-TN-SIVAGANGA","region_name":"Sivaganga","state_id":"IN-TN","state_name":"Tamil Nadu"}},{"arcs":[[-1690,-1694,-1704,-1740,1761,1762,-1749,1763]],"type":"Polygon","properties":{"region_id":"IN-TN-THANJAVUR","region_name":"Thanjavur","state_id":"IN-TN","state_name":"Tamil Nadu"}},{"arcs":[[-936,-1720,-1699,-1044,-1040,-1053]],"type":"Polygon","properties":{"region_id":"IN-TN-THENILGIRIS","region_name":"The Nilgiris","state_id":"IN-TN","state_name":"Tamil Nadu"}},{"arcs":[[-1017,-1715,-1736,1764]],"type":"Polygon","properties":{"region_id":"IN-TN-THENI","region_name":"Theni","state_id":"IN-TN","state_name":"Tamil Nadu"}},{"arcs":[[-34,-64,1765,-1696,-1725,1766]],"type":"Polygon","properties":{"region_id":"IN-TN-THIRUVALLUR","region_name":"Thiruvallur","state_id":"IN-TN","state_name":"Tamil Nadu"}},{"arcs":[[-1523,-1738,1767,-1762,-1739]],"type":"Polygon","properties":{"region_id":"IN-TN-THIRUVARUR","region_name":"Thiruvarur","state_id":"IN-TN","state_name":"Tamil Nadu"}},{"arcs":[[-1755,1768,1769,1770]],"type":"Polygon","properties":{"region_id":"IN-TN-THOOTHUKKUDI","region_name":"Thoothukkudi","state_id":"IN-TN","state_name":"Tamil Nadu"}},{"arcs":[[-1691,-1764,-1748,-1760,-1733,-1713,-1730,-1743,-1759,-1744]],"type":"Polygon","properties":{"region_id":"IN-TN-TIRUCHIRAPPALLI","region_name":"Tiruchirappalli","state_id":"IN-TN","state_name":"Tamil Nadu"}},{"arcs":[[-1019,1771,-1770,1772,-1726,-1048,-1030,-1047]],"type":"Polygon","properties":{"region_id":"IN-TN-TIRUNELVELI","region_name":"Tirunelveli","state_id":"IN-TN","state_name":"Tamil Nadu"}},{"arcs":[[-1015,-1701,-1719,-1728,-1711]],"type":"Polygon","properties":{"region_id":"IN-TN-TIRUPPUR","region_name":"Tiruppur","state_id":"IN-TN","state_name":"Tamil Nadu"}},{"arcs":[[-1708,-1732,1773,-1723,1774]],"type":"Polygon","properties":{"region_id":"IN-TN-TIRUVANNAMALAI","region_name":"Tiruvannamalai","state_id":"IN-TN","state_name":"Tamil Nadu"}},{"arcs":[[-35,-1767,-1724,-1774,-1731]],"type":"Polygon","properties":{"region_id":"IN-TN-VELLORE","region_name":"Vellore","state_id":"IN-TN","state_name":"Tamil Nadu"}},{"arcs":[[-1706,-1746,-1758,-1709,-1775,-1722,1775,-1528]],"type":"Polygon","properties":{"region_id":"IN-TN-VILUPPURAM","region_name":"Viluppuram","state_id":"IN-TN","state_name":"Tamil Nadu"}},{"arcs":[[-1018,-1765,-1735,-1761,-1756,-1771,-1772]],"type":"Polygon","properties":{"region_id":"IN-TN-VIRUDUNAGAR","region_name":"Virudunagar","state_id":"IN-TN","state_name":"Tamil Nadu"}},{"arcs":[[-1276,-1284,1776,1777,-1310,-1339]],"type":"Polygon","properties":{"region_id":"IN-TG-ADILABAD","region_name":"Adilabad","state_id":"IN-TG","state_name":"Telangana"}},{"arcs":[[1778]],"type":"Polygon","properties":{"region_id":"IN-TG-HYDERABAD","region_name":"Hyderabad","state_id":"IN-TG","state_name":"Telangana"}},{"arcs":[[-414,1779,1780,1781,-1777,-1283]],"type":"Polygon","properties":{"region_id":"IN-TG-KARIMNAGAR","region_name":"Karimnagar","state_id":"IN-TG","state_name":"Telangana"}},{"arcs":[[-43,-81,-53,1782,1783,-412,-478,-1516]],"type":"Polygon","properties":{"region_id":"IN-TG-KHAMMAM","region_name":"Khammam","state_id":"IN-TG","state_name":"Telangana"}},{"arcs":[[-49,-67,-58,-991,-999,-970,1784,1785]],"type":"Polygon","properties":{"region_id":"IN-TG-MAHBUBNAGAR","region_name":"Mahbubnagar","state_id":"IN-TG","state_name":"Telangana"}},{"arcs":[[-923,-929,1786,-1781,1787,1788,1789,-968]],"type":"Polygon","properties":{"region_id":"IN-TG-MEDAK","region_name":"Medak","state_id":"IN-TG","state_name":"Telangana"}},{"arcs":[[-50,-1786,1790,-1789,1791,-1783,-52]],"type":"Polygon","properties":{"region_id":"IN-TG-NALGONDA","region_name":"Nalgonda","state_id":"IN-TG","state_name":"Telangana"}},{"arcs":[[-928,-1311,-1778,-1782,-1787]],"type":"Polygon","properties":{"region_id":"IN-TG-NIZAMABAD","region_name":"Nizamabad","state_id":"IN-TG","state_name":"Telangana"}},{"arcs":[[-969,-1790,-1791,-1785],[-1779]],"type":"Polygon","properties":{"region_id":"IN-TG-RANGAREDDY","region_name":"Ranga Reddy","state_id":"IN-TG","state_name":"Telangana"}},{"arcs":[[-413,-1784,-1792,-1788,-1780]],"type":"Polygon","properties":{"region_id":"IN-TG-WARANGAL","region_name":"Warangal","state_id":"IN-TG","state_name":"Telangana"}},{"arcs":[[1792,1793,1794,1795,1796,1797]],"type":"Polygon","properties":{"region_id":"IN-TR-DHALAI","region_name":"Dhalai","state_id":"IN-TR","state_name":"Tripura"}},{"arcs":[[-1793,1798,1799,1800,1801]],"type":"Polygon","properties":{"region_id":"IN-TR-GOMATI","region_name":"Gomati","state_id":"IN-TR","state_name":"Tripura"}},{"arcs":[[-1794,-1802,1802,1803,1804]],"type":"Polygon","properties":{"region_id":"IN-TR-KHOWAI","region_name":"Khowai","state_id":"IN-TR","state_name":"Tripura"}},{"arcs":[[-227,-1411,1805,-1797,1806,1807]],"type":"Polygon","properties":{"region_id":"IN-TR-NORTHTRIPURA","region_name":"North Tripura","state_id":"IN-TR","state_name":"Tripura"}},{"arcs":[[-1801,1808,1809,1810,-1803]],"type":"Polygon","properties":{"region_id":"IN-TR-SIPAHIJALA","region_name":"Sipahijala","state_id":"IN-TR","state_name":"Tripura"}},{"arcs":[[-1800,1811,-1809]],"type":"Polygon","properties":{"region_id":"IN-TR-SOUTHTRIPURA","region_name":"South Tripura","state_id":"IN-TR","state_name":"Tripura"}},{"arcs":[[-1796,1812,-1807]],"type":"Polygon","properties":{"region_id":"IN-TR-UNOKOTI","region_name":"Unokoti","state_id":"IN-TR","state_name":"Tripura"}},{"arcs":[[-1804,-1811,1813]],"type":"Polygon","properties":{"region_id":"IN-TR-WESTTRIPURA","region_name":"West Tripura","state_id":"IN-TR","state_name":"Tripura"}},{"arcs":[[-1095,-1188,-1650,-1617,1814,1815,1816,1817,1818]],"type":"Polygon","properties":{"region_id":"IN-UP-AGRA","region_name":"Agra","state_id":"IN-UP","state_name":"Uttar Pradesh"}},{"arcs":[[-702,1819,1820,1821,1822,1823,1824,1825]],"type":"Polygon","properties":{"region_id":"IN-UP-ALIGARH","region_name":"Aligarh","state_id":"IN-UP","state_name":"Uttar Pradesh"}},{"arcs":[[-1211,1826,1827,1828,1829,1830,1831]],"type":"Polygon","properties":{"region_id":"IN-UP-ALLAHABAD","region_name":"Allahabad","state_id":"IN-UP","state_name":"Uttar Pradesh"}},{"arcs":[[1832,1833,1834,1835,1836,1837,1838]],"type":"Polygon","properties":{"region_id":"IN-UP-AMBEDKARNAGAR","region_name":"Ambedkar Nagar","state_id":"IN-UP","state_name":"Uttar Pradesh"}},{"arcs":[[1839,1840,1841,1842,1843,1844]],"type":"Polygon","properties":{"region_id":"IN-UP-AMETHI","region_name":"Amethi","state_id":"IN-UP","state_name":"Uttar Pradesh"}},{"arcs":[[1845,1846,1847,1848,1849,1850,1851]],"type":"Polygon","properties":{"region_id":"IN-UP-AMROHA","region_name":"Amroha","state_id":"IN-UP","state_name":"Uttar Pradesh"}},{"arcs":[[-1097,1852,1853,1854,1855]],"type":"Polygon","properties":{"region_id":"IN-UP-AURAIYA","region_name":"Auraiya","state_id":"IN-UP","state_name":"Uttar Pradesh"}},{"arcs":[[-1833,-1839,1856,1857,1858,1859,1860]],"type":"Polygon","properties":{"region_id":"IN-UP-AZAMGARH","region_name":"Azamgarh","state_id":"IN-UP","state_name":"Uttar Pradesh"}},{"arcs":[[-709,1861,1862,1863,1864,-1437,-717]],"type":"Polygon","properties":{"region_id":"IN-UP-BAGHPAT","region_name":"Baghpat","state_id":"IN-UP","state_name":"Uttar Pradesh"}},{"arcs":[[[1865,1866,1867,1868,1869,1870,1871]],[[1872,1873,1874]]],"type":"MultiPolygon","properties":{"region_id":"IN-UP-BAHRAICH","region_name":"Bahraich","state_id":"IN-UP","state_name":"Uttar Pradesh"}},{"arcs":[[-276,-282,1875,1876,1877,-373,-367]],"type":"Polygon","properties":{"region_id":"IN-UP-BALLIA","region_name":"Ballia","state_id":"IN-UP","state_name":"Uttar Pradesh"}},{"arcs":[[1878,1879,1880,1881]],"type":"Polygon","properties":{"region_id":"IN-UP-BALRAMPUR","region_name":"Balrampur","state_id":"IN-UP","state_name":"Uttar Pradesh"}},{"arcs":[[-1117,1882,1883,1884,1885,-1217,-1196]],"type":"Polygon","properties":{"region_id":"IN-UP-BANDA","region_name":"Banda","state_id":"IN-UP","state_name":"Uttar Pradesh"}},{"arcs":[[-1842,1886,1887,1888,-1868,1889,1890]],"type":"Polygon","properties":{"region_id":"IN-UP-BARABANKI","region_name":"Barabanki","state_id":"IN-UP","state_name":"Uttar Pradesh"}},{"arcs":[[1891,1892,1893,1894,1895,1896]],"type":"Polygon","properties":{"region_id":"IN-UP-BAREILLY","region_name":"Bareilly","state_id":"IN-UP","state_name":"Uttar Pradesh"}},{"arcs":[[1897,1898,1899,1900,-1836,1901]],"type":"Polygon","properties":{"region_id":"IN-UP-BASTI","region_name":"Basti","state_id":"IN-UP","state_name":"Uttar Pradesh"}},{"arcs":[[-1849,1902,1903,1904,1905,1906,1907,1908]],"type":"Polygon","properties":{"region_id":"IN-UP-BIJNOR","region_name":"Bijnor","state_id":"IN-UP","state_name":"Uttar Pradesh"}},{"arcs":[[-1823,1909,1910,-1894,1911,1912,1913]],"type":"Polygon","properties":{"region_id":"IN-UP-BUDAUN","region_name":"Budaun","state_id":"IN-UP","state_name":"Uttar Pradesh"}},{"arcs":[[-1821,1914,1915,-1846,-1852,1916]],"type":"Polygon","properties":{"region_id":"IN-UP-BULANDSHAHR","region_name":"Bulandshahr","state_id":"IN-UP","state_name":"Uttar Pradesh"}},{"arcs":[[-312,1917,1918,1919,1920]],"type":"Polygon","properties":{"region_id":"IN-UP-CHANDAULI","region_name":"Chandauli","state_id":"IN-UP","state_name":"Uttar Pradesh"}},{"arcs":[[-1210,-1218,-1886,1921,1922,-1827]],"type":"Polygon","properties":{"region_id":"IN-UP-CHITRAKOOT","region_name":"Chitrakoot","state_id":"IN-UP","state_name":"Uttar Pradesh"}},{"arcs":[[-374,-1878,1923,1924,1925,-298,-372]],"type":"Polygon","properties":{"region_id":"IN-UP-DEORIA","region_name":"Deoria","state_id":"IN-UP","state_name":"Uttar Pradesh"}},{"arcs":[[1926,1927,1928,1929,1930,1931]],"type":"Polygon","properties":{"region_id":"IN-UP-ETAH","region_name":"Etah","state_id":"IN-UP","state_name":"Uttar Pradesh"}},{"arcs":[[-1096,-1819,1932,1933,1934,-1853]],"type":"Polygon","properties":{"region_id":"IN-UP-ETAWAH","region_name":"Etawah","state_id":"IN-UP","state_name":"Uttar Pradesh"}},{"arcs":[[-1835,1935,-1843,-1891,1936,-1898,-1902]],"type":"Polygon","properties":{"region_id":"IN-UP-FAIZABAD","region_name":"Faizabad","state_id":"IN-UP","state_name":"Uttar Pradesh"}},{"arcs":[[-1913,1937,1938,1939,1940,-1930,1941]],"type":"Polygon","properties":{"region_id":"IN-UP-FARRUKHABAD","region_name":"Farrukhabad","state_id":"IN-UP","state_name":"Uttar Pradesh"}},{"arcs":[[-1885,1942,1943,1944,1945,1946,-1922]],"type":"Polygon","properties":{"region_id":"IN-UP-FATEHPUR","region_name":"Fatehpur","state_id":"IN-UP","state_name":"Uttar Pradesh"}},{"arcs":[[-1818,1947,1948,-1927,-1932,1949,-1933]],"type":"Polygon","properties":{"region_id":"IN-UP-FIROZABAD","region_name":"Firozabad","state_id":"IN-UP","state_name":"Uttar Pradesh"}},{"arcs":[[-652,-1439,1950,1951,-1915,-1820,-701]],"type":"Polygon","properties":{"region_id":"IN-UP-GAUTAMBUDDHANAGAR","region_name":"Gautam Buddha Nagar","state_id":"IN-UP","state_name":"Uttar Pradesh"}},{"arcs":[[-1438,-1865,1952,1953,-1951]],"type":"Polygon","properties":{"region_id":"IN-UP-GHAZIABAD","region_name":"Ghaziabad","state_id":"IN-UP","state_name":"Uttar Pradesh"}},{"arcs":[[-281,-313,-1921,1954,1955,-1859,1956,-1876]],"type":"Polygon","properties":{"region_id":"IN-UP-GHAZIPUR","region_name":"Ghazipur","state_id":"IN-UP","state_name":"Uttar Pradesh"}},{"arcs":[[-1867,1957,-1880,1958,-1899,-1937,-1890]],"type":"Polygon","properties":{"region_id":"IN-UP-GONDA","region_name":"Gonda","state_id":"IN-UP","state_name":"Uttar Pradesh"}},{"arcs":[[-1838,1959,1960,1961,-1925,1962,-1857]],"type":"Polygon","properties":{"region_id":"IN-UP-GORAKHPUR","region_name":"Gorakhpur","state_id":"IN-UP","state_name":"Uttar Pradesh"}},{"arcs":[[-1884,1963,1964,1965,1966,1967,-1943]],"type":"Polygon","properties":{"region_id":"IN-UP-HAMIRPUR","region_name":"Hamirpur","state_id":"IN-UP","state_name":"Uttar Pradesh"}},{"arcs":[[-1847,-1916,-1952,-1954,1968]],"type":"Polygon","properties":{"region_id":"IN-UP-HAPUR","region_name":"Hapur","state_id":"IN-UP","state_name":"Uttar Pradesh"}},{"arcs":[[1969,1970,1971,1972,1973,1974,1975,-1939,1976]],"type":"Polygon","properties":{"region_id":"IN-UP-HARDOI","region_name":"Hardoi","state_id":"IN-UP","state_name":"Uttar Pradesh"}},{"arcs":[[-1825,1977,-1928,-1949,1978,-1816,1979]],"type":"Polygon","properties":{"region_id":"IN-UP-HATHRAS","region_name":"Hathras","state_id":"IN-UP","state_name":"Uttar Pradesh"}},{"arcs":[[-1098,-1856,1980,-1966,1981,-1090]],"type":"Polygon","properties":{"region_id":"IN-UP-JALAUN","region_name":"Jalaun","state_id":"IN-UP","state_name":"Uttar Pradesh"}},{"arcs":[[-1830,1982,1983,-1860,-1956,1984,1985]],"type":"Polygon","properties":{"region_id":"IN-UP-JAUNPUR","region_name":"Jaunpur","state_id":"IN-UP","state_name":"Uttar Pradesh"}},{"arcs":[[-1982,-1965,1986,-1115,-1239,1987,-1233,-1129,-1091]],"type":"Polygon","properties":{"region_id":"IN-UP-JHANSI","region_name":"Jhansi","state_id":"IN-UP","state_name":"Uttar Pradesh"}},{"arcs":[[-1854,-1935,1988,-1940,-1976,1989,1990]],"type":"Polygon","properties":{"region_id":"IN-UP-KANNAUJ","region_name":"Kannauj","state_id":"IN-UP","state_name":"Uttar Pradesh"}},{"arcs":[[-1855,-1991,1991,-1967,-1981]],"type":"Polygon","properties":{"region_id":"IN-UP-KANPURDEHAT","region_name":"Kanpur Dehat","state_id":"IN-UP","state_name":"Uttar Pradesh"}},{"arcs":[[-1944,-1968,-1992,-1990,-1975,1992]],"type":"Polygon","properties":{"region_id":"IN-UP-KANPURNAGAR","region_name":"Kanpur Nagar","state_id":"IN-UP","state_name":"Uttar Pradesh"}},{"arcs":[[-1824,-1914,-1942,-1929,-1978]],"type":"Polygon","properties":{"region_id":"IN-UP-KASGANJ","region_name":"Kasganj","state_id":"IN-UP","state_name":"Uttar Pradesh"}},{"arcs":[[-1828,-1923,-1947,1993]],"type":"Polygon","properties":{"region_id":"IN-UP-KAUSHAMBI","region_name":"Kaushambi","state_id":"IN-UP","state_name":"Uttar Pradesh"}},{"arcs":[[-350,-299,-1926,-1962,1994]],"type":"Polygon","properties":{"region_id":"IN-UP-KUSHINAGAR","region_name":"Kushinagar","state_id":"IN-UP","state_name":"Uttar Pradesh"}},{"arcs":[[-1870,1995,-1971,1996,1997,1998]],"type":"Polygon","properties":{"region_id":"IN-UP-LAKHIMPURKHERI","region_name":"Lakhimpur Kheri","state_id":"IN-UP","state_name":"Uttar Pradesh"}},{"arcs":[[-1070,-1234,-1988,-1238,-1113,-1215]],"type":"Polygon","properties":{"region_id":"IN-UP-LALITPUR","region_name":"Lalitpur","state_id":"IN-UP","state_name":"Uttar Pradesh"}},{"arcs":[[-1888,1999,2000,-1973,2001]],"type":"Polygon","properties":{"region_id":"IN-UP-LUCKNOW","region_name":"Lucknow","state_id":"IN-UP","state_name":"Uttar Pradesh"}},{"arcs":[[-351,-1995,-1961,2002,2003,2004]],"type":"Polygon","properties":{"region_id":"IN-UP-MAHARAJGANJ","region_name":"Maharajganj","state_id":"IN-UP","state_name":"Uttar Pradesh"}},{"arcs":[[-1116,-1987,-1964,-1883]],"type":"Polygon","properties":{"region_id":"IN-UP-MAHOBA","region_name":"Mahoba","state_id":"IN-UP","state_name":"Uttar Pradesh"}},{"arcs":[[-1941,-1989,-1934,-1950,-1931]],"type":"Polygon","properties":{"region_id":"IN-UP-MAINPURI","region_name":"Mainpuri","state_id":"IN-UP","state_name":"Uttar Pradesh"}},{"arcs":[[[-1948,-1817,-1979]],[[-696,-703,-1826,-1980,-1815,-1616]]],"type":"MultiPolygon","properties":{"region_id":"IN-UP-MATHURA","region_name":"Mathura","state_id":"IN-UP","state_name":"Uttar Pradesh"}},{"arcs":[[-1858,-1963,-1924,-1877,-1957]],"type":"Polygon","properties":{"region_id":"IN-UP-MAU","region_name":"Mau","state_id":"IN-UP","state_name":"Uttar Pradesh"}},{"arcs":[[-1969,-1953,-1864,2005,-1903,-1848]],"type":"Polygon","properties":{"region_id":"IN-UP-MEERUT","region_name":"Meerut","state_id":"IN-UP","state_name":"Uttar Pradesh"}},{"arcs":[[-1212,-1832,2006,2007,-1919,2008,-1236]],"type":"Polygon","properties":{"region_id":"IN-UP-MIRZAPUR","region_name":"Mirzapur","state_id":"IN-UP","state_name":"Uttar Pradesh"}},{"arcs":[[-1850,-1909,2009,2010,2011]],"type":"Polygon","properties":{"region_id":"IN-UP-MORADABAD","region_name":"Moradabad","state_id":"IN-UP","state_name":"Uttar Pradesh"}},{"arcs":[[-1863,2012,2013,2014,-1904,-2006]],"type":"Polygon","properties":{"region_id":"IN-UP-MUZAFFARNAGAR","region_name":"Muzaffarnagar","state_id":"IN-UP","state_name":"Uttar Pradesh"}},{"arcs":[[-1892,-1897,2015,2016,-1998,2017]],"type":"Polygon","properties":{"region_id":"IN-UP-PILIBHIT","region_name":"Pilibhit","state_id":"IN-UP","state_name":"Uttar Pradesh"}},{"arcs":[[-1829,-1994,2018,-1840,-1845,2019,-1983]],"type":"Polygon","properties":{"region_id":"IN-UP-PRATAPGARH","region_name":"Pratapgarh","state_id":"IN-UP","state_name":"Uttar Pradesh"}},{"arcs":[[-1841,-2019,-1946,2020,-2000,-1887]],"type":"Polygon","properties":{"region_id":"IN-UP-RAEBARELI","region_name":"Rae Bareli","state_id":"IN-UP","state_name":"Uttar Pradesh"}},{"arcs":[[-1895,-1911,2021,-2011,2022]],"type":"Polygon","properties":{"region_id":"IN-UP-RAMPUR","region_name":"Rampur","state_id":"IN-UP","state_name":"Uttar Pradesh"}},{"arcs":[[-684,-688,-720,-763,2023,2024,-2014,2025]],"type":"Polygon","properties":{"region_id":"IN-UP-SAHARANPUR","region_name":"Saharanpur","state_id":"IN-UP","state_name":"Uttar Pradesh"}},{"arcs":[[-1822,-1917,-1851,-2012,-2022,-1910]],"type":"Polygon","properties":{"region_id":"IN-UP-SAMBHAL","region_name":"Sambhal","state_id":"IN-UP","state_name":"Uttar Pradesh"}},{"arcs":[[-1837,-1901,2026,-2003,-1960]],"type":"Polygon","properties":{"region_id":"IN-UP-SANTKABIRNAGAR","region_name":"Sant Kabir Nagar","state_id":"IN-UP","state_name":"Uttar Pradesh"}},{"arcs":[[-1831,-1986,2027,-2007]],"type":"Polygon","properties":{"region_id":"IN-UP-SANTRAVIDASNAGAR","region_name":"Sant Ravi Das Nagar","state_id":"IN-UP","state_name":"Uttar Pradesh"}},{"arcs":[[-1893,-2018,-1997,-1970,-1977,-1938,-1912]],"type":"Polygon","properties":{"region_id":"IN-UP-SHAHJAHANPUR","region_name":"Shahjahanpur","state_id":"IN-UP","state_name":"Uttar Pradesh"}},{"arcs":[[-685,-2026,-2013,-1862,-708]],"type":"Polygon","properties":{"region_id":"IN-UP-SHAMLI","region_name":"Shamli","state_id":"IN-UP","state_name":"Uttar Pradesh"}},{"arcs":[[-1866,-1872,2028,-1873,-1875,2029,-1881,-1958]],"type":"Polygon","properties":{"region_id":"IN-UP-SHRAVASTI","region_name":"Shravasti","state_id":"IN-UP","state_name":"Uttar Pradesh"}},{"arcs":[[-1879,2030,-2004,-2027,-1900,-1959]],"type":"Polygon","properties":{"region_id":"IN-UP-SIDDHARTHNAGAR","region_name":"Siddharth Nagar","state_id":"IN-UP","state_name":"Uttar Pradesh"}},{"arcs":[[-1869,-1889,-2002,-1972,-1996]],"type":"Polygon","properties":{"region_id":"IN-UP-SITAPUR","region_name":"Sitapur","state_id":"IN-UP","state_name":"Uttar Pradesh"}},{"arcs":[[-311,-363,-852,-391,-1237,-2009,-1918]],"type":"Polygon","properties":{"region_id":"IN-UP-SONBHADRA","region_name":"Sonbhadra","state_id":"IN-UP","state_name":"Uttar Pradesh"}},{"arcs":[[-1861,-1984,-2020,-1844,-1936,-1834]],"type":"Polygon","properties":{"region_id":"IN-UP-SULTANPUR","region_name":"Sultanpur","state_id":"IN-UP","state_name":"Uttar Pradesh"}},{"arcs":[[-1945,-1993,-1974,-2001,-2021]],"type":"Polygon","properties":{"region_id":"IN-UP-UNNAO","region_name":"Unnao","state_id":"IN-UP","state_name":"Uttar Pradesh"}},{"arcs":[[-1920,-2008,-2028,-1985,-1955]],"type":"Polygon","properties":{"region_id":"IN-UP-VARANASI","region_name":"Varanasi","state_id":"IN-UP","state_name":"Uttar Pradesh"}},{"arcs":[[2031,2032,2033,2034,2035,2036,2037]],"type":"Polygon","properties":{"region_id":"IN-UT-ALMORA","region_name":"Almora","state_id":"IN-UT","state_name":"Uttarakhand"}},{"arcs":[[-2032,-2038,2038,2039]],"type":"Polygon","properties":{"region_id":"IN-UT-BAGESHWAR","region_name":"Bageshwar","state_id":"IN-UT","state_name":"Uttarakhand"}},{"arcs":[[-2037,2040,2041,2042,2043,2044,-2039]],"type":"Polygon","properties":{"region_id":"IN-UT-CHAMOLI","region_name":"Chamoli","state_id":"IN-UT","state_name":"Uttarakhand"}},{"arcs":[[-2034,2045,2046,2047,2048]],"type":"Polygon","properties":{"region_id":"IN-UT-CHAMPAWAT","region_name":"Champawat","state_id":"IN-UT","state_name":"Uttarakhand"}},{"arcs":[[-758,2049,2050,2051,2052,-2024,-762]],"type":"Polygon","properties":{"region_id":"IN-UT-DEHRADUN","region_name":"Dehradun","state_id":"IN-UT","state_name":"Uttarakhand"}},{"arcs":[[-1906,2053,-2052,2054,2055,-2041,-2036,2056]],"type":"Polygon","properties":{"region_id":"IN-UT-GARHWAL","region_name":"Garhwal","state_id":"IN-UT","state_name":"Uttarakhand"}},{"arcs":[[-1905,-2015,-2025,-2053,-2054]],"type":"Polygon","properties":{"region_id":"IN-UT-HARDWAR","region_name":"Hardwar","state_id":"IN-UT","state_name":"Uttarakhand"}},{"arcs":[[-1907,-2057,-2035,-2049,2057]],"type":"Polygon","properties":{"region_id":"IN-UT-NAINITAL","region_name":"Nainital","state_id":"IN-UT","state_name":"Uttarakhand"}},{"arcs":[[-2033,-2040,-2045,2058,-2046]],"type":"Polygon","properties":{"region_id":"IN-UT-PITHORAGARH","region_name":"Pithoragarh","state_id":"IN-UT","state_name":"Uttarakhand"}},{"arcs":[[-2042,-2056,2059,2060]],"type":"Polygon","properties":{"region_id":"IN-UT-RUDRAPRAYAG","region_name":"Rudraprayag","state_id":"IN-UT","state_name":"Uttarakhand"}},{"arcs":[[2061,-2060,-2055,-2051,2062]],"type":"Polygon","properties":{"region_id":"IN-UT-TEHRIGARHWAL","region_name":"Tehri Garhwal","state_id":"IN-UT","state_name":"Uttarakhand"}},{"arcs":[[-1896,-2023,-2010,-1908,-2058,-2048,2063,-2016]],"type":"Polygon","properties":{"region_id":"IN-UT-UDHAMSINGHNAGAR","region_name":"Udham Singh Nagar","state_id":"IN-UT","state_name":"Uttarakhand"}},{"arcs":[[-743,2064,-2043,-2061,-2062,-2063,-2050,-757]],"type":"Polygon","properties":{"region_id":"IN-UT-UTTARKASHI","region_name":"Uttarkashi","state_id":"IN-UT","state_name":"Uttarakhand"}},{"arcs":[[-230,2065,2066,2067]],"type":"Polygon","properties":{"region_id":"IN-WB-ALIPURDUAR","region_name":"Alipurduar","state_id":"IN-WB","state_name":"West Bengal"}},{"arcs":[[2068,2069,2070,2071,2072]],"type":"Polygon","properties":{"region_id":"IN-WB-BANKURA","region_name":"Bankura","state_id":"IN-WB","state_name":"West Bengal"}},{"arcs":[[-844,-867,2073,2074,2075,2076,-2069,-2073,2077]],"type":"Polygon","properties":{"region_id":"IN-WB-BARDDHAMAN","region_name":"Barddhaman","state_id":"IN-WB","state_name":"West Bengal"}},{"arcs":[[-848,-878,2078,-2074,-866]],"type":"Polygon","properties":{"region_id":"IN-WB-BIRBHUM","region_name":"Birbhum","state_id":"IN-WB","state_name":"West Bengal"}},{"arcs":[[2079,2080,2081]],"type":"Polygon","properties":{"region_id":"IN-WB-DAKSHINDINAJPUR","region_name":"Dakshin Dinajpur","state_id":"IN-WB","state_name":"West Bengal"}},{"arcs":[[-323,2082,-1688,-1686,-1679,2083,2084,2085,2086]],"type":"Polygon","properties":{"region_id":"IN-WB-DARJILING","region_name":"Darjiling","state_id":"IN-WB","state_name":"West Bengal"}},{"arcs":[[2087,2088,2089,2090,2091,2092,2093,2094]],"type":"Polygon","properties":{"region_id":"IN-WB-HAORA","region_name":"Haora","state_id":"IN-WB","state_name":"West Bengal"}},{"arcs":[[-2070,-2077,2095,2096,-2092,2097]],"type":"Polygon","properties":{"region_id":"IN-WB-HUGLI","region_name":"Hugli","state_id":"IN-WB","state_name":"West Bengal"}},{"arcs":[[-2067,2098,2099,-2085,2100]],"type":"Polygon","properties":{"region_id":"IN-WB-JALPAIGURI","region_name":"Jalpaiguri","state_id":"IN-WB","state_name":"West Bengal"}},{"arcs":[[-181,2101,-2099,-2066,-229]],"type":"Polygon","properties":{"region_id":"IN-WB-KOCHBIHAR","region_name":"Koch Bihar","state_id":"IN-WB","state_name":"West Bengal"}},{"arcs":[[-2094,2102,2103]],"type":"Polygon","properties":{"region_id":"IN-WB-KOLKATA","region_name":"Kolkata","state_id":"IN-WB","state_name":"West Bengal"}},{"arcs":[[-316,2104,-2080,2105,2106,-892]],"type":"Polygon","properties":{"region_id":"IN-WB-MALDAH","region_name":"Maldah","state_id":"IN-WB","state_name":"West Bengal"}},{"arcs":[[-877,-893,-2107,2107,2108,-2075,-2079]],"type":"Polygon","properties":{"region_id":"IN-WB-MURSHIDABAD","region_name":"Murshidabad","state_id":"IN-WB","state_name":"West Bengal"}},{"arcs":[[2109,-2096,-2076,-2109,2110,2111]],"type":"Polygon","properties":{"region_id":"IN-WB-NADIA","region_name":"Nadia","state_id":"IN-WB","state_name":"West Bengal"}},{"arcs":[[[2112]],[[2113]],[[2114]],[[2115]],[[2116]],[[2117]],[[2118]],[[2119]],[[2120]],[[2121]],[[2122]],[[2123]],[[2124]],[[2125]],[[2126]],[[2127]],[[2128]],[[2129]],[[2130]],[[2131]],[[2132]],[[2133]],[[2134]],[[2135]],[[2136]],[[2137]],[[2138]],[[2139]],[[2140]],[[-2097,-2110,-2112,2141,2142,-2103,-2093]],[[2143]],[[2144]],[[2145]],[[2146]],[[2147]]],"type":"MultiPolygon","properties":{"region_id":"IN-WB-NORTH24PARGANAS","region_name":"North 24 Parganas","state_id":"IN-WB","state_name":"West Bengal"}},{"arcs":[[-887,2148,-2071,-2098,-2091,2149,-1457,-1517]],"type":"Polygon","properties":{"region_id":"IN-WB-PASHCHIMMEDINIPUR","region_name":"Pashchim Medinipur","state_id":"IN-WB","state_name":"West Bengal"}},{"arcs":[[[-1458,-2150,-2090,2150]],[[2151]]],"type":"MultiPolygon","properties":{"region_id":"IN-WB-PURBAMEDINIPUR","region_name":"Purba Medinipur","state_id":"IN-WB","state_name":"West Bengal"}},{"arcs":[[-831,-845,-2078,-2072,-2149,-886,-894,-890,-888]],"type":"Polygon","properties":{"region_id":"IN-WB-PURULIYA","region_name":"Puruliya","state_id":"IN-WB","state_name":"West Bengal"}},{"arcs":[[[2152]],[[2153]],[[2154]],[[2155]],[[2156]],[[2157]],[[2158]],[[2159]],[[2160]],[[2161]],[[2162]],[[2163]],[[2164]],[[2165]],[[2166]],[[2167]],[[2168]],[[-2088,-2095,-2104,-2143,2169]],[[2170]],[[2171]],[[2172]]],"type":"MultiPolygon","properties":{"region_id":"IN-WB-SOUTH24PARGANAS","region_name":"South 24 Parganas","state_id":"IN-WB","state_name":"West Bengal"}},{"arcs":[[-315,-360,-324,-2087,2173,-2081,-2105]],"type":"Polygon","properties":{"region_id":"IN-WB-UTTARDINAJPUR","region_name":"Uttar Dinajpur","state_id":"IN-WB","state_name":"West Bengal"}}]}}}